19-APR-2026,22.485002571657,15107,0420-014,0.62217611074448,86100,AP-N901-F303,0,0,0,0
19-APR-2026,22.485002571657,15107,0420-014,0.62217611074448,86100,AP-N902-F303,0,0,0,0
19-APR-2026,22.510975029429,15111,0420-014,0.61613810062408,86100,AP-N901-F303,0,0,0,0
19-APR-2026,22.510975029429,15111,0420-014,0.61613810062408,86100,AP-N902-F303,0,0,0,0
19-APR-2026,22.519863998022,15111,0420-014,0.61407005786896,86100,AP-N901-F303,0,0,0,0
19-APR-2026,22.519863998022,15111,0420-014,0.61407005786896,86100,AP-N902-F303,0,0,0,0
19-APR-2026,22.528891859464,15111,0420-014,0.61196893453598,86100,AP-N901-F303,0,0,0,0
19-APR-2026,22.528891859464,15111,0420-014,0.61196893453598,86100,AP-N902-F303,0,0,0,0
19-APR-2026,22.537919720557,15111,0420-014,0.60986703634262,86100,AP-N901-F303,0,0,0,0
19-APR-2026,22.537919720557,15111,0420-014,0.60986703634262,86100,AP-N902-F303,0,0,0,0
19-APR-2026,22.54694757903,15111,0420-014,0.60776442289352,86100,AP-N901-F303,0,0,0,0
19-APR-2026,22.54694757903,15111,0420-014,0.60776442289352,86100,AP-N902-F303,0,0,0,0
19-APR-2026,22.555975438726,15111,0420-014,0.6056609749794,86100,AP-N901-F303,0,0,0,0
19-APR-2026,22.555975438726,15111,0420-014,0.6056609749794,86100,AP-N902-F303,0,0,0,0
19-APR-2026,22.643754020628,15118,0521+166,0.60721868276596,86100,AP-N901-F303,0.071203418076038,0.071203418076038,96.668449401855,270.45001220703
19-APR-2026,22.643754020628,15118,0521+166,0.60721868276596,86100,AP-N902-F303,0.068937867879868,0.068937867879868,93.395866394043,270.45001220703
19-APR-2026,22.652642990617,15118,0521+166,0.6056312918663,86100,AP-N901-F303,0.071203418076038,0.071203418076038,96.668449401855,270.45001220703
19-APR-2026,22.652642990617,15118,0521+166,0.6056312918663,86100,AP-N902-F303,0.068937867879868,0.068937867879868,93.395866394043,270.45001220703
19-APR-2026,22.661531960258,15118,0521+166,0.60404115915298,86100,AP-N901-F303,0.071203418076038,0.071203418076038,96.668449401855,270.45001220703
19-APR-2026,22.661531960258,15118,0521+166,0.60404115915298,86100,AP-N902-F303,0.068937867879868,0.068937867879868,93.395866394043,270.45001220703
19-APR-2026,22.670420930422,15118,0521+166,0.60244828462601,86100,AP-N901-F303,0.071203418076038,0.071203418076038,96.668449401855,270.45001220703
19-APR-2026,22.670420930422,15118,0521+166,0.60244828462601,86100,AP-N902-F303,0.068937867879868,0.068937867879868,93.395866394043,270.45001220703
19-APR-2026,22.679865458886,15118,0521+166,0.60075277090073,86100,AP-N901-F303,0.071203418076038,0.071203418076038,96.668449401855,270.45001220703
19-APR-2026,22.679865458886,15118,0521+166,0.60075277090073,86100,AP-N902-F303,0.068937867879868,0.068937867879868,93.395866394043,270.45001220703
19-APR-2026,22.688754431146,15118,0521+166,0.5991542339325,86100,AP-N901-F303,0.071203418076038,0.071203418076038,96.668449401855,270.45001220703
19-APR-2026,22.688754431146,15118,0521+166,0.5991542339325,86100,AP-N902-F303,0.068937867879868,0.068937867879868,93.395866394043,270.45001220703
19-APR-2026,22.827505703621,15123,0521+166,0.57385975122452,86100,AP-N901-F303,0.070474341511726,0.070474341511726,98.312194824219,270.35000610352
19-APR-2026,22.827505703621,15123,0521+166,0.57385975122452,86100,AP-N902-F303,0.068587981164455,0.068587981164455,94.901702880859,270.35000610352
19-APR-2026,22.842922504631,15127,0521+166,0.57101058959961,86100,AP-N901-F303,0.070474341511726,0.070474341511726,98.312194824219,270.35000610352
19-APR-2026,22.842922504631,15127,0521+166,0.57101058959961,86100,AP-N902-F303,0.068587981164455,0.068587981164455,94.901702880859,270.35000610352
19-APR-2026,22.852089258049,15127,0521+166,0.56931281089783,86100,AP-N901-F303,0.070474341511726,0.070474341511726,98.312194824219,270.35000610352
19-APR-2026,22.852089258049,15127,0521+166,0.56931281089783,86100,AP-N902-F303,0.068587981164455,0.068587981164455,94.901702880859,270.35000610352
19-APR-2026,22.860978228911,15127,0521+166,0.56766414642334,86100,AP-N901-F303,0.070474341511726,0.070474341511726,98.312194824219,270.35000610352
19-APR-2026,22.860978228911,15127,0521+166,0.56766414642334,86100,AP-N902-F303,0.068587981164455,0.068587981164455,94.901702880859,270.35000610352
19-APR-2026,22.870006087385,15127,0521+166,0.56598716974258,86100,AP-N901-F303,0.070474341511726,0.070474341511726,98.312194824219,270.35000610352
19-APR-2026,22.870006087385,15127,0521+166,0.56598716974258,86100,AP-N902-F303,0.068587981164455,0.068587981164455,94.901702880859,270.35000610352
19-APR-2026,22.879033946731,15127,0521+166,0.56430768966675,86100,AP-N901-F303,0.070474341511726,0.070474341511726,98.312194824219,270.35000610352
19-APR-2026,22.879033946731,15127,0521+166,0.56430768966675,86100,AP-N902-F303,0.068587981164455,0.068587981164455,94.901702880859,270.35000610352
19-APR-2026,22.887922916896,15127,0521+166,0.56265157461166,86100,AP-N901-F303,0.070474341511726,0.070474341511726,98.312194824219,270.35000610352
19-APR-2026,22.887922916896,15127,0521+166,0.56265157461166,86100,AP-N902-F303,0.068587981164455,0.068587981164455,94.901702880859,270.35000610352
19-APR-2026,22.976673728834,15134,0420-014,0.50688362121582,86100,AP-N901-F303,0.064056277275085,0.064056277275085,101.17868804932,270.14999389648
19-APR-2026,22.976673728834,15134,0420-014,0.50688362121582,86100,AP-N902-F303,0.061171356588602,0.061171356588602,97.972122192383,270.14999389648
19-APR-2026,22.985701587307,15134,0420-014,0.50474935770035,86100,AP-N901-F303,0.064056277275085,0.064056277275085,101.17868804932,270.14999389648
19-APR-2026,22.985701587307,15134,0420-014,0.50474935770035,86100,AP-N902-F303,0.061171356588602,0.061171356588602,97.972122192383,270.14999389648
19-APR-2026,22.994868336709,15134,0420-014,0.50258195400238,86100,AP-N901-F303,0.064056277275085,0.064056277275085,101.17868804932,270.14999389648
19-APR-2026,22.994868336709,15134,0420-014,0.50258195400238,86100,AP-N902-F303,0.061171356588602,0.061171356588602,97.972122192383,270.14999389648
19-APR-2026,23.003757306873,15134,0420-014,0.50047969818115,86100,AP-N901-F303,0.064056277275085,0.064056277275085,101.17868804932,270.14999389648
19-APR-2026,23.003757306873,15134,0420-014,0.50047969818115,86100,AP-N902-F303,0.061171356588602,0.061171356588602,97.972122192383,270.14999389648
19-APR-2026,23.012646275815,15134,0420-014,0.49837693572044,86100,AP-N901-F303,0.064056277275085,0.064056277275085,101.17868804932,270.14999389648
19-APR-2026,23.012646275815,15134,0420-014,0.49837693572044,86100,AP-N902-F303,0.061171356588602,0.061171356588602,97.972122192383,270.14999389648
19-APR-2026,23.021535246678,15134,0420-014,0.49627363681793,86100,AP-N901-F303,0.064056277275085,0.064056277275085,101.17868804932,270.14999389648
19-APR-2026,23.021535246678,15134,0420-014,0.49627363681793,86100,AP-N902-F303,0.061171356588602,0.061171356588602,97.972122192383,270.14999389648
19-APR-2026,23.160564287738,15139,0420-014,0.46331477165222,86100,AP-N901-F303,0.066119037568569,0.066119037568569,104.70709228516,269.95001220703
19-APR-2026,23.160564287738,15139,0420-014,0.46331477165222,86100,AP-N902-F303,0.064475573599339,0.064475573599339,101.42068481445,269.95001220703
19-APR-2026,23.177092224032,15143,0420-014,0.45938915014267,86100,AP-N901-F303,0.066119037568569,0.066119037568569,104.70709228516,269.95001220703
19-APR-2026,23.177092224032,15143,0420-014,0.45938915014267,86100,AP-N902-F303,0.064475573599339,0.064475573599339,101.42068481445,269.95001220703
19-APR-2026,23.185981194371,15143,0420-014,0.45727723836899,86100,AP-N901-F303,0.066119037568569,0.066119037568569,104.70709228516,269.95001220703
19-APR-2026,23.185981194371,15143,0420-014,0.45727723836899,86100,AP-N902-F303,0.064475573599339,0.064475573599339,101.42068481445,269.95001220703
19-APR-2026,23.194870162789,15143,0420-014,0.45516484975815,86100,AP-N901-F303,0.066119037568569,0.066119037568569,104.70709228516,269.95001220703
19-APR-2026,23.194870162789,15143,0420-014,0.45516484975815,86100,AP-N902-F303,0.064475573599339,0.064475573599339,101.42068481445,269.95001220703
19-APR-2026,23.20375913208,15143,0420-014,0.45305210351944,86100,AP-N901-F303,0.066119037568569,0.066119037568569,104.70709228516,269.95001220703
19-APR-2026,23.20375913208,15143,0420-014,0.45305210351944,86100,AP-N902-F303,0.064475573599339,0.064475573599339,101.42068481445,269.95001220703
19-APR-2026,23.21264810434,15143,0420-014,0.45093894004822,86100,AP-N901-F303,0.066119037568569,0.066119037568569,104.70709228516,269.95001220703
19-APR-2026,23.21264810434,15143,0420-014,0.45093894004822,86100,AP-N902-F303,0.064475573599339,0.064475573599339,101.42068481445,269.95001220703
19-APR-2026,23.221537074155,15143,0420-014,0.44882535934448,86100,AP-N901-F303,0.066119037568569,0.066119037568569,104.70709228516,269.95001220703
19-APR-2026,23.221537074155,15143,0420-014,0.44882535934448,86100,AP-N902-F303,0.064475573599339,0.064475573599339,101.42068481445,269.95001220703
19-APR-2026,23.310148996563,15150,0521+166,0.48139810562134,86100,AP-N901-F303,0.063872762024403,0.063872762024403,102.55319213867,269.14999389648
19-APR-2026,23.310148996563,15150,0521+166,0.48139810562134,86100,AP-N902-F303,0.0614856146276,0.0614856146276,99.13890838623,269.14999389648
19-APR-2026,23.319037964806,15150,0521+166,0.47963729500771,86100,AP-N901-F303,0.063872762024403,0.063872762024403,102.55319213867,269.14999389648
19-APR-2026,23.319037964806,15150,0521+166,0.47963729500771,86100,AP-N902-F303,0.0614856146276,0.0614856146276,99.13890838623,269.14999389648
19-APR-2026,23.327926934447,15150,0521+166,0.47787460684776,86100,AP-N901-F303,0.063872762024403,0.063872762024403,102.55319213867,269.14999389648
19-APR-2026,23.327926934447,15150,0521+166,0.47787460684776,86100,AP-N902-F303,0.0614856146276,0.0614856146276,99.13890838623,269.14999389648
19-APR-2026,23.337093684721,15150,0521+166,0.47605481743813,86100,AP-N901-F303,0.063872762024403,0.063872762024403,102.55319213867,269.14999389648
19-APR-2026,23.337093684721,15150,0521+166,0.47605481743813,86100,AP-N902-F303,0.0614856146276,0.0614856146276,99.13890838623,269.14999389648
19-APR-2026,23.345982652965,15150,0521+166,0.47428819537163,86100,AP-N901-F303,0.063872762024403,0.063872762024403,102.55319213867,269.14999389648
19-APR-2026,23.345982652965,15150,0521+166,0.47428819537163,86100,AP-N902-F303,0.0614856146276,0.0614856146276,99.13890838623,269.14999389648
19-APR-2026,23.354871625399,15150,0521+166,0.47251978516579,86100,AP-N901-F303,0.063872762024403,0.063872762024403,102.55319213867,269.14999389648
19-APR-2026,23.354871625399,15150,0521+166,0.47251978516579,86100,AP-N902-F303,0.0614856146276,0.0614856146276,99.13890838623,269.14999389648
19-APR-2026,23.494178452856,15155,0521+166,0.44456672668457,86100,AP-N901-F303,0.063439704477787,0.063439704477787,103.95579528809,268.64999389648
19-APR-2026,23.494178452856,15155,0521+166,0.44456672668457,86100,AP-N902-F303,0.062217686325312,0.062217686325312,100.60282897949,268.64999389648
19-APR-2026,23.509873039738,15159,0521+166,0.4413902759552,86100,AP-N901-F303,0.063439704477787,0.063439704477787,103.95579528809,268.64999389648
19-APR-2026,23.509873039738,15159,0521+166,0.4413902759552,86100,AP-N902-F303,0.062217686325312,0.062217686325312,100.60282897949,268.64999389648
19-APR-2026,23.51876200903,15159,0521+166,0.43958860635757,86100,AP-N901-F303,0.063439704477787,0.063439704477787,103.95579528809,268.64999389648
19-APR-2026,23.51876200903,15159,0521+166,0.43958860635757,86100,AP-N902-F303,0.062217686325312,0.062217686325312,100.60282897949,268.64999389648
19-APR-2026,23.527650981464,15159,0521+166,0.43778547644615,86100,AP-N901-F303,0.063439704477787,0.063439704477787,103.95579528809,268.64999389648
19-APR-2026,23.527650981464,15159,0521+166,0.43778547644615,86100,AP-N902-F303,0.062217686325312,0.062217686325312,100.60282897949,268.64999389648
19-APR-2026,23.53653995128,15159,0521+166,0.43598058819771,86100,AP-N901-F303,0.063439704477787,0.063439704477787,103.95579528809,268.64999389648
19-APR-2026,23.53653995128,15159,0521+166,0.43598058819771,86100,AP-N902-F303,0.062217686325312,0.062217686325312,100.60282897949,268.64999389648
19-APR-2026,23.545428922492,15159,0521+166,0.43417403101921,86100,AP-N901-F303,0.063439704477787,0.063439704477787,103.95579528809,268.64999389648
19-APR-2026,23.545428922492,15159,0521+166,0.43417403101921,86100,AP-N902-F303,0.062217686325312,0.062217686325312,100.60282897949,268.64999389648
19-APR-2026,23.554317891084,15159,0521+166,0.43236580491066,86100,AP-N901-F303,0.063439704477787,0.063439704477787,103.95579528809,268.64999389648
19-APR-2026,23.554317891084,15159,0521+166,0.43236580491066,86100,AP-N902-F303,0.062217686325312,0.062217686325312,100.60282897949,268.64999389648
19-APR-2026,23.643207589411,15166,0420-014,0.34813731908798,86100,AP-N901-F303,0.059184946119785,0.059184946119785,113.19359588623,268.64999389648
19-APR-2026,23.643207589411,15166,0420-014,0.34813731908798,86100,AP-N902-F303,0.058005422353745,0.058005422353745,109.9055480957,268.64999389648
19-APR-2026,23.652096561671,15166,0420-014,0.34600698947906,86100,AP-N901-F303,0.059184946119785,0.059184946119785,113.19359588623,268.64999389648
19-APR-2026,23.652096561671,15166,0420-014,0.34600698947906,86100,AP-N902-F303,0.058005422353745,0.058005422353745,109.9055480957,268.64999389648
19-APR-2026,23.66098553201,15166,0420-014,0.34387642145157,86100,AP-N901-F303,0.059184946119785,0.059184946119785,113.19359588623,268.64999389648
19-APR-2026,23.66098553201,15166,0420-014,0.34387642145157,86100,AP-N902-F303,0.058005422353745,0.058005422353745,109.9055480957,268.64999389648
19-APR-2026,23.669874501301,15166,0420-014,0.34174558520317,86100,AP-N901-F303,0.059184946119785,0.059184946119785,113.19359588623,268.64999389648
19-APR-2026,23.669874501301,15166,0420-014,0.34174558520317,86100,AP-N902-F303,0.058005422353745,0.058005422353745,109.9055480957,268.64999389648
19-APR-2026,23.67876347164,15166,0420-014,0.33961445093155,86100,AP-N901-F303,0.059184946119785,0.059184946119785,113.19359588623,268.64999389648
19-APR-2026,23.67876347164,15166,0420-014,0.33961445093155,86100,AP-N902-F303,0.058005422353745,0.058005422353745,109.9055480957,268.64999389648
19-APR-2026,23.687652439884,15166,0420-014,0.33748304843903,86100,AP-N901-F303,0.059184946119785,0.059184946119785,113.19359588623,268.64999389648
19-APR-2026,23.687652439884,15166,0420-014,0.33748304843903,86100,AP-N902-F303,0.058005422353745,0.058005422353745,109.9055480957,268.64999389648
19-APR-2026,23.827237054086,15171,0521+166,0.37606960535049,86100,AP-N901-F303,0.059446558356285,0.059446558356285,109.48720550537,268.04998779297
19-APR-2026,23.827237054086,15171,0521+166,0.37606960535049,86100,AP-N902-F303,0.058031637221575,0.058031637221575,106.17323303223,268.04998779297
19-APR-2026,23.843209416364,15175,0521+166,0.37273076176643,86100,AP-N901-F303,0.059446558356285,0.059446558356285,109.48720550537,268.04998779297
19-APR-2026,23.843209416364,15175,0521+166,0.37273076176643,86100,AP-N902-F303,0.058031637221575,0.058031637221575,106.17323303223,268.04998779297
19-APR-2026,23.852237275711,15175,0521+166,0.3708413541317,86100,AP-N901-F303,0.059446558356285,0.059446558356285,109.48720550537,268.04998779297
19-APR-2026,23.852237275711,15175,0521+166,0.3708413541317,86100,AP-N902-F303,0.058031637221575,0.058031637221575,106.17323303223,268.04998779297
19-APR-2026,23.861265136105,15175,0521+166,0.36895060539246,86100,AP-N901-F303,0.059446558356285,0.059446558356285,109.48720550537,268.04998779297
19-APR-2026,23.861265136105,15175,0521+166,0.36895060539246,86100,AP-N902-F303,0.058031637221575,0.058031637221575,106.17323303223,268.04998779297
19-APR-2026,23.870154107317,15175,0521+166,0.36708754301071,86100,AP-N901-F303,0.059446558356285,0.059446558356285,109.48720550537,268.04998779297
19-APR-2026,23.870154107317,15175,0521+166,0.36708754301071,86100,AP-N902-F303,0.058031637221575,0.058031637221575,106.17323303223,268.04998779297
19-APR-2026,23.879043076434,15175,0521+166,0.36522307991982,86100,AP-N901-F303,0.059446558356285,0.059446558356285,109.48720550537,268.04998779297
19-APR-2026,23.879043076434,15175,0521+166,0.36522307991982,86100,AP-N902-F303,0.058031637221575,0.058031637221575,106.17323303223,268.04998779297
19-APR-2026,23.887932046598,15175,0521+166,0.36335721611977,86100,AP-N901-F303,0.059446558356285,0.059446558356285,109.48720550537,268.04998779297
19-APR-2026,23.887932046598,15175,0521+166,0.36335721611977,86100,AP-N902-F303,0.058031637221575,0.058031637221575,106.17323303223,268.04998779297
19-APR-2026,23.994460795897,15180,0420-014,0.26376974582672,86100,AP-N901-F303,0.057250764220953,0.057250764220953,128.98947143555,267.95001220703
19-APR-2026,23.994460795897,15180,0420-014,0.26376974582672,86100,AP-N902-F303,0.056700512766838,0.056700512766838,125.94478607178,267.95001220703
20-APR-2026,0.018766794124116,15184,0420-014,0.2579194009304,86100,AP-N901-F303,0.057250764220953,0.057250764220953,128.98947143555,267.95001220703
20-APR-2026,0.018766794124116,15184,0420-014,0.2579194009304,86100,AP-N902-F303,0.056700512766838,0.056700512766838,125.94478607178,267.95001220703
20-APR-2026,0.027655764288539,15184,0420-014,0.25577956438065,86100,AP-N901-F303,0.057250764220953,0.057250764220953,128.98947143555,267.95001220703
20-APR-2026,0.027655764288539,15184,0420-014,0.25577956438065,86100,AP-N902-F303,0.056700512766838,0.056700512766838,125.94478607178,267.95001220703
20-APR-2026,0.036544734802208,15184,0420-014,0.25363954901695,86100,AP-N901-F303,0.057250764220953,0.057250764220953,128.98947143555,267.95001220703
20-APR-2026,0.036544734802208,15184,0420-014,0.25363954901695,86100,AP-N902-F303,0.056700512766838,0.056700512766838,125.94478607178,267.95001220703
20-APR-2026,0.045433702871155,15184,0420-014,0.25149929523468,86100,AP-N901-F303,0.057250764220953,0.057250764220953,128.98947143555,267.95001220703
20-APR-2026,0.045433702871155,15184,0420-014,0.25149929523468,86100,AP-N902-F303,0.056700512766838,0.056700512766838,125.94478607178,267.95001220703
20-APR-2026,0.16140698098311,15189,0420-014,0.22356103360653,86100,AP-N901-F303,0.056838531047106,0.056838531047106,142.00396728516,267.35000610352
20-APR-2026,0.16140698098311,15189,0420-014,0.22356103360653,86100,AP-N902-F303,0.057064697146416,0.057064697146416,138.55499267578,267.35000610352
20-APR-2026,0.17654601096285,15193,0420-014,0.21991197764874,86100,AP-N901-F303,0.056838531047106,0.056838531047106,142.00396728516,267.35000610352
20-APR-2026,0.17654601096285,15193,0420-014,0.21991197764874,86100,AP-N902-F303,0.057064697146416,0.057064697146416,138.55499267578,267.35000610352
20-APR-2026,0.18543498234964,15193,0420-014,0.21776916086674,86100,AP-N901-F303,0.056838531047106,0.056838531047106,142.00396728516,267.35000610352
20-APR-2026,0.18543498234964,15193,0420-014,0.21776916086674,86100,AP-N902-F303,0.057064697146416,0.057064697146416,138.55499267578,267.35000610352
20-APR-2026,0.19446284204533,15193,0420-014,0.21559277176857,86100,AP-N901-F303,0.056838531047106,0.056838531047106,142.00396728516,267.35000610352
20-APR-2026,0.19446284204533,15193,0420-014,0.21559277176857,86100,AP-N902-F303,0.057064697146416,0.057064697146416,138.55499267578,267.35000610352
20-APR-2026,0.20349070104253,15193,0420-014,0.21341629326344,86100,AP-N901-F303,0.056838531047106,0.056838531047106,142.00396728516,267.35000610352
20-APR-2026,0.20349070104253,15193,0420-014,0.21341629326344,86100,AP-N902-F303,0.057064697146416,0.057064697146416,138.55499267578,267.35000610352
20-APR-2026,0.21237967138157,15193,0420-014,0.21127317845821,86100,AP-N901-F303,0.056838531047106,0.056838531047106,142.00396728516,267.35000610352
20-APR-2026,0.21237967138157,15193,0420-014,0.21127317845821,86100,AP-N902-F303,0.057064697146416,0.057064697146416,138.55499267578,267.35000610352
20-APR-2026,0.22126863962514,15193,0420-014,0.20912992954254,86100,AP-N901-F303,0.056838531047106,0.056838531047106,142.00396728516,267.35000610352
20-APR-2026,0.22126863962514,15193,0420-014,0.20912992954254,86100,AP-N902-F303,0.057064697146416,0.057064697146416,138.55499267578,267.35000610352
20-APR-2026,0.30988056168297,15200,0521+166,0.273288667202,86100,AP-N901-F303,0.059169348329306,0.059169348329306,127.99092102051,267.64999389648
20-APR-2026,0.30988056168297,15200,0521+166,0.273288667202,86100,AP-N902-F303,0.059147112071514,0.059147112071514,125.16893005371,267.64999389648
20-APR-2026,0.31890842155328,15200,0521+166,0.27133151888847,86100,AP-N901-F303,0.059169348329306,0.059169348329306,127.99092102051,267.64999389648
20-APR-2026,0.31890842155328,15200,0521+166,0.27133151888847,86100,AP-N902-F303,0.059147112071514,0.059147112071514,125.16893005371,267.64999389648
20-APR-2026,0.32793628142359,15200,0521+166,0.26937359571457,86100,AP-N901-F303,0.059169348329306,0.059169348329306,127.99092102051,267.64999389648
20-APR-2026,0.32793628142359,15200,0521+166,0.26937359571457,86100,AP-N902-F303,0.059147112071514,0.059147112071514,125.16893005371,267.64999389648
20-APR-2026,0.33682525350887,15200,0521+166,0.26744472980499,86100,AP-N901-F303,0.059169348329306,0.059169348329306,127.99092102051,267.64999389648
20-APR-2026,0.33682525350887,15200,0521+166,0.26744472980499,86100,AP-N902-F303,0.059147112071514,0.059147112071514,125.16893005371,267.64999389648
20-APR-2026,0.34599200186271,15200,0521+166,0.26545438170433,86100,AP-N901-F303,0.059169348329306,0.059169348329306,127.99092102051,267.64999389648
20-APR-2026,0.34599200186271,15200,0521+166,0.26545438170433,86100,AP-N902-F303,0.059147112071514,0.059147112071514,125.16893005371,267.64999389648
20-APR-2026,0.3548809709794,15200,0521+166,0.26352322101593,86100,AP-N901-F303,0.059169348329306,0.059169348329306,127.99092102051,267.64999389648
20-APR-2026,0.3548809709794,15200,0521+166,0.26352322101593,86100,AP-N902-F303,0.059147112071514,0.059147112071514,125.16893005371,267.64999389648
20-APR-2026,0.49446557889549,15205,0521+166,0.2330577224493,86100,AP-N901-F303,0.056292966008186,0.056292966008186,137.2624206543,267.25
20-APR-2026,0.49446557889549,15205,0521+166,0.2330577224493,86100,AP-N902-F303,0.05608568713069,0.05608568713069,134.30229187012,267.25
20-APR-2026,0.51016016560331,15209,0521+166,0.22961632907391,86100,AP-N901-F303,0.056292966008186,0.056292966008186,137.2624206543,267.25
20-APR-2026,0.51016016560331,15209,0521+166,0.22961632907391,86100,AP-N902-F303,0.05608568713069,0.05608568713069,134.30229187012,267.25
20-APR-2026,0.51904913716472,15209,0521+166,0.22766573727131,86100,AP-N901-F303,0.056292966008186,0.056292966008186,137.2624206543,267.25
20-APR-2026,0.51904913716472,15209,0521+166,0.22766573727131,86100,AP-N902-F303,0.05608568713069,0.05608568713069,134.30229187012,267.25
20-APR-2026,0.52793810820226,15209,0521+166,0.22571413218975,86100,AP-N901-F303,0.056292966008186,0.056292966008186,137.2624206543,267.25
20-APR-2026,0.52793810820226,15209,0521+166,0.22571413218975,86100,AP-N902-F303,0.05608568713069,0.05608568713069,134.30229187012,267.25
20-APR-2026,0.53682707784281,15209,0521+166,0.22376152873039,86100,AP-N901-F303,0.056292966008186,0.056292966008186,137.2624206543,267.25
20-APR-2026,0.53682707784281,15209,0521+166,0.22376152873039,86100,AP-N902-F303,0.05608568713069,0.05608568713069,134.30229187012,267.25
20-APR-2026,0.54571604800724,15209,0521+166,0.22180797159672,86100,AP-N901-F303,0.056292966008186,0.056292966008186,137.2624206543,267.25
20-APR-2026,0.54571604800724,15209,0521+166,0.22180797159672,86100,AP-N902-F303,0.05608568713069,0.05608568713069,134.30229187012,267.25
20-APR-2026,0.55460501747317,15209,0521+166,0.21985340118408,86100,AP-N901-F303,0.056292966008186,0.056292966008186,137.2624206543,267.25
20-APR-2026,0.55460501747317,15209,0521+166,0.21985340118408,86100,AP-N902-F303,0.05608568713069,0.05608568713069,134.30229187012,267.25
20-APR-2026,10.16108246297,15578,3C345,0.27785015106201,86100,AP-N901-F303,0.051865387707949,0.051865387707949,117.89920806885,268.54998779297
20-APR-2026,10.16108246297,15578,3C345,0.27785015106201,86100,AP-N902-F303,0.051600400358438,0.051600400358438,114.77841186523,268.54998779297
20-APR-2026,10.176499263631,15582,3C345,0.27584612369537,86100,AP-N901-F303,0.051865387707949,0.051865387707949,117.89920806885,268.54998779297
20-APR-2026,10.176499263631,15582,3C345,0.27584612369537,86100,AP-N902-F303,0.051600400358438,0.051600400358438,114.77841186523,268.54998779297
20-APR-2026,10.185388232049,15582,3C345,0.27468687295914,86100,AP-N901-F303,0.051865387707949,0.051865387707949,117.89920806885,268.54998779297
20-APR-2026,10.185388232049,15582,3C345,0.27468687295914,86100,AP-N902-F303,0.051600400358438,0.051600400358438,114.77841186523,268.54998779297
20-APR-2026,10.194277199768,15582,3C345,0.27352520823479,86100,AP-N901-F303,0.051865387707949,0.051865387707949,117.89920806885,268.54998779297
20-APR-2026,10.194277199768,15582,3C345,0.27352520823479,86100,AP-N902-F303,0.051600400358438,0.051600400358438,114.77841186523,268.54998779297
20-APR-2026,10.24872213264,15589,MRK501,0.29039758443832,86100,AP-N901-F303,0,0,125.83012390137,268.54998779297
20-APR-2026,10.24872213264,15589,MRK501,0.29039758443832,86100,AP-N902-F303,0,0,122.76252746582,268.54998779297
20-APR-2026,10.257611101582,15589,MRK501,0.28926947712898,86100,AP-N901-F303,0,0,125.83012390137,268.54998779297
20-APR-2026,10.257611101582,15589,MRK501,0.28926947712898,86100,AP-N902-F303,0,0,122.76252746582,268.54998779297
20-APR-2026,10.266500070524,15589,MRK501,0.28813871741295,86100,AP-N901-F303,0,0,125.83012390137,268.54998779297
20-APR-2026,10.266500070524,15589,MRK501,0.28813871741295,86100,AP-N902-F303,0,0,122.76252746582,268.54998779297
20-APR-2026,10.275389040863,15589,MRK501,0.28700533509254,86100,AP-N901-F303,0,0,125.83012390137,268.54998779297
20-APR-2026,10.275389040863,15589,MRK501,0.28700533509254,86100,AP-N902-F303,0,0,122.76252746582,268.54998779297
20-APR-2026,10.284278010154,15589,MRK501,0.28586930036545,86100,AP-N901-F303,0,0,125.83012390137,268.54998779297
20-APR-2026,10.284278010154,15589,MRK501,0.28586930036545,86100,AP-N902-F303,0,0,122.76252746582,268.54998779297
20-APR-2026,10.293444757635,15589,MRK501,0.28469502925873,86100,AP-N901-F303,0,0,125.83012390137,268.54998779297
20-APR-2026,10.293444757635,15589,MRK501,0.28469502925873,86100,AP-N902-F303,0,0,122.76252746582,268.54998779297
20-APR-2026,10.493863232227,15594,3C345,0.23291935026646,86100,AP-N901-F303,0.050601627677679,0.050601627677679,128.28973388672,268.54998779297
20-APR-2026,10.493863232227,15594,3C345,0.23291935026646,86100,AP-N902-F303,0.050590917468071,0.050590917468071,125.51332855225,268.54998779297
20-APR-2026,10.510391155599,15598,3C345,0.23059991002083,86100,AP-N901-F303,0.050601627677679,0.050601627677679,128.28973388672,268.54998779297
20-APR-2026,10.510391155599,15598,3C345,0.23059991002083,86100,AP-N902-F303,0.050590917468071,0.050590917468071,125.51332855225,268.54998779297
20-APR-2026,10.519280123842,15598,3C345,0.22934909164906,86100,AP-N901-F303,0.050601627677679,0.050601627677679,128.28973388672,268.54998779297
20-APR-2026,10.519280123842,15598,3C345,0.22934909164906,86100,AP-N902-F303,0.050590917468071,0.050590917468071,125.51332855225,268.54998779297
20-APR-2026,10.528169093308,15598,3C345,0.22809600830078,86100,AP-N901-F303,0.050601627677679,0.050601627677679,128.28973388672,268.54998779297
20-APR-2026,10.528169093308,15598,3C345,0.22809600830078,86100,AP-N902-F303,0.050590917468071,0.050590917468071,125.51332855225,268.54998779297
20-APR-2026,10.583447368256,15605,MRK501,0.246143206954,86100,AP-N901-F303,0,0,136.24227905273,268.04998779297
20-APR-2026,10.583447368256,15605,MRK501,0.246143206954,86100,AP-N902-F303,0,0,133.14311218262,268.04998779297
20-APR-2026,10.592336336849,15605,MRK501,0.24491986632347,86100,AP-N901-F303,0,0,136.24227905273,268.04998779297
20-APR-2026,10.592336336849,15605,MRK501,0.24491986632347,86100,AP-N902-F303,0,0,133.14311218262,268.04998779297
20-APR-2026,10.601225303521,15605,MRK501,0.24369423091412,86100,AP-N901-F303,0,0,136.24227905273,268.04998779297
20-APR-2026,10.601225303521,15605,MRK501,0.24369423091412,86100,AP-N902-F303,0,0,133.14311218262,268.04998779297
20-APR-2026,10.610114272463,15605,MRK501,0.24246634542942,86100,AP-N901-F303,0,0,136.24227905273,268.04998779297
20-APR-2026,10.610114272463,15605,MRK501,0.24246634542942,86100,AP-N902-F303,0,0,133.14311218262,268.04998779297
20-APR-2026,10.619003243151,15605,MRK501,0.24123597145081,86100,AP-N901-F303,0,0,136.24227905273,268.04998779297
20-APR-2026,10.619003243151,15605,MRK501,0.24123597145081,86100,AP-N902-F303,0,0,133.14311218262,268.04998779297
20-APR-2026,10.627892210522,15605,MRK501,0.24000325798988,86100,AP-N901-F303,0,0,136.24227905273,268.04998779297
20-APR-2026,10.627892210522,15605,MRK501,0.24000325798988,86100,AP-N902-F303,0,0,133.14311218262,268.04998779297
20-APR-2026,10.827477345482,15610,3C345,0.18460647761822,86100,AP-N901-F303,0.049149807542562,0.049149807542562,146.76432800293,268.14999389648
20-APR-2026,10.827477345482,15610,3C345,0.18460647761822,86100,AP-N902-F303,0.049362983554602,0.049362983554602,143.77703857422,268.14999389648
20-APR-2026,10.844560821041,15614,3C345,0.1820510327816,86100,AP-N901-F303,0.049149807542562,0.049149807542562,146.76432800293,268.14999389648
20-APR-2026,10.844560821041,15614,3C345,0.1820510327816,86100,AP-N902-F303,0.049362983554602,0.049362983554602,143.77703857422,268.14999389648
20-APR-2026,10.854005352823,15614,3C345,0.18063496053219,86100,AP-N901-F303,0.049149807542562,0.049149807542562,146.76432800293,268.14999389648
20-APR-2026,10.854005352823,15614,3C345,0.18063496053219,86100,AP-N902-F303,0.049362983554602,0.049362983554602,143.77703857422,268.14999389648
20-APR-2026,10.862894319321,15614,3C345,0.17930006980896,86100,AP-N901-F303,0.049149807542562,0.049149807542562,146.76432800293,268.14999389648
20-APR-2026,10.862894319321,15614,3C345,0.17930006980896,86100,AP-N902-F303,0.049362983554602,0.049362983554602,143.77703857422,268.14999389648
20-APR-2026,10.916367025298,15621,MRK501,0.1987566202879,86100,AP-N901-F303,0,0,153.56898498535,268.95001220703
20-APR-2026,10.916367025298,15621,MRK501,0.1987566202879,86100,AP-N902-F303,0,0,149.95956420898,268.95001220703
20-APR-2026,10.92539488447,15621,MRK501,0.19742795825005,86100,AP-N901-F303,0,0,153.56898498535,268.95001220703
20-APR-2026,10.92539488447,15621,MRK501,0.19742795825005,86100,AP-N902-F303,0,0,149.95956420898,268.95001220703
20-APR-2026,10.934283851142,15621,MRK501,0.19611784815788,86100,AP-N901-F303,0,0,153.56898498535,268.95001220703
20-APR-2026,10.934283851142,15621,MRK501,0.19611784815788,86100,AP-N902-F303,0,0,149.95956420898,268.95001220703
20-APR-2026,10.943172820957,15621,MRK501,0.19480563700199,86100,AP-N901-F303,0,0,153.56898498535,268.95001220703
20-APR-2026,10.943172820957,15621,MRK501,0.19480563700199,86100,AP-N902-F303,0,0,149.95956420898,268.95001220703
20-APR-2026,10.952061789725,15621,MRK501,0.19349126517773,86100,AP-N901-F303,0,0,153.56898498535,268.95001220703
20-APR-2026,10.952061789725,15621,MRK501,0.19349126517773,86100,AP-N902-F303,0,0,149.95956420898,268.95001220703
20-APR-2026,10.96095075954,15621,MRK501,0.1921748071909,86100,AP-N901-F303,0,0,153.56898498535,268.95001220703
20-APR-2026,10.96095075954,15621,MRK501,0.1921748071909,86100,AP-N902-F303,0,0,149.95956420898,268.95001220703
20-APR-2026,11.160258093435,15626,3C345,0.1335039883852,86100,AP-N901-F303,0.046222366392612,0.046222366392612,179.52166748047,268.85000610352
20-APR-2026,11.160258093435,15626,3C345,0.1335039883852,86100,AP-N902-F303,0.046589192003012,0.046589192003012,175.85958862305,268.85000610352
20-APR-2026,11.177619370059,15630,3C345,0.13076461851597,86100,AP-N901-F303,0.046222366392612,0.046222366392612,179.52166748047,268.85000610352
20-APR-2026,11.177619370059,15630,3C345,0.13076461851597,86100,AP-N902-F303,0.046589192003012,0.046589192003012,175.85958862305,268.85000610352
20-APR-2026,11.186508338652,15630,3C345,0.1293590515852,86100,AP-N901-F303,0.046222366392612,0.046222366392612,179.52166748047,268.85000610352
20-APR-2026,11.186508338652,15630,3C345,0.1293590515852,86100,AP-N902-F303,0.046589192003012,0.046589192003012,175.85958862305,268.85000610352
20-APR-2026,11.19539730707,15630,3C345,0.12795187532902,86100,AP-N901-F303,0.046222366392612,0.046222366392612,179.52166748047,268.85000610352
20-APR-2026,11.19539730707,15630,3C345,0.12795187532902,86100,AP-N902-F303,0.046589192003012,0.046589192003012,175.85958862305,268.85000610352
20-APR-2026,11.254147841604,15635,MRK501,0.14760960638523,86100,AP-N901-F303,0.047650601714849,0.047650601714849,169.03073120117,268.85000610352
20-APR-2026,11.254147841604,15635,MRK501,0.14760960638523,86100,AP-N902-F303,0.047886084765196,0.047886084765196,165.49070739746,268.85000610352
20-APR-2026,4.4938140421228,15292,3C345,0.27051228284836,86100,AP-N901-F303,0.055722210556269,0.055722210556269,125.76359558105,268.25
20-APR-2026,4.4938140421228,15292,3C345,0.27051228284836,86100,AP-N902-F303,0.05581745877862,0.05581745877862,122.49855041504,268.25
20-APR-2026,4.5097864145289,15296,3C345,0.2726092338562,86100,AP-N901-F303,0.055722210556269,0.055722210556269,125.76359558105,268.25
20-APR-2026,4.5097864145289,15296,3C345,0.2726092338562,86100,AP-N902-F303,0.05581745877862,0.05581745877862,122.49855041504,268.25
20-APR-2026,4.5186753852172,15296,3C345,0.27377307415009,86100,AP-N901-F303,0.055722210556269,0.055722210556269,125.76359558105,268.25
20-APR-2026,4.5186753852172,15296,3C345,0.27377307415009,86100,AP-N902-F303,0.05581745877862,0.05581745877862,122.49855041504,268.25
20-APR-2026,4.5275643536354,15296,3C345,0.2749342918396,86100,AP-N901-F303,0.055722210556269,0.055722210556269,125.76359558105,268.25
20-APR-2026,4.5275643536354,15296,3C345,0.2749342918396,86100,AP-N902-F303,0.05581745877862,0.05581745877862,122.49855041504,268.25
20-APR-2026,4.582009288602,15303,MRK501,0.25874677300453,86100,AP-N901-F303,0,0,142.45416259766,268.25
20-APR-2026,4.582009288602,15303,MRK501,0.25874677300453,86100,AP-N902-F303,0,0,138.69442749023,268.25
20-APR-2026,4.5908982580679,15303,MRK501,0.2599424123764,86100,AP-N901-F303,0,0,142.45416259766,268.25
20-APR-2026,4.5908982580679,15303,MRK501,0.2599424123764,86100,AP-N902-F303,0,0,138.69442749023,268.25
20-APR-2026,4.599787224216,15303,MRK501,0.26113530993462,86100,AP-N901-F303,0,0,142.45416259766,268.25
20-APR-2026,4.599787224216,15303,MRK501,0.26113530993462,86100,AP-N902-F303,0,0,138.69442749023,268.25
20-APR-2026,4.6086761947296,15303,MRK501,0.26232582330704,86100,AP-N901-F303,0,0,142.45416259766,268.25
20-APR-2026,4.6086761947296,15303,MRK501,0.26232582330704,86100,AP-N902-F303,0,0,138.69442749023,268.25
20-APR-2026,4.6177040546,15303,MRK501,0.26353228092194,86100,AP-N901-F303,0,0,142.45416259766,268.25
20-APR-2026,4.6177040546,15303,MRK501,0.26353228092194,86100,AP-N902-F303,0,0,138.69442749023,268.25
20-APR-2026,4.6267319120256,15303,MRK501,0.26473626494408,86100,AP-N901-F303,0,0,142.45416259766,268.25
20-APR-2026,4.6267319120256,15303,MRK501,0.26473626494408,86100,AP-N902-F303,0,0,138.69442749023,268.25
20-APR-2026,4.8271503822523,15308,3C345,0.31251937150955,86100,AP-N901-F303,0.056385897099972,0.056385897099972,116.64665222168,268.75
20-APR-2026,4.8271503822523,15308,3C345,0.31251937150955,86100,AP-N902-F303,0.055730819702148,0.055730819702148,113.16905212402,268.75
20-APR-2026,4.8432616389509,15312,3C345,0.31445208191872,86100,AP-N901-F303,0.056385897099972,0.056385897099972,116.64665222168,268.75
20-APR-2026,4.8432616389509,15312,3C345,0.31445208191872,86100,AP-N902-F303,0.055730819702148,0.055730819702148,113.16905212402,268.75
20-APR-2026,4.8522895002182,15312,3C345,0.31553137302399,86100,AP-N901-F303,0.056385897099972,0.056385897099972,116.64665222168,268.75
20-APR-2026,4.8522895002182,15312,3C345,0.31553137302399,86100,AP-N902-F303,0.055730819702148,0.055730819702148,113.16905212402,268.75
20-APR-2026,4.8614562492706,15312,3C345,0.31662413477898,86100,AP-N901-F303,0.056385897099972,0.056385897099972,116.64665222168,268.75
20-APR-2026,4.8614562492706,15312,3C345,0.31662413477898,86100,AP-N902-F303,0.055730819702148,0.055730819702148,113.16905212402,268.75
20-APR-2026,4.9150678454779,15319,MRK501,0.30178767442703,86100,AP-N901-F303,0,0,129.82864379883,268.85000610352
20-APR-2026,4.9150678454779,15319,MRK501,0.30178767442703,86100,AP-N902-F303,0,0,126.62164306641,268.85000610352
20-APR-2026,4.9239568154677,15319,MRK501,0.30288538336754,86100,AP-N901-F303,0,0,129.82864379883,268.85000610352
20-APR-2026,4.9239568154677,15319,MRK501,0.30288538336754,86100,AP-N902-F303,0,0,126.62164306641,268.85000610352
20-APR-2026,4.9329846749888,15319,MRK501,0.30399739742279,86100,AP-N901-F303,0,0,129.82864379883,268.85000610352
20-APR-2026,4.9329846749888,15319,MRK501,0.30399739742279,86100,AP-N902-F303,0,0,126.62164306641,268.85000610352
20-APR-2026,4.9420125336367,15319,MRK501,0.30510658025742,86100,AP-N901-F303,0,0,129.82864379883,268.85000610352
20-APR-2026,4.9420125336367,15319,MRK501,0.30510658025742,86100,AP-N902-F303,0,0,126.62164306641,268.85000610352
20-APR-2026,4.9509015031027,15319,MRK501,0.30619591474533,86100,AP-N901-F303,0,0,129.82864379883,268.85000610352
20-APR-2026,4.9509015031027,15319,MRK501,0.30619591474533,86100,AP-N902-F303,0,0,126.62164306641,268.85000610352
20-APR-2026,4.9597904702985,15319,MRK501,0.3072823882103,86100,AP-N901-F303,0,0,129.82864379883,268.85000610352
20-APR-2026,4.9597904702985,15319,MRK501,0.3072823882103,86100,AP-N902-F303,0,0,126.62164306641,268.85000610352
20-APR-2026,5.1607645086039,15324,3C345,0.35058969259262,86100,AP-N901-F303,0.056202307343483,0.056202307343483,110.11498260498,268.25
20-APR-2026,5.1607645086039,15324,3C345,0.35058969259262,86100,AP-N902-F303,0.055061861872673,0.055061861872673,106.852394104,268.25
20-APR-2026,5.1764590911207,15328,3C345,0.35227599740028,86100,AP-N901-F303,0.056202307343483,0.056202307343483,110.11498260498,268.25
20-APR-2026,5.1764590911207,15328,3C345,0.35227599740028,86100,AP-N902-F303,0.055061861872673,0.055061861872673,106.852394104,268.25
20-APR-2026,5.1853480614598,15328,3C345,0.35322690010071,86100,AP-N901-F303,0.056202307343483,0.056202307343483,110.11498260498,268.25
20-APR-2026,5.1853480614598,15328,3C345,0.35322690010071,86100,AP-N902-F303,0.055061861872673,0.055061861872673,106.852394104,268.25
20-APR-2026,5.1942370307511,15328,3C345,0.35417461395264,86100,AP-N901-F303,0.056202307343483,0.056202307343483,110.11498260498,268.25
20-APR-2026,5.1942370307511,15328,3C345,0.35417461395264,86100,AP-N902-F303,0.055061861872673,0.055061861872673,106.852394104,268.25
20-APR-2026,5.2486819651938,15335,MRK501,0.3410382270813,86100,AP-N901-F303,0,0,121.6791305542,267.64999389648
20-APR-2026,5.2486819651938,15335,MRK501,0.3410382270813,86100,AP-N902-F303,0,0,118.12601470947,267.64999389648
20-APR-2026,5.2575709330881,15335,MRK501,0.34202745556831,86100,AP-N901-F303,0,0,121.6791305542,267.64999389648
20-APR-2026,5.2575709330881,15335,MRK501,0.34202745556831,86100,AP-N902-F303,0,0,118.12601470947,267.64999389648
20-APR-2026,5.2664599029033,15335,MRK501,0.34301373362541,86100,AP-N901-F303,0,0,121.6791305542,267.64999389648
20-APR-2026,5.2664599029033,15335,MRK501,0.34301373362541,86100,AP-N902-F303,0,0,118.12601470947,267.64999389648
20-APR-2026,5.2753488718454,15335,MRK501,0.34399697184563,86100,AP-N901-F303,0,0,121.6791305542,267.64999389648
20-APR-2026,5.2753488718454,15335,MRK501,0.34399697184563,86100,AP-N902-F303,0,0,118.12601470947,267.64999389648
20-APR-2026,5.284237842359,15335,MRK501,0.34497708082199,86100,AP-N901-F303,0,0,121.6791305542,267.64999389648
20-APR-2026,5.284237842359,15335,MRK501,0.34497708082199,86100,AP-N902-F303,0,0,118.12601470947,267.64999389648
20-APR-2026,5.2931268106026,15335,MRK501,0.34595412015915,86100,AP-N901-F303,0,0,121.6791305542,267.64999389648
20-APR-2026,5.2931268106026,15335,MRK501,0.34595412015915,86100,AP-N902-F303,0,0,118.12601470947,267.64999389648
20-APR-2026,5.4941446721167,15343,3C345,0.38426485657692,86100,AP-N901-F303,0.05807987600565,0.05807987600565,106.23345184326,268.14999389648
20-APR-2026,5.4941446721167,15343,3C345,0.38426485657692,86100,AP-N902-F303,0.057169746607542,0.057169746607542,103.10036468506,268.14999389648
20-APR-2026,5.5095614799366,15347,3C345,0.38570976257324,86100,AP-N901-F303,0.05807987600565,0.05807987600565,106.23345184326,268.14999389648
20-APR-2026,5.5095614799366,15347,3C345,0.38570976257324,86100,AP-N902-F303,0.057169746607542,0.057169746607542,103.10036468506,268.14999389648
20-APR-2026,5.5187282305605,15347,3C345,0.38656413555145,86100,AP-N901-F303,0.05807987600565,0.05807987600565,106.23345184326,268.14999389648
20-APR-2026,5.5187282305605,15347,3C345,0.38656413555145,86100,AP-N902-F303,0.057169746607542,0.057169746607542,103.10036468506,268.14999389648
20-APR-2026,5.5278949801367,15347,3C345,0.38741487264633,86100,AP-N901-F303,0.05807987600565,0.05807987600565,106.23345184326,268.14999389648
20-APR-2026,5.5278949801367,15347,3C345,0.38741487264633,86100,AP-N902-F303,0.057169746607542,0.057169746607542,103.10036468506,268.14999389648
20-APR-2026,5.5823399168495,15354,MRK501,0.37602916359901,86100,AP-N901-F303,0,0,116.99913024902,267.85000610352
20-APR-2026,5.5823399168495,15354,MRK501,0.37602916359901,86100,AP-N902-F303,0,0,113.31448364258,267.85000610352
20-APR-2026,5.5912288861408,15354,MRK501,0.37689930200577,86100,AP-N901-F303,0,0,116.99913024902,267.85000610352
20-APR-2026,5.5912288861408,15354,MRK501,0.37689930200577,86100,AP-N902-F303,0,0,113.31448364258,267.85000610352
20-APR-2026,5.6001178531621,15354,MRK501,0.37776613235474,86100,AP-N901-F303,0,0,116.99913024902,267.85000610352
20-APR-2026,5.6001178531621,15354,MRK501,0.37776613235474,86100,AP-N902-F303,0,0,113.31448364258,267.85000610352
20-APR-2026,5.6090068233265,15354,MRK501,0.37862965464592,86100,AP-N901-F303,0,0,116.99913024902,267.85000610352
20-APR-2026,5.6090068233265,15354,MRK501,0.37862965464592,86100,AP-N902-F303,0,0,113.31448364258,267.85000610352
20-APR-2026,5.6178957917447,15354,MRK501,0.379489839077,86100,AP-N901-F303,0,0,116.99913024902,267.85000610352
20-APR-2026,5.6178957917447,15354,MRK501,0.379489839077,86100,AP-N902-F303,0,0,113.31448364258,267.85000610352
20-APR-2026,5.6267847603375,15354,MRK501,0.38034668564796,86100,AP-N901-F303,0,0,116.99913024902,267.85000610352
20-APR-2026,5.6267847603375,15354,MRK501,0.38034668564796,86100,AP-N902-F303,0,0,113.31448364258,267.85000610352
20-APR-2026,5.8277588016114,15359,3C345,0.41319578886032,86100,AP-N901-F303,0.057403944432735,0.057403944432735,101.92227172852,268.25
20-APR-2026,5.8277588016114,15359,3C345,0.41319578886032,86100,AP-N902-F303,0.056685544550419,0.056685544550419,98.353424072266,268.25
20-APR-2026,5.8431756036688,15363,3C345,0.41441068053246,86100,AP-N901-F303,0.057403944432735,0.057403944432735,101.92227172852,268.25
20-APR-2026,5.8431756036688,15363,3C345,0.41441068053246,86100,AP-N902-F303,0.056685544550419,0.056685544550419,98.353424072266,268.25
20-APR-2026,5.8520645743571,15363,3C345,0.4151064157486,86100,AP-N901-F303,0.057403944432735,0.057403944432735,101.92227172852,268.25
20-APR-2026,5.8520645743571,15363,3C345,0.4151064157486,86100,AP-N902-F303,0.056685544550419,0.056685544550419,98.353424072266,268.25
20-APR-2026,5.860953542426,15363,3C345,0.41579845547676,86100,AP-N901-F303,0.057403944432735,0.057403944432735,101.92227172852,268.25
20-APR-2026,5.860953542426,15363,3C345,0.41579845547676,86100,AP-N902-F303,0.056685544550419,0.056685544550419,98.353424072266,268.25
20-APR-2026,5.9153984810597,15370,MRK501,0.40630519390106,86100,AP-N901-F303,0,0,112.3828125,268.35000610352
20-APR-2026,5.9153984810597,15370,MRK501,0.40630519390106,86100,AP-N902-F303,0,0,108.71141815186,268.35000610352
20-APR-2026,5.9242874508748,15370,MRK501,0.40704593062401,86100,AP-N901-F303,0,0,112.3828125,268.35000610352
20-APR-2026,5.9242874508748,15370,MRK501,0.40704593062401,86100,AP-N902-F303,0,0,108.71141815186,268.35000610352
20-APR-2026,5.93317642069,15370,MRK501,0.40778315067291,86100,AP-N901-F303,0,0,112.3828125,268.35000610352
20-APR-2026,5.93317642069,15370,MRK501,0.40778315067291,86100,AP-N902-F303,0,0,108.71141815186,268.35000610352
20-APR-2026,5.9420653905052,15370,MRK501,0.40851673483849,86100,AP-N901-F303,0,0,112.3828125,268.35000610352
20-APR-2026,5.9420653905052,15370,MRK501,0.40851673483849,86100,AP-N902-F303,0,0,108.71141815186,268.35000610352
20-APR-2026,5.9509543606696,15370,MRK501,0.40924665331841,86100,AP-N901-F303,0,0,112.3828125,268.35000610352
20-APR-2026,5.9509543606696,15370,MRK501,0.40924665331841,86100,AP-N902-F303,0,0,108.71141815186,268.35000610352
20-APR-2026,5.9599822200161,15370,MRK501,0.40998429059982,86100,AP-N901-F303,0,0,112.3828125,268.35000610352
20-APR-2026,5.9599822200161,15370,MRK501,0.40998429059982,86100,AP-N902-F303,0,0,108.71141815186,268.35000610352
20-APR-2026,6.1608173659962,15375,3C345,0.43694421648979,86100,AP-N901-F303,0.054805744439363,0.054805744439363,100.03649139404,267.95001220703
20-APR-2026,6.1608173659962,15375,3C345,0.43694421648979,86100,AP-N902-F303,0.052233140915632,0.052233140915632,96.332008361816,267.95001220703
20-APR-2026,6.1773452960034,15379,3C345,0.43798273801804,86100,AP-N901-F303,0.054805744439363,0.054805744439363,100.03649139404,267.95001220703
20-APR-2026,6.1773452960034,15379,3C345,0.43798273801804,86100,AP-N902-F303,0.052233140915632,0.052233140915632,96.332008361816,267.95001220703
20-APR-2026,6.1862342652947,15379,3C345,0.43853586912155,86100,AP-N901-F303,0.054805744439363,0.054805744439363,100.03649139404,267.95001220703
20-APR-2026,6.1862342652947,15379,3C345,0.43853586912155,86100,AP-N902-F303,0.052233140915632,0.052233140915632,96.332008361816,267.95001220703
20-APR-2026,6.1951232358084,15379,3C345,0.43908503651619,86100,AP-N901-F303,0.054805744439363,0.054805744439363,100.03649139404,267.95001220703
20-APR-2026,6.1951232358084,15379,3C345,0.43908503651619,86100,AP-N902-F303,0.052233140915632,0.052233140915632,96.332008361816,267.95001220703
20-APR-2026,6.248734830968,15386,MRK501,0.43156877160072,86100,AP-N901-F303,0,0,110.17739105225,267.95001220703
20-APR-2026,6.248734830968,15386,MRK501,0.43156877160072,86100,AP-N902-F303,0,0,106.56704711914,267.95001220703
20-APR-2026,6.2576238002593,15386,MRK501,0.43217012286186,86100,AP-N901-F303,0,0,110.17739105225,267.95001220703
20-APR-2026,6.2576238002593,15386,MRK501,0.43217012286186,86100,AP-N902-F303,0,0,106.56704711914,267.95001220703
20-APR-2026,6.266512769376,15386,MRK501,0.43276759982109,86100,AP-N901-F303,0,0,110.17739105225,267.95001220703
20-APR-2026,6.266512769376,15386,MRK501,0.43276759982109,86100,AP-N902-F303,0,0,106.56704711914,267.95001220703
20-APR-2026,6.2754017369211,15386,MRK501,0.43336123228073,86100,AP-N901-F303,0,0,110.17739105225,267.95001220703
20-APR-2026,6.2754017369211,15386,MRK501,0.43336123228073,86100,AP-N902-F303,0,0,106.56704711914,267.95001220703
20-APR-2026,6.2842907053393,15386,MRK501,0.43395110964775,86100,AP-N901-F303,0,0,110.17739105225,267.95001220703
20-APR-2026,6.2842907053393,15386,MRK501,0.43395110964775,86100,AP-N902-F303,0,0,106.56704711914,267.95001220703
20-APR-2026,6.293179675853,15386,MRK501,0.43453702330589,86100,AP-N901-F303,0,0,110.17739105225,267.95001220703
20-APR-2026,6.293179675853,15386,MRK501,0.43453702330589,86100,AP-N902-F303,0,0,106.56704711914,267.95001220703
20-APR-2026,6.4946346916812,15394,3C345,0.45526102185249,86100,AP-N901-F303,0.060645043849945,0.060645043849945,100.93332672119,268.14999389648
20-APR-2026,6.4946346916812,15394,3C345,0.45526102185249,86100,AP-N902-F303,0.059547405689955,0.059547405689955,97.546730041504,268.14999389648
20-APR-2026,6.5094959310733,15398,3C345,0.45594391226768,86100,AP-N901-F303,0.060645043849945,0.060645043849945,100.93332672119,268.14999389648
20-APR-2026,6.5094959310733,15398,3C345,0.45594391226768,86100,AP-N902-F303,0.059547405689955,0.059547405689955,97.546730041504,268.14999389648
20-APR-2026,6.5183848998408,15398,3C345,0.4563470184803,86100,AP-N901-F303,0.060645043849945,0.060645043849945,100.93332672119,268.14999389648
20-APR-2026,6.5183848998408,15398,3C345,0.4563470184803,86100,AP-N902-F303,0.059547405689955,0.059547405689955,97.546730041504,268.14999389648
20-APR-2026,6.5272738661635,15398,3C345,0.45674601197243,86100,AP-N901-F303,0.060645043849945,0.060645043849945,100.93332672119,268.14999389648
20-APR-2026,6.5272738661635,15398,3C345,0.45674601197243,86100,AP-N902-F303,0.059547405689955,0.059547405689955,97.546730041504,268.14999389648
20-APR-2026,6.5819965793195,15405,MRK501,0.45143711566925,86100,AP-N901-F303,0,0,108.92353057861,268.25
20-APR-2026,6.5819965793195,15405,MRK501,0.45143711566925,86100,AP-N902-F303,0,0,105.26848602295,268.25
20-APR-2026,6.5908855507063,15405,MRK501,0.4518903195858,86100,AP-N901-F303,0,0,108.92353057861,268.25
20-APR-2026,6.5908855507063,15405,MRK501,0.4518903195858,86100,AP-N902-F303,0,0,105.26848602295,268.25
20-APR-2026,6.5999134084811,15405,MRK501,0.45234644412994,86100,AP-N901-F303,0,0,108.92353057861,268.25
20-APR-2026,6.5999134084811,15405,MRK501,0.45234644412994,86100,AP-N902-F303,0,0,105.26848602295,268.25
20-APR-2026,6.6089412674783,15405,MRK501,0.45279854536057,86100,AP-N901-F303,0,0,108.92353057861,268.25
20-APR-2026,6.6089412674783,15405,MRK501,0.45279854536057,86100,AP-N902-F303,0,0,105.26848602295,268.25
20-APR-2026,6.6178302369442,15405,MRK501,0.45323947072029,86100,AP-N901-F303,0,0,108.92353057861,268.25
20-APR-2026,6.6178302369442,15405,MRK501,0.45323947072029,86100,AP-N902-F303,0,0,105.26848602295,268.25
20-APR-2026,6.6267192060609,15405,MRK501,0.45367625355721,86100,AP-N901-F303,0,0,108.92353057861,268.25
20-APR-2026,6.6267192060609,15405,MRK501,0.45367625355721,86100,AP-N902-F303,0,0,105.26848602295,268.25
20-APR-2026,6.8271376886859,15410,3C345,0.46776714920998,86100,AP-N901-F303,0.057386804372072,0.057386804372072,96.926712036133,268.54998779297
20-APR-2026,6.8271376886859,15410,3C345,0.46776714920998,86100,AP-N902-F303,0.05567092448473,0.05567092448473,93.444923400879,268.54998779297
20-APR-2026,6.8431100458997,15414,3C345,0.46821981668472,86100,AP-N901-F303,0.057386804372072,0.057386804372072,96.926712036133,268.54998779297
20-APR-2026,6.8431100458997,15414,3C345,0.46821981668472,86100,AP-N902-F303,0.05567092448473,0.05567092448473,93.444923400879,268.54998779297
20-APR-2026,6.8519990162388,15414,3C345,0.46846589446068,86100,AP-N901-F303,0.057386804372072,0.057386804372072,96.926712036133,268.54998779297
20-APR-2026,6.8519990162388,15414,3C345,0.46846589446068,86100,AP-N902-F303,0.05567092448473,0.05567092448473,93.444923400879,268.54998779297
20-APR-2026,6.860887984657,15414,3C345,0.46870768070221,86100,AP-N901-F303,0.057386804372072,0.057386804372072,96.926712036133,268.54998779297
20-APR-2026,6.860887984657,15414,3C345,0.46870768070221,86100,AP-N902-F303,0.05567092448473,0.05567092448473,93.444923400879,268.54998779297
20-APR-2026,6.9153329185758,15421,MRK501,0.46562027931213,86100,AP-N901-F303,0,0,107.04590606689,268.35000610352
20-APR-2026,6.9153329185758,15421,MRK501,0.46562027931213,86100,AP-N902-F303,0,0,103.75717163086,268.35000610352
20-APR-2026,6.9243607770492,15421,MRK501,0.46592304110527,86100,AP-N901-F303,0,0,107.04590606689,268.35000610352
20-APR-2026,6.9243607770492,15421,MRK501,0.46592304110527,86100,AP-N902-F303,0,0,103.75717163086,268.35000610352
20-APR-2026,6.933805309355,15421,MRK501,0.46623501181602,86100,AP-N901-F303,0,0,107.04590606689,268.35000610352
20-APR-2026,6.933805309355,15421,MRK501,0.46623501181602,86100,AP-N902-F303,0,0,103.75717163086,268.35000610352
20-APR-2026,6.9431109474147,15421,MRK501,0.46653777360916,86100,AP-N901-F303,0,0,107.04590606689,268.35000610352
20-APR-2026,6.9431109474147,15421,MRK501,0.46653777360916,86100,AP-N902-F303,0,0,103.75717163086,268.35000610352
20-APR-2026,6.9519999142613,15421,MRK501,0.46682262420654,86100,AP-N901-F303,0,0,107.04590606689,268.35000610352
20-APR-2026,6.9519999142613,15421,MRK501,0.46682262420654,86100,AP-N902-F303,0,0,103.75717163086,268.35000610352
20-APR-2026,6.9608888839019,15421,MRK501,0.46710327267647,86100,AP-N901-F303,0,0,107.04590606689,268.35000610352
20-APR-2026,6.9608888839019,15421,MRK501,0.46710327267647,86100,AP-N902-F303,0,0,103.75717163086,268.35000610352
20-APR-2026,7.1610295754153,15426,3C345,0.47435984015465,86100,AP-N901-F303,0.056968741118908,0.056968741118908,96.918533325195,268.75
20-APR-2026,7.1610295754153,15426,3C345,0.47435984015465,86100,AP-N902-F303,0.054746709764004,0.054746709764004,93.623435974121,268.75
20-APR-2026,7.1765852703218,15430,3C345,0.47451877593994,86100,AP-N901-F303,0.056968741118908,0.056968741118908,96.918533325195,268.75
20-APR-2026,7.1765852703218,15430,3C345,0.47451877593994,86100,AP-N902-F303,0.054746709764004,0.054746709764004,93.623435974121,268.75
20-APR-2026,7.1857520188502,15430,3C345,0.47460642457008,86100,AP-N901-F303,0.056968741118908,0.056968741118908,96.918533325195,268.75
20-APR-2026,7.1857520188502,15430,3C345,0.47460642457008,86100,AP-N902-F303,0.054746709764004,0.054746709764004,93.623435974121,268.75
20-APR-2026,7.1950576579577,15430,3C345,0.4746907055378,86100,AP-N901-F303,0.056968741118908,0.056968741118908,96.918533325195,268.75
20-APR-2026,7.1950576579577,15430,3C345,0.4746907055378,86100,AP-N902-F303,0.054746709764004,0.054746709764004,93.623435974121,268.75
20-APR-2026,7.2483914712608,15437,MRK501,0.47388297319412,86100,AP-N901-F303,0,0,106.75270843506,268.85000610352
20-APR-2026,7.2483914712608,15437,MRK501,0.47388297319412,86100,AP-N902-F303,0,0,103.07797241211,268.85000610352
20-APR-2026,7.2572804414253,15437,MRK501,0.4740209877491,86100,AP-N901-F303,0,0,106.75270843506,268.85000610352
20-APR-2026,7.2572804414253,15437,MRK501,0.4740209877491,86100,AP-N902-F303,0,0,103.07797241211,268.85000610352
20-APR-2026,7.2663082972793,15437,MRK501,0.47415694594383,86100,AP-N901-F303,0,0,106.75270843506,268.85000610352
20-APR-2026,7.2663082972793,15437,MRK501,0.47415694594383,86100,AP-N902-F303,0,0,103.07797241211,268.85000610352
20-APR-2026,7.2753361566257,15437,MRK501,0.47428828477859,86100,AP-N901-F303,0,0,106.75270843506,268.85000610352
20-APR-2026,7.2753361566257,15437,MRK501,0.47428828477859,86100,AP-N902-F303,0,0,103.07797241211,268.85000610352
20-APR-2026,7.2842251276632,15437,MRK501,0.47441339492798,86100,AP-N901-F303,0,0,106.75270843506,268.85000610352
20-APR-2026,7.2842251276632,15437,MRK501,0.47441339492798,86100,AP-N902-F303,0,0,103.07797241211,268.85000610352
20-APR-2026,7.2931140969545,15437,MRK501,0.47453400492668,86100,AP-N901-F303,0,0,106.75270843506,268.85000610352
20-APR-2026,7.2931140969545,15437,MRK501,0.47453400492668,86100,AP-N902-F303,0,0,103.07797241211,268.85000610352
20-APR-2026,7.4938180034616,15444,3C345,0.47487252950668,86100,AP-N901-F303,0.058906383812428,0.058906383812428,97.056098937988,268.75
20-APR-2026,7.4938180034616,15444,3C345,0.47487252950668,86100,AP-N902-F303,0.057868238538504,0.057868238538504,93.935691833496,268.75
20-APR-2026,7.5097903694065,15448,3C345,0.47474437952042,86100,AP-N901-F303,0.058906383812428,0.058906383812428,97.056098937988,268.75
20-APR-2026,7.5097903694065,15448,3C345,0.47474437952042,86100,AP-N902-F303,0.057868238538504,0.057868238538504,93.935691833496,268.75
20-APR-2026,7.5186793386979,15448,3C345,0.47466692328453,86100,AP-N901-F303,0.058906383812428,0.058906383812428,97.056098937988,268.75
20-APR-2026,7.5186793386979,15448,3C345,0.47466692328453,86100,AP-N902-F303,0.057868238538504,0.057868238538504,93.935691833496,268.75
20-APR-2026,7.5275683074653,15448,3C345,0.47458529472351,86100,AP-N901-F303,0.058906383812428,0.058906383812428,97.056098937988,268.75
20-APR-2026,7.5275683074653,15448,3C345,0.47458529472351,86100,AP-N902-F303,0.057868238538504,0.057868238538504,93.935691833496,268.75
20-APR-2026,7.5822910207959,15455,MRK501,0.47610011696815,86100,AP-N901-F303,0,0,106.84158325195,267.54998779297
20-APR-2026,7.5822910207959,15455,MRK501,0.47610011696815,86100,AP-N902-F303,0,0,103.37014007568,267.54998779297
20-APR-2026,7.5911799890395,15455,MRK501,0.47607553005219,86100,AP-N901-F303,0,0,106.84158325195,267.54998779297
20-APR-2026,7.5911799890395,15455,MRK501,0.47607553005219,86100,AP-N902-F303,0,0,103.37014007568,267.54998779297
20-APR-2026,7.6000689592039,15455,MRK501,0.47604659199715,86100,AP-N901-F303,0,0,106.84158325195,267.54998779297
20-APR-2026,7.6000689592039,15455,MRK501,0.47604659199715,86100,AP-N902-F303,0,0,103.37014007568,267.54998779297
20-APR-2026,7.6092357070339,15455,MRK501,0.47601225972176,86100,AP-N901-F303,0,0,106.84158325195,267.54998779297
20-APR-2026,7.6092357070339,15455,MRK501,0.47601225972176,86100,AP-N902-F303,0,0,103.37014007568,267.54998779297
20-APR-2026,7.6184024562608,15455,MRK501,0.47597327828407,86100,AP-N901-F303,0,0,106.84158325195,267.54998779297
20-APR-2026,7.6184024562608,15455,MRK501,0.47597327828407,86100,AP-N902-F303,0,0,103.37014007568,267.54998779297
20-APR-2026,7.6272914272984,15455,MRK501,0.47593110799789,86100,AP-N901-F303,0,0,106.84158325195,267.54998779297
20-APR-2026,7.6272914272984,15455,MRK501,0.47593110799789,86100,AP-N902-F303,0,0,103.37014007568,267.54998779297
20-APR-2026,7.827709900843,15460,3C345,0.46930000185966,86100,AP-N901-F303,0.0562749132514,0.0562749132514,97.675903320313,267.35000610352
20-APR-2026,7.827709900843,15460,3C345,0.46930000185966,86100,AP-N902-F303,0.054268173873425,0.054268173873425,94.055023193359,267.35000610352
20-APR-2026,7.8434044789943,15464,3C345,0.46888902783394,86100,AP-N901-F303,0.0562749132514,0.0562749132514,97.675903320313,267.35000610352
20-APR-2026,7.8434044789943,15464,3C345,0.46888902783394,86100,AP-N902-F303,0.054268173873425,0.054268173873425,94.055023193359,267.35000610352
20-APR-2026,7.8528490100777,15464,3C345,0.46863529086113,86100,AP-N901-F303,0.0562749132514,0.0562749132514,97.675903320313,267.35000610352
20-APR-2026,7.8528490100777,15464,3C345,0.46863529086113,86100,AP-N902-F303,0.054268173873425,0.054268173873425,94.055023193359,267.35000610352
20-APR-2026,7.8621546498837,15464,3C345,0.46838071942329,86100,AP-N901-F303,0.0562749132514,0.0562749132514,97.675903320313,267.35000610352
20-APR-2026,7.8621546498837,15464,3C345,0.46838071942329,86100,AP-N902-F303,0.054268173873425,0.054268173873425,94.055023193359,267.35000610352
20-APR-2026,7.9153495713855,15471,MRK501,0.47222322225571,86100,AP-N901-F303,0,0,107.12895965576,268.35000610352
20-APR-2026,7.9153495713855,15471,MRK501,0.47222322225571,86100,AP-N902-F303,0,0,103.60792541504,268.35000610352
20-APR-2026,7.9242385405022,15471,MRK501,0.47203662991524,86100,AP-N901-F303,0,0,107.12895965576,268.35000610352
20-APR-2026,7.9242385405022,15471,MRK501,0.47203662991524,86100,AP-N902-F303,0,0,103.60792541504,268.35000610352
20-APR-2026,7.9331275099681,15471,MRK501,0.4718459546566,86100,AP-N901-F303,0,0,107.12895965576,268.35000610352
20-APR-2026,7.9331275099681,15471,MRK501,0.4718459546566,86100,AP-N902-F303,0,0,103.60792541504,268.35000610352
20-APR-2026,7.9420164783863,15471,MRK501,0.47165101766586,86100,AP-N901-F303,0,0,107.12895965576,268.35000610352
20-APR-2026,7.9420164783863,15471,MRK501,0.47165101766586,86100,AP-N902-F303,0,0,103.60792541504,268.35000610352
20-APR-2026,7.9509054483761,15471,MRK501,0.47145172953606,86100,AP-N901-F303,0,0,107.12895965576,268.35000610352
20-APR-2026,7.9509054483761,15471,MRK501,0.47145172953606,86100,AP-N902-F303,0,0,103.60792541504,268.35000610352
20-APR-2026,7.9597944157465,15471,MRK501,0.47124814987183,86100,AP-N901-F303,0,0,107.12895965576,268.35000610352
20-APR-2026,7.9597944157465,15471,MRK501,0.47124814987183,86100,AP-N902-F303,0,0,103.60792541504,268.35000610352
20-APR-2026,8.1613240092084,15476,3C345,0.45773613452911,86100,AP-N901-F303,0.056286539882421,0.056286539882421,97.766860961914,268.75
20-APR-2026,8.1613240092084,15476,3C345,0.45773613452911,86100,AP-N902-F303,0.054418791085482,0.054418791085482,94.437553405762,268.75
20-APR-2026,8.17646302906,15480,3C345,0.45707178115845,86100,AP-N901-F303,0.056286539882421,0.056286539882421,97.766860961914,268.75
20-APR-2026,8.17646302906,15480,3C345,0.45707178115845,86100,AP-N902-F303,0.054418791085482,0.054418791085482,94.437553405762,268.75
20-APR-2026,8.185629780557,15480,3C345,0.45666348934174,86100,AP-N901-F303,0.056286539882421,0.056286539882421,97.766860961914,268.75
20-APR-2026,8.185629780557,15480,3C345,0.45666348934174,86100,AP-N902-F303,0.054418791085482,0.054418791085482,94.437553405762,268.75
20-APR-2026,8.194518747229,15480,3C345,0.45626375079155,86100,AP-N901-F303,0.056286539882421,0.056286539882421,97.766860961914,268.75
20-APR-2026,8.194518747229,15480,3C345,0.45626375079155,86100,AP-N902-F303,0.054418791085482,0.054418791085482,94.437553405762,268.75
20-APR-2026,8.2486858987674,15487,MRK501,0.46231997013092,86100,AP-N901-F303,0,0,107.2632522583,268.45001220703
20-APR-2026,8.2486858987674,15487,MRK501,0.46231997013092,86100,AP-N902-F303,0,0,103.70585632324,268.45001220703
20-APR-2026,8.257574869805,15487,MRK501,0.46197453141212,86100,AP-N901-F303,0,0,107.2632522583,268.45001220703
20-APR-2026,8.257574869805,15487,MRK501,0.46197453141212,86100,AP-N902-F303,0,0,103.70585632324,268.45001220703
20-APR-2026,8.2664638383978,15487,MRK501,0.46162506937981,86100,AP-N901-F303,0,0,107.2632522583,268.45001220703
20-APR-2026,8.2664638383978,15487,MRK501,0.46162506937981,86100,AP-N902-F303,0,0,103.70585632324,268.45001220703
20-APR-2026,8.2753528057683,15487,MRK501,0.46127155423164,86100,AP-N901-F303,0,0,107.2632522583,268.45001220703
20-APR-2026,8.2753528057683,15487,MRK501,0.46127155423164,86100,AP-N902-F303,0,0,103.70585632324,268.45001220703
20-APR-2026,8.2842417761073,15487,MRK501,0.46091368794441,86100,AP-N901-F303,0,0,107.2632522583,268.45001220703
20-APR-2026,8.2842417761073,15487,MRK501,0.46091368794441,86100,AP-N902-F303,0,0,103.70585632324,268.45001220703
20-APR-2026,8.2931307445255,15487,MRK501,0.46055176854134,86100,AP-N901-F303,0,0,107.2632522583,268.45001220703
20-APR-2026,8.2931307445255,15487,MRK501,0.46055176854134,86100,AP-N902-F303,0,0,103.70585632324,268.45001220703
20-APR-2026,8.4942411670462,15495,3C345,0.44040906429291,86100,AP-N901-F303,0.057772021740675,0.057772021740675,99.48218536377,266.14999389648
20-APR-2026,8.4942411670462,15495,3C345,0.44040906429291,86100,AP-N902-F303,0.056507043540478,0.056507043540478,96.078544616699,266.14999389648
20-APR-2026,8.5099357464199,15499,3C345,0.4394536614418,86100,AP-N901-F303,0.057772021740675,0.057772021740675,99.48218536377,266.14999389648
20-APR-2026,8.5099357464199,15499,3C345,0.4394536614418,86100,AP-N902-F303,0.056507043540478,0.056507043540478,96.078544616699,266.14999389648
20-APR-2026,8.5188247129172,15499,3C345,0.43890699744225,86100,AP-N901-F303,0.057772021740675,0.057772021740675,99.48218536377,266.14999389648
20-APR-2026,8.5188247129172,15499,3C345,0.43890699744225,86100,AP-N902-F303,0.056507043540478,0.056507043540478,96.078544616699,266.14999389648
20-APR-2026,8.5277136832562,15499,3C345,0.43835657835007,86100,AP-N901-F303,0.057772021740675,0.057772021740675,99.48218536377,266.14999389648
20-APR-2026,8.5277136832562,15499,3C345,0.43835657835007,86100,AP-N902-F303,0.056507043540478,0.056507043540478,96.078544616699,266.14999389648
20-APR-2026,8.5818808391603,15506,MRK501,0.44656184315681,86100,AP-N901-F303,0,0,108.49561309814,268.45001220703
20-APR-2026,8.5818808391603,15506,MRK501,0.44656184315681,86100,AP-N902-F303,0,0,105.04532623291,268.45001220703
20-APR-2026,8.5907698075785,15506,MRK501,0.44606328010559,86100,AP-N901-F303,0,0,108.49561309814,268.45001220703
20-APR-2026,8.5907698075785,15506,MRK501,0.44606328010559,86100,AP-N902-F303,0,0,105.04532623291,268.45001220703
20-APR-2026,8.5996587766952,15506,MRK501,0.44556078314781,86100,AP-N901-F303,0,0,108.49561309814,268.45001220703
20-APR-2026,8.5996587766952,15506,MRK501,0.44556078314781,86100,AP-N902-F303,0,0,105.04532623291,268.45001220703
20-APR-2026,8.6085477431925,15506,MRK501,0.44505432248116,86100,AP-N901-F303,0,0,108.49561309814,268.45001220703
20-APR-2026,8.6085477431925,15506,MRK501,0.44505432248116,86100,AP-N902-F303,0,0,105.04532623291,268.45001220703
20-APR-2026,8.6174367124838,15506,MRK501,0.4445438683033,86100,AP-N901-F303,0,0,108.49561309814,268.45001220703
20-APR-2026,8.6174367124838,15506,MRK501,0.4445438683033,86100,AP-N902-F303,0,0,105.04532623291,268.45001220703
20-APR-2026,8.6263256812513,15506,MRK501,0.44402945041656,86100,AP-N901-F303,0,0,108.49561309814,268.45001220703
20-APR-2026,8.6263256812513,15506,MRK501,0.44402945041656,86100,AP-N902-F303,0,0,105.04532623291,268.45001220703
20-APR-2026,8.8278552638864,15511,3C345,0.41751462221146,86100,AP-N901-F303,0.056421622633934,0.056421622633934,101.15813446045,268.14999389648
20-APR-2026,8.8278552638864,15511,3C345,0.41751462221146,86100,AP-N902-F303,0.054929584264755,0.054929584264755,97.697967529297,268.14999389648
20-APR-2026,8.8432720708332,15515,3C345,0.41632798314095,86100,AP-N901-F303,0.056421622633934,0.056421622633934,101.15813446045,268.14999389648
20-APR-2026,8.8432720708332,15515,3C345,0.41632798314095,86100,AP-N902-F303,0.054929584264755,0.054929584264755,97.697967529297,268.14999389648
20-APR-2026,8.8522999308782,15515,3C345,0.41562792658806,86100,AP-N901-F303,0.056421622633934,0.056421622633934,101.15813446045,268.14999389648
20-APR-2026,8.8522999308782,15515,3C345,0.41562792658806,86100,AP-N902-F303,0.054929584264755,0.054929584264755,97.697967529297,268.14999389648
20-APR-2026,8.8616055678902,15515,3C345,0.41490244865417,86100,AP-N901-F303,0.056421622633934,0.056421622633934,101.15813446045,268.14999389648
20-APR-2026,8.8616055678902,15515,3C345,0.41490244865417,86100,AP-N902-F303,0.054929584264755,0.054929584264755,97.697967529297,268.14999389648
20-APR-2026,8.9149393804948,15522,MRK501,0.42520350217819,86100,AP-N901-F303,0,0,110.04187774658,266.95001220703
20-APR-2026,8.9149393804948,15522,MRK501,0.42520350217819,86100,AP-N902-F303,0,0,106.44010925293,266.95001220703
20-APR-2026,8.9238283506592,15522,MRK501,0.42455938458443,86100,AP-N901-F303,0,0,110.04187774658,266.95001220703
20-APR-2026,8.9238283506592,15522,MRK501,0.42455938458443,86100,AP-N902-F303,0,0,106.44010925293,266.95001220703
20-APR-2026,8.9327173187282,15522,MRK501,0.42391160130501,86100,AP-N901-F303,0,0,110.04187774658,266.95001220703
20-APR-2026,8.9327173187282,15522,MRK501,0.42391160130501,86100,AP-N902-F303,0,0,106.44010925293,266.95001220703
20-APR-2026,8.9416062854002,15522,MRK501,0.42326000332832,86100,AP-N901-F303,0,0,110.04187774658,266.95001220703
20-APR-2026,8.9416062854002,15522,MRK501,0.42326000332832,86100,AP-N902-F303,0,0,106.44010925293,266.95001220703
20-APR-2026,8.9507730348017,15522,MRK501,0.42258417606354,86100,AP-N901-F303,0,0,110.04187774658,266.95001220703
20-APR-2026,8.9507730348017,15522,MRK501,0.42258417606354,86100,AP-N902-F303,0,0,106.44010925293,266.95001220703
20-APR-2026,8.9598008936243,15522,MRK501,0.42191460728645,86100,AP-N901-F303,0,0,110.04187774658,266.95001220703
20-APR-2026,8.9598008936243,15522,MRK501,0.42191460728645,86100,AP-N902-F303,0,0,106.44010925293,266.95001220703
20-APR-2026,9.1606360273808,15527,3C345,0.38949036598206,86100,AP-N901-F303,0.055602394044399,0.055602394044399,103.37934112549,268.45001220703
20-APR-2026,9.1606360273808,15527,3C345,0.38949036598206,86100,AP-N902-F303,0.054502706974745,0.054502706974745,100.15701293945,268.45001220703
20-APR-2026,9.1763306158349,15531,3C345,0.38804677128792,86100,AP-N901-F303,0.055602394044399,0.055602394044399,103.37934112549,268.45001220703
20-APR-2026,9.1763306158349,15531,3C345,0.38804677128792,86100,AP-N902-F303,0.054502706974745,0.054502706974745,100.15701293945,268.45001220703
20-APR-2026,9.1854973650618,15531,3C345,0.38719862699509,86100,AP-N901-F303,0.055602394044399,0.055602394044399,103.37934112549,268.45001220703
20-APR-2026,9.1854973650618,15531,3C345,0.38719862699509,86100,AP-N902-F303,0.054502706974745,0.054502706974745,100.15701293945,268.45001220703
20-APR-2026,9.1943863347024,15531,3C345,0.38637280464172,86100,AP-N901-F303,0.055602394044399,0.055602394044399,103.37934112549,268.45001220703
20-APR-2026,9.1943863347024,15531,3C345,0.38637280464172,86100,AP-N902-F303,0.054502706974745,0.054502706974745,100.15701293945,268.45001220703
20-APR-2026,9.2488312712406,15538,MRK501,0.39848101139069,86100,AP-N901-F303,0,0,113.05070495605,268.45001220703
20-APR-2026,9.2488312712406,15538,MRK501,0.39848101139069,86100,AP-N902-F303,0,0,109.29379272461,268.45001220703
20-APR-2026,9.2577202396588,15538,MRK501,0.39770013093948,86100,AP-N901-F303,0,0,113.05070495605,268.45001220703
20-APR-2026,9.2577202396588,15538,MRK501,0.39770013093948,86100,AP-N902-F303,0,0,109.29379272461,268.45001220703
20-APR-2026,9.2666092091247,15538,MRK501,0.39691585302353,86100,AP-N901-F303,0,0,113.05070495605,268.45001220703
20-APR-2026,9.2666092091247,15538,MRK501,0.39691585302353,86100,AP-N902-F303,0,0,109.29379272461,268.45001220703
20-APR-2026,9.2754981757966,15538,MRK501,0.39612805843353,86100,AP-N901-F303,0,0,113.05070495605,268.45001220703
20-APR-2026,9.2754981757966,15538,MRK501,0.39612805843353,86100,AP-N902-F303,0,0,109.29379272461,268.45001220703
20-APR-2026,9.2843871461357,15538,MRK501,0.39533677697182,86100,AP-N901-F303,0,0,113.05070495605,268.45001220703
20-APR-2026,9.2843871461357,15538,MRK501,0.39533677697182,86100,AP-N902-F303,0,0,109.29379272461,268.45001220703
20-APR-2026,9.2932761143793,15538,MRK501,0.39454197883606,86100,AP-N901-F303,0,0,113.05070495605,268.45001220703
20-APR-2026,9.2932761143793,15538,MRK501,0.39454197883606,86100,AP-N902-F303,0,0,109.29379272461,268.45001220703
20-APR-2026,9.4938542465886,15546,3C345,0.35660889744759,86100,AP-N901-F303,0.055641796439886,0.055641796439886,107.09965515137,268.14999389648
20-APR-2026,9.4938542465886,15546,3C345,0.35660889744759,86100,AP-N902-F303,0.055427420884371,0.055427420884371,103.82834625244,268.14999389648
20-APR-2026,9.5103821739765,15550,3C345,0.3548592031002,86100,AP-N901-F303,0.055641796439886,0.055641796439886,107.09965515137,268.14999389648
20-APR-2026,9.5103821739765,15550,3C345,0.3548592031002,86100,AP-N902-F303,0.055427420884371,0.055427420884371,103.82834625244,268.14999389648
20-APR-2026,9.5192711409977,15550,3C345,0.35391366481781,86100,AP-N901-F303,0.055641796439886,0.055641796439886,107.09965515137,268.14999389648
20-APR-2026,9.5192711409977,15550,3C345,0.35391366481781,86100,AP-N902-F303,0.055427420884371,0.055427420884371,103.82834625244,268.14999389648
20-APR-2026,9.5281601106383,15550,3C345,0.35296511650085,86100,AP-N901-F303,0.055641796439886,0.055641796439886,107.09965515137,268.14999389648
20-APR-2026,9.5281601106383,15550,3C345,0.35296511650085,86100,AP-N902-F303,0.055427420884371,0.055427420884371,103.82834625244,268.14999389648
20-APR-2026,9.5820494832889,15557,MRK501,0.36687386035919,86100,AP-N901-F303,0,0,114.93078613281,266.95001220703
20-APR-2026,9.5820494832889,15557,MRK501,0.36687386035919,86100,AP-N902-F303,0,0,111.41786193848,266.95001220703
20-APR-2026,9.5909384494369,15557,MRK501,0.36596667766571,86100,AP-N901-F303,0,0,114.93078613281,266.95001220703
20-APR-2026,9.5909384494369,15557,MRK501,0.36596667766571,86100,AP-N902-F303,0,0,111.41786193848,266.95001220703
20-APR-2026,9.5998274199506,15557,MRK501,0.36505630612373,86100,AP-N901-F303,0,0,114.93078613281,266.95001220703
20-APR-2026,9.5998274199506,15557,MRK501,0.36505630612373,86100,AP-N902-F303,0,0,111.41786193848,266.95001220703
20-APR-2026,9.6087163866226,15557,MRK501,0.36414268612862,86100,AP-N901-F303,0,0,114.93078613281,266.95001220703
20-APR-2026,9.6087163866226,15557,MRK501,0.36414268612862,86100,AP-N902-F303,0,0,111.41786193848,266.95001220703
20-APR-2026,9.6176053569616,15557,MRK501,0.36322590708733,86100,AP-N901-F303,0,0,114.93078613281,266.95001220703
20-APR-2026,9.6176053569616,15557,MRK501,0.36322590708733,86100,AP-N902-F303,0,0,111.41786193848,266.95001220703
20-APR-2026,9.6264943266022,15557,MRK501,0.3623058795929,86100,AP-N901-F303,0,0,114.93078613281,266.95001220703
20-APR-2026,9.6264943266022,15557,MRK501,0.3623058795929,86100,AP-N902-F303,0,0,111.41786193848,266.95001220703
20-APR-2026,9.8274683540809,15562,3C345,0.31925022602081,86100,AP-N901-F303,0.054202117025852,0.054202117025852,111.25180053711,268.14999389648
20-APR-2026,9.8274683540809,15562,3C345,0.31925022602081,86100,AP-N902-F303,0.054183546453714,0.054183546453714,108.22473907471,268.14999389648
20-APR-2026,9.8431629376455,15566,3C345,0.31739005446434,86100,AP-N901-F303,0.054202117025852,0.054202117025852,111.25180053711,268.14999389648
20-APR-2026,9.8431629376455,15566,3C345,0.31739005446434,86100,AP-N902-F303,0.054183546453714,0.054183546453714,108.22473907471,268.14999389648
20-APR-2026,9.8520519078099,15566,3C345,0.31633228063583,86100,AP-N901-F303,0.054202117025852,0.054202117025852,111.25180053711,268.14999389648
20-APR-2026,9.8520519078099,15566,3C345,0.31633228063583,86100,AP-N902-F303,0.054183546453714,0.054183546453714,108.22473907471,268.14999389648
20-APR-2026,9.8609408744819,15566,3C345,0.3152719438076,86100,AP-N901-F303,0.054202117025852,0.054202117025852,111.25180053711,268.14999389648
20-APR-2026,9.8609408744819,15566,3C345,0.3152719438076,86100,AP-N902-F303,0.054183546453714,0.054183546453714,108.22473907471,268.14999389648
20-APR-2026,9.8778239596931E-03,15184,0420-014,0.26005917787552,86100,AP-N901-F303,0.057250764220953,0.057250764220953,128.98947143555,267.95001220703
20-APR-2026,9.8778239596931E-03,15184,0420-014,0.26005917787552,86100,AP-N902-F303,0.056700512766838,0.056700512766838,125.94478607178,267.95001220703
20-APR-2026,9.915385807353,15573,MRK501,0.33070936799049,86100,AP-N901-F303,0,0,119.71396636963,268.35000610352
20-APR-2026,9.915385807353,15573,MRK501,0.33070936799049,86100,AP-N902-F303,0,0,116.21607208252,268.35000610352
20-APR-2026,9.9242747750727,15573,MRK501,0.32968637347221,86100,AP-N901-F303,0,0,119.71396636963,268.35000610352
20-APR-2026,9.9242747750727,15573,MRK501,0.32968637347221,86100,AP-N902-F303,0,0,116.21607208252,268.35000610352
20-APR-2026,9.9331637447133,15573,MRK501,0.32866048812866,86100,AP-N901-F303,0,0,119.71396636963,268.35000610352
20-APR-2026,9.9331637447133,15573,MRK501,0.32866048812866,86100,AP-N902-F303,0,0,116.21607208252,268.35000610352
20-APR-2026,9.9420527148777,15573,MRK501,0.32763165235519,86100,AP-N901-F303,0,0,119.71396636963,268.35000610352
20-APR-2026,9.9420527148777,15573,MRK501,0.32763165235519,86100,AP-N902-F303,0,0,116.21607208252,268.35000610352
20-APR-2026,9.9509416845182,15573,MRK501,0.32659992575645,86100,AP-N901-F303,0,0,119.71396636963,268.35000610352
20-APR-2026,9.9509416845182,15573,MRK501,0.32659992575645,86100,AP-N902-F303,0,0,116.21607208252,268.35000610352
20-APR-2026,9.9598306517141,15573,MRK501,0.32556521892548,86100,AP-N901-F303,0,0,119.71396636963,268.35000610352
20-APR-2026,9.9598306517141,15573,MRK501,0.32556521892548,86100,AP-N902-F303,0,0,116.21607208252,268.35000610352
