21-APR-2026,6.9814190233343,16084,1749+096,0.88942044973373,86241,AP-N901-F303,0.056608267128468,0.056608267128468,79.672653198242,268.14999389648
21-APR-2026,6.9814190233343,16084,1749+096,0.88942044973373,86241,AP-N902-F303,0.05165871232748,0.05165871232748,76.946441650391,268.14999389648
21-APR-2026,7.00933594607,16088,1749+096,0.89332711696625,86241,AP-N901-F303,0.056608267128468,0.056608267128468,79.672653198242,268.14999389648
21-APR-2026,7.00933594607,16088,1749+096,0.89332711696625,86241,AP-N902-F303,0.05165871232748,0.05165871232748,76.946441650391,268.14999389648
21-APR-2026,7.0182249134405,16088,1749+096,0.89455986022949,86241,AP-N901-F303,0.056608267128468,0.056608267128468,79.672653198242,268.14999389648
21-APR-2026,7.0182249134405,16088,1749+096,0.89455986022949,86241,AP-N902-F303,0.05165871232748,0.05165871232748,76.946441650391,268.14999389648
21-APR-2026,7.0273916609212,16088,1749+096,0.89582532644272,86241,AP-N901-F303,0.056608267128468,0.056608267128468,79.672653198242,268.14999389648
21-APR-2026,7.0273916609212,16088,1749+096,0.89582532644272,86241,AP-N902-F303,0.05165871232748,0.05165871232748,76.946441650391,268.14999389648
21-APR-2026,7.0362806300379,16088,1749+096,0.89704692363739,86241,AP-N901-F303,0.056608267128468,0.056608267128468,79.672653198242,268.14999389648
21-APR-2026,7.0362806300379,16088,1749+096,0.89704692363739,86241,AP-N902-F303,0.05165871232748,0.05165871232748,76.946441650391,268.14999389648
21-APR-2026,7.0451695982815,16088,1749+096,0.8982629776001,86241,AP-N901-F303,0.056608267128468,0.056608267128468,79.672653198242,268.14999389648
21-APR-2026,7.0451695982815,16088,1749+096,0.8982629776001,86241,AP-N902-F303,0.05165871232748,0.05165871232748,76.946441650391,268.14999389648
21-APR-2026,7.1766985449318,16093,P-HALF,1.2762942314148,86241,AP-N901-F303,0.061617899686098,0.061617899686098,76.259033203125,268.14999389648
21-APR-2026,7.1766985449318,16093,P-HALF,1.2762942314148,86241,AP-N902-F303,0.055894646793604,0.055894646793604,73.21467590332,268.14999389648
21-APR-2026,7.1932264707481,16097,P-HALF,1.279923081398,86241,AP-N901-F303,0.061617899686098,0.061617899686098,76.259033203125,268.14999389648
21-APR-2026,7.1932264707481,16097,P-HALF,1.279923081398,86241,AP-N902-F303,0.055894646793604,0.055894646793604,73.21467590332,268.14999389648
21-APR-2026,7.2021154381186,16097,P-HALF,1.2818722724915,86241,AP-N901-F303,0.061617899686098,0.061617899686098,76.259033203125,268.14999389648
21-APR-2026,7.2021154381186,16097,P-HALF,1.2818722724915,86241,AP-N902-F303,0.055894646793604,0.055894646793604,73.21467590332,268.14999389648
21-APR-2026,7.2110044065367,16097,P-HALF,1.283819437027,86241,AP-N901-F303,0.061617899686098,0.061617899686098,76.259033203125,268.14999389648
21-APR-2026,7.2110044065367,16097,P-HALF,1.283819437027,86241,AP-N902-F303,0.055894646793604,0.055894646793604,73.21467590332,268.14999389648
21-APR-2026,7.2198933760027,16097,P-HALF,1.2857645750046,86241,AP-N901-F303,0.061617899686098,0.061617899686098,76.259033203125,268.14999389648
21-APR-2026,7.2198933760027,16097,P-HALF,1.2857645750046,86241,AP-N902-F303,0.055894646793604,0.055894646793604,73.21467590332,268.14999389648
21-APR-2026,7.2287823433731,16097,P-HALF,1.2877078056335,86241,AP-N901-F303,0.061617899686098,0.061617899686098,76.259033203125,268.14999389648
21-APR-2026,7.2287823433731,16097,P-HALF,1.2877078056335,86241,AP-N902-F303,0.055894646793604,0.055894646793604,73.21467590332,268.14999389648
21-APR-2026,7.2376713107436,16097,P-HALF,1.2896488904953,86241,AP-N901-F303,0.061617899686098,0.061617899686098,76.259033203125,268.14999389648
21-APR-2026,7.2376713107436,16097,P-HALF,1.2896488904953,86241,AP-N902-F303,0.055894646793604,0.055894646793604,73.21467590332,268.14999389648
21-APR-2026,7.3200331551746,16102,P-HALF,1.3075278997421,86241,AP-N901-F303,0.06006059423089,0.06006059423089,76.105949401855,268.14999389648
21-APR-2026,7.3200331551746,16102,P-HALF,1.3075278997421,86241,AP-N902-F303,0.05250845476985,0.05250845476985,73.12574005127,268.14999389648
21-APR-2026,7.3487834084622,16106,P-HALF,1.3137190341949,86241,AP-N901-F303,0.06006059423089,0.06006059423089,76.105949401855,268.14999389648
21-APR-2026,7.3487834084622,16106,P-HALF,1.3137190341949,86241,AP-N902-F303,0.05250845476985,0.05250845476985,73.12574005127,268.14999389648
21-APR-2026,7.3576723781028,16106,P-HALF,1.3156274557114,86241,AP-N901-F303,0.06006059423089,0.06006059423089,76.105949401855,268.14999389648
21-APR-2026,7.3576723781028,16106,P-HALF,1.3156274557114,86241,AP-N902-F303,0.05250845476985,0.05250845476985,73.12574005127,268.14999389648
21-APR-2026,7.366561346521,16106,P-HALF,1.3175330162048,86241,AP-N901-F303,0.06006059423089,0.06006059423089,76.105949401855,268.14999389648
21-APR-2026,7.366561346521,16106,P-HALF,1.3175330162048,86241,AP-N902-F303,0.05250845476985,0.05250845476985,73.12574005127,268.14999389648
21-APR-2026,7.3754503142407,16106,P-HALF,1.3194355964661,86241,AP-N901-F303,0.06006059423089,0.06006059423089,76.105949401855,268.14999389648
21-APR-2026,7.3754503142407,16106,P-HALF,1.3194355964661,86241,AP-N902-F303,0.05250845476985,0.05250845476985,73.12574005127,268.14999389648
21-APR-2026,7.3843392803888,16106,P-HALF,1.3213353157043,86241,AP-N901-F303,0.06006059423089,0.06006059423089,76.105949401855,268.14999389648
21-APR-2026,7.3843392803888,16106,P-HALF,1.3213353157043,86241,AP-N902-F303,0.05250845476985,0.05250845476985,73.12574005127,268.14999389648
21-APR-2026,7.3932282481085,16106,P-HALF,1.3232319355011,86241,AP-N901-F303,0.06006059423089,0.06006059423089,76.105949401855,268.14999389648
21-APR-2026,7.3932282481085,16106,P-HALF,1.3232319355011,86241,AP-N902-F303,0.05250845476985,0.05250845476985,73.12574005127,268.14999389648
21-APR-2026,7.475590096905,16111,P-HALF,1.340646147728,86241,AP-N901-F303,0.05547134578228,0.05547134578228,76.006072998047,268.35000610352
21-APR-2026,7.475590096905,16111,P-HALF,1.340646147728,86241,AP-N902-F303,0.046247724443674,0.046247724443674,72.907348632812,268.35000610352
21-APR-2026,7.5123959698981,16115,P-HALF,1.3483237028122,86241,AP-N901-F303,0.05547134578228,0.05547134578228,76.006072998047,268.35000610352
21-APR-2026,7.5123959698981,16115,P-HALF,1.3483237028122,86241,AP-N902-F303,0.046247724443674,0.046247724443674,72.907348632812,268.35000610352
21-APR-2026,7.5212849372686,16115,P-HALF,1.3501673936844,86241,AP-N901-F303,0.05547134578228,0.05547134578228,76.006072998047,268.35000610352
21-APR-2026,7.5212849372686,16115,P-HALF,1.3501673936844,86241,AP-N902-F303,0.046247724443674,0.046247724443674,72.907348632812,268.35000610352
21-APR-2026,7.5301739042898,16115,P-HALF,1.3520064353943,86241,AP-N901-F303,0.05547134578228,0.05547134578228,76.006072998047,268.35000610352
21-APR-2026,7.5301739042898,16115,P-HALF,1.3520064353943,86241,AP-N902-F303,0.046247724443674,0.046247724443674,72.907348632812,268.35000610352
21-APR-2026,7.5390628723587,16115,P-HALF,1.3538408279419,86241,AP-N901-F303,0.05547134578228,0.05547134578228,76.006072998047,268.35000610352
21-APR-2026,7.5390628723587,16115,P-HALF,1.3538408279419,86241,AP-N902-F303,0.046247724443674,0.046247724443674,72.907348632812,268.35000610352
21-APR-2026,7.5479518419993,16115,P-HALF,1.3556705713272,86241,AP-N901-F303,0.05547134578228,0.05547134578228,76.006072998047,268.35000610352
21-APR-2026,7.5479518419993,16115,P-HALF,1.3556705713272,86241,AP-N902-F303,0.046247724443674,0.046247724443674,72.907348632812,268.35000610352
21-APR-2026,7.556840809719,16115,P-HALF,1.3574955463409,86241,AP-N901-F303,0.05547134578228,0.05547134578228,76.006072998047,268.35000610352
21-APR-2026,7.556840809719,16115,P-HALF,1.3574955463409,86241,AP-N902-F303,0.046247724443674,0.046247724443674,72.907348632812,268.35000610352
21-APR-2026,7.6392026508321,16120,P-HALF,1.374152302742,86241,AP-N901-F303,0.054248288273811,0.054248288273811,75.757934570313,268.45001220703
21-APR-2026,7.6392026508321,16120,P-HALF,1.374152302742,86241,AP-N902-F303,0.044849306344986,0.044849306344986,72.783813476563,268.45001220703
21-APR-2026,7.6679529062153,16124,P-HALF,1.3798449039459,86241,AP-N901-F303,0.054248288273811,0.054248288273811,75.757934570313,268.45001220703
21-APR-2026,7.6679529062153,16124,P-HALF,1.3798449039459,86241,AP-N902-F303,0.044849306344986,0.044849306344986,72.783813476563,268.45001220703
21-APR-2026,7.6768418744588,16124,P-HALF,1.3815910816193,86241,AP-N901-F303,0.054248288273811,0.054248288273811,75.757934570313,268.45001220703
21-APR-2026,7.6768418744588,16124,P-HALF,1.3815910816193,86241,AP-N902-F303,0.044849306344986,0.044849306344986,72.783813476563,268.45001220703
21-APR-2026,7.6857308430516,16124,P-HALF,1.3833298683167,86241,AP-N901-F303,0.054248288273811,0.054248288273811,75.757934570313,268.45001220703
21-APR-2026,7.6857308430516,16124,P-HALF,1.3833298683167,86241,AP-N902-F303,0.044849306344986,0.044849306344986,72.783813476563,268.45001220703
21-APR-2026,7.6946198105967,16124,P-HALF,1.3850613832474,86241,AP-N901-F303,0.054248288273811,0.054248288273811,75.757934570313,268.45001220703
21-APR-2026,7.6946198105967,16124,P-HALF,1.3850613832474,86241,AP-N902-F303,0.044849306344986,0.044849306344986,72.783813476563,268.45001220703
21-APR-2026,7.7035087772687,16124,P-HALF,1.3867853879929,86241,AP-N901-F303,0.054248288273811,0.054248288273811,75.757934570313,268.45001220703
21-APR-2026,7.7035087772687,16124,P-HALF,1.3867853879929,86241,AP-N902-F303,0.044849306344986,0.044849306344986,72.783813476563,268.45001220703
21-APR-2026,7.7123977444645,16124,P-HALF,1.3885017633438,86241,AP-N901-F303,0.054248288273811,0.054248288273811,75.757934570313,268.45001220703
21-APR-2026,7.7123977444645,16124,P-HALF,1.3885017633438,86241,AP-N902-F303,0.044849306344986,0.044849306344986,72.783813476563,268.45001220703
