25-SEP-2026,23.993743418147,57268,1749+096,0.8183885216713,88500,AP-N901-F303,0.016135999932885,0.016135999932885,77.659767150879,273.25
25-SEP-2026,23.993743418147,57268,1749+096,0.8183885216713,88500,AP-N902-F303,0.016135999932885,0.016135999932885,76.625274658203,273.25
26-SEP-2026,10.058268787386,57517,0506+056,1.0374690294266,88500,AP-N901-F303,0.017451625317335,0.017451625317335,76.843078613281,273.64999389648
26-SEP-2026,10.058268787386,57517,0506+056,1.0374690294266,88500,AP-N902-F303,0.017451625317335,0.017451625317335,75.458168029785,273.64999389648
26-SEP-2026,10.244381739792,57522,0346-279,1.0346227884293,88500,AP-N901-F303,0.01849227398634,0.01849227398634,76.697814941406,273.64999389648
26-SEP-2026,10.244381739792,57522,0346-279,1.0346227884293,88500,AP-N902-F303,0.01849227398634,0.01849227398634,75.411186218262,273.64999389648
26-SEP-2026,10.308271271152,57524,0346-279,1.0197794437408,88500,AP-N901-F303,0.01849227398634,0.01849227398634,76.697814941406,273.64999389648
26-SEP-2026,10.308271271152,57524,0346-279,1.0197794437408,88500,AP-N902-F303,0.01849227398634,0.01849227398634,75.411186218262,273.64999389648
26-SEP-2026,10.494106454275,57529,0506+056,0.98992252349854,88500,AP-N901-F303,0.018755523487926,0.018755523487926,76.881683349609,274.25
26-SEP-2026,10.494106454275,57529,0506+056,0.98992252349854,88500,AP-N902-F303,0.018755523487926,0.018755523487926,75.720176696777,274.25
26-SEP-2026,10.55799597341,57531,0506+056,0.9814435839653,88500,AP-N901-F303,0.018755523487926,0.018755523487926,76.881683349609,274.25
26-SEP-2026,10.55799597341,57531,0506+056,0.9814435839653,88500,AP-N902-F303,0.018755523487926,0.018755523487926,75.720176696777,274.25
26-SEP-2026,10.744108936993,57536,0346-279,0.91853004693985,88500,AP-N901-F303,0.018447579815984,0.018447579815984,77.521598815918,274.25
26-SEP-2026,10.744108936993,57536,0346-279,0.91853004693985,88500,AP-N902-F303,0.018447579815984,0.018447579815984,76.588027954102,274.25
26-SEP-2026,10.807998461716,57538,0346-279,0.90369880199432,88500,AP-N901-F303,0.018447579815984,0.018447579815984,77.521598815918,274.25
26-SEP-2026,10.807998461716,57538,0346-279,0.90369880199432,88500,AP-N902-F303,0.018447579815984,0.018447579815984,76.588027954102,274.25
26-SEP-2026,10.99383364903,57543,0506+056,0.91584241390228,88500,AP-N901-F303,0.018488928675652,0.018488928675652,78.748054504395,275.54998779297
26-SEP-2026,10.99383364903,57543,0506+056,0.91584241390228,88500,AP-N902-F303,0.018488928675652,0.018488928675652,77.344856262207,275.54998779297
26-SEP-2026,11.058556514958,57545,0506+056,0.90501934289932,88500,AP-N901-F303,0.018488928675652,0.018488928675652,78.748054504395,275.54998779297
26-SEP-2026,11.058556514958,57545,0506+056,0.90501934289932,88500,AP-N902-F303,0.018488928675652,0.018488928675652,77.344856262207,275.54998779297
26-SEP-2026,11.243928697295,57553,0346-279,0.80265599489212,88500,AP-N901-F303,0.018843654543161,0.018843654543161,81.460845947266,275.04998779297
26-SEP-2026,11.243928697295,57553,0346-279,0.80265599489212,88500,AP-N902-F303,0.018843654543161,0.018843654543161,79.878410339355,275.04998779297
26-SEP-2026,11.308095998462,57555,0346-279,0.78781402111053,88500,AP-N901-F303,0.018843654543161,0.018843654543161,81.460845947266,275.04998779297
26-SEP-2026,11.308095998462,57555,0346-279,0.78781402111053,88500,AP-N902-F303,0.018843654543161,0.018843654543161,79.878410339355,275.04998779297
26-SEP-2026,11.494162621995,57562,0506+056,0.82683533430099,88500,AP-N901-F303,0.019444849342108,0.019444849342108,79.361335754395,275.45001220703
26-SEP-2026,11.494162621995,57562,0506+056,0.82683533430099,88500,AP-N902-F303,0.019444849342108,0.019444849342108,78.047714233398,275.45001220703
26-SEP-2026,11.558329935909,57564,0506+056,0.81458806991577,88500,AP-N901-F303,0.019444849342108,0.019444849342108,79.361335754395,275.45001220703
26-SEP-2026,11.558329935909,57564,0506+056,0.81458806991577,88500,AP-N902-F303,0.019444849342108,0.019444849342108,78.047714233398,275.45001220703
26-SEP-2026,11.74388734451,57569,0346-279,0.6872780919075,88500,AP-N901-F303,0.01929035782814,0.01929035782814,83.57430267334,276.75
26-SEP-2026,11.74388734451,57569,0346-279,0.6872780919075,88500,AP-N902-F303,0.01929035782814,0.01929035782814,82.071556091309,276.75
26-SEP-2026,11.808332436439,57571,0346-279,0.67245870828629,88500,AP-N901-F303,0.01929035782814,0.01929035782814,83.57430267334,276.75
26-SEP-2026,11.808332436439,57571,0346-279,0.67245870828629,88500,AP-N902-F303,0.01929035782814,0.01929035782814,82.071556091309,276.75
26-SEP-2026,11.994213874046,57578,0506+056,0.72776556015015,88500,AP-N901-F303,0.01942934282124,0.01942934282124,82.30689239502,276.64999389648
26-SEP-2026,11.994213874046,57578,0506+056,0.72776556015015,88500,AP-N902-F303,0.01942934282124,0.01942934282124,81.014350891113,276.64999389648
26-SEP-2026,12.058658964054,57580,0506+056,0.71442925930023,88500,AP-N901-F303,0.01942934282124,0.01942934282124,82.30689239502,276.64999389648
26-SEP-2026,12.058658964054,57580,0506+056,0.71442925930023,88500,AP-N902-F303,0.01942934282124,0.01942934282124,81.014350891113,276.64999389648
26-SEP-2026,12.159853107357,57583,R-HOR,0.45522272586823,88500,AP-N901-F303,0.019592380151153,0.019592380151153,91.635604858398,277.35000610352
26-SEP-2026,12.159853107357,57583,R-HOR,0.45522272586823,88500,AP-N902-F303,0.019592380151153,0.019592380151153,90.325500488281,277.35000610352
26-SEP-2026,12.243938564256,57588,0346-279,0.57265400886536,88500,AP-N901-F303,0.019700506702065,0.019700506702065,86.519668579102,277.95001220703
26-SEP-2026,12.243938564256,57588,0346-279,0.57265400886536,88500,AP-N902-F303,0.019700506702065,0.019700506702065,85.103218078613,277.95001220703
26-SEP-2026,12.308383662471,57590,0346-279,0.55795294046402,88500,AP-N901-F303,0.019700506702065,0.019700506702065,86.519668579102,277.95001220703
26-SEP-2026,12.308383662471,57590,0346-279,0.55795294046402,88500,AP-N902-F303,0.019700506702065,0.019700506702065,85.103218078613,277.95001220703
26-SEP-2026,12.409487186575,57593,IK-TAU,0.30876091122627,88500,AP-N901-F303,0.019426299259067,0.019426299259067,102.84805297852,278.54998779297
26-SEP-2026,12.409487186575,57593,IK-TAU,0.30876091122627,88500,AP-N902-F303,0.013395865447819,0.013395865447819,99.601722717285,278.54998779297
26-SEP-2026,12.493848247083,57598,0506+056,0.62188702821732,88500,AP-N901-F303,0.019611714407802,0.019611714407802,85.786125183105,278.85000610352
26-SEP-2026,12.493848247083,57598,0506+056,0.62188702821732,88500,AP-N902-F303,0.019611714407802,0.019611714407802,84.253135681152,278.85000610352
26-SEP-2026,12.558848894169,57600,0506+056,0.60771721601486,88500,AP-N901-F303,0.019611714407802,0.019611714407802,85.786125183105,278.85000610352
26-SEP-2026,12.558848894169,57600,0506+056,0.60771721601486,88500,AP-N902-F303,0.019611714407802,0.019611714407802,84.253135681152,278.85000610352
26-SEP-2026,12.744193217854,57608,0346-279,0.45900708436966,88500,AP-N901-F303,0.01984728127718,0.01984728127718,91.394309997559,278.45001220703
26-SEP-2026,12.744193217854,57608,0346-279,0.45900708436966,88500,AP-N902-F303,0.01984728127718,0.01984728127718,90.203765869141,278.45001220703
26-SEP-2026,12.808360535435,57610,0346-279,0.44451984763145,88500,AP-N901-F303,0.01984728127718,0.01984728127718,91.394309997559,278.45001220703
26-SEP-2026,12.808360535435,57610,0346-279,0.44451984763145,88500,AP-N902-F303,0.01984728127718,0.01984728127718,90.203765869141,278.45001220703
26-SEP-2026,12.994433910941,57618,0506+056,0.51102542877197,88500,AP-N901-F303,0.019707972183824,0.019707972183824,90.248924255371,279.14999389648
26-SEP-2026,12.994433910941,57618,0506+056,0.51102542877197,88500,AP-N902-F303,0.019707972183824,0.019707972183824,88.47200012207,279.14999389648
26-SEP-2026,13.058879007759,57620,0506+056,0.49647814035416,88500,AP-N901-F303,0.019707972183824,0.019707972183824,90.248924255371,279.14999389648
26-SEP-2026,13.058879007759,57620,0506+056,0.49647814035416,88500,AP-N902-F303,0.019707972183824,0.019707972183824,88.47200012207,279.14999389648
26-SEP-2026,13.244112325362,57628,0346-279,0.34672960639,88500,AP-N901-F303,0.019429866224527,0.019429866224527,99.075469970703,278.75
26-SEP-2026,13.244112325362,57628,0346-279,0.34672960639,88500,AP-N902-F303,0.01353227160871,0.01353227160871,95.895286560059,278.75
26-SEP-2026,13.308696311711,57630,0346-279,0.33233797550201,88500,AP-N901-F303,0.019429866224527,0.019429866224527,99.075469970703,278.75
26-SEP-2026,13.308696311711,57630,0346-279,0.33233797550201,88500,AP-N902-F303,0.01353227160871,0.01353227160871,95.895286560059,278.75
26-SEP-2026,13.494253752792,57635,0506+056,0.39697504043579,88500,AP-N901-F303,0.019461257383227,0.019461257383227,96.692184448242,278.64999389648
26-SEP-2026,13.494253752792,57635,0506+056,0.39697504043579,88500,AP-N902-F303,0.019461257383227,0.019461257383227,94.790954589844,278.64999389648
26-SEP-2026,13.558421073691,57637,0506+056,0.38213893771172,88500,AP-N901-F303,0.019461257383227,0.019461257383227,96.692184448242,278.64999389648
26-SEP-2026,13.558421073691,57637,0506+056,0.38213893771172,88500,AP-N902-F303,0.019461257383227,0.019461257383227,94.790954589844,278.64999389648
26-SEP-2026,13.743978513375,57642,0346-279,0.23607118427753,88500,AP-N901-F303,0.019010089337826,0.019010089337826,114.11837005615,277.35000610352
26-SEP-2026,13.743978513375,57642,0346-279,0.23607118427753,88500,AP-N902-F303,0.015980394557118,0.015980394557118,111.38508605957,277.35000610352
26-SEP-2026,13.808423617527,57644,0346-279,0.22194407880306,88500,AP-N901-F303,0.019010089337826,0.019010089337826,114.11837005615,277.35000610352
26-SEP-2026,13.808423617527,57644,0346-279,0.22194407880306,88500,AP-N902-F303,0.015980394557118,0.015980394557118,111.38508605957,277.35000610352
26-SEP-2026,13.994258844481,57649,0506+056,0.28049302101135,88500,AP-N901-F303,0.019121751189232,0.019121751189232,106.3102645874,278.14999389648
26-SEP-2026,13.994258844481,57649,0506+056,0.28049302101135,88500,AP-N902-F303,0.015112159773707,0.015112159773707,103.4107131958,278.14999389648
26-SEP-2026,14.058426168174,57651,0506+056,0.26540571451187,88500,AP-N901-F303,0.019121751189232,0.019121751189232,106.3102645874,278.14999389648
26-SEP-2026,14.058426168174,57651,0506+056,0.26540571451187,88500,AP-N902-F303,0.015112159773707,0.015112159773707,103.4107131958,278.14999389648
26-SEP-2026,14.243983620256,57656,0506+056,0.22164350748062,88500,AP-N901-F303,0.019235718995333,0.019235718995333,117.98708343506,277.75
26-SEP-2026,14.243983620256,57656,0506+056,0.22164350748062,88500,AP-N902-F303,0.016136210411787,0.016136210411787,114.62693786621,277.75
26-SEP-2026,14.308428726678,57658,0506+056,0.20639353990555,88500,AP-N901-F303,0.019235718995333,0.019235718995333,117.98708343506,277.75
26-SEP-2026,14.308428726678,57658,0506+056,0.20639353990555,88500,AP-N902-F303,0.016136210411787,0.016136210411787,114.62693786621,277.75
26-SEP-2026,14.495097304964,57663,0506+056,0.16210828721523,88500,AP-N901-F303,0.016221670433879,0.016221670433879,130.73614501953,278.04998779297
26-SEP-2026,14.495097304964,57663,0506+056,0.16210828721523,88500,AP-N902-F303,0.02023552544415,0.02023552544415,132.23139953613,278.04998779297
26-SEP-2026,14.558709063721,57665,0506+056,0.14697456359863,88500,AP-N901-F303,0.016221670433879,0.016221670433879,130.73614501953,278.04998779297
26-SEP-2026,14.558709063721,57665,0506+056,0.14697456359863,88500,AP-N902-F303,0.02023552544415,0.02023552544415,132.23139953613,278.04998779297
26-SEP-2026,15.036146411133,57680,R-LMI,0.53269642591476,88500,AP-N901-F303,0.019237637519836,0.019237637519836,88.728660583496,278.54998779297
26-SEP-2026,15.036146411133,57680,R-LMI,0.53269642591476,88500,AP-N902-F303,0.019237637519836,0.019237637519836,87.689155578613,278.54998779297
26-SEP-2026,15.107835302449,57682,RX-BOO,0.34879887104034,88500,AP-N901-F303,0.018867265433073,0.018867265433073,99.995376586914,278.54998779297
26-SEP-2026,15.107835302449,57682,RX-BOO,0.34879887104034,88500,AP-N902-F303,0.014022631570697,0.014022631570697,97.468955993652,278.54998779297
26-SEP-2026,15.244233892421,57687,1420+326,0.30067199468613,88500,AP-N901-F303,0.018936460837722,0.018936460837722,108.73711395264,278.54998779297
26-SEP-2026,15.244233892421,57687,1420+326,0.30067199468613,88500,AP-N902-F303,0.016110274940729,0.016110274940729,105.59491729736,278.54998779297
26-SEP-2026,15.308956784891,57689,1420+326,0.31113630533218,88500,AP-N901-F303,0.018936460837722,0.018936460837722,108.73711395264,278.54998779297
26-SEP-2026,15.308956784891,57689,1420+326,0.31113630533218,88500,AP-N902-F303,0.016110274940729,0.016110274940729,105.59491729736,278.54998779297
26-SEP-2026,15.493958693865,57694,1420+326,0.3404238820076,88500,AP-N901-F303,0.019065964967012,0.019065964967012,102.15717315674,279.45001220703
26-SEP-2026,15.493958693865,57694,1420+326,0.3404238820076,88500,AP-N902-F303,0.011975606903434,0.011975606903434,98.623886108398,279.45001220703
26-SEP-2026,15.558403797668,57696,1420+326,0.35035893321037,88500,AP-N901-F303,0.019065964967012,0.019065964967012,102.15717315674,279.45001220703
26-SEP-2026,15.558403797668,57696,1420+326,0.35035893321037,88500,AP-N902-F303,0.011975606903434,0.011975606903434,98.623886108398,279.45001220703
26-SEP-2026,15.744239045227,57701,1420+326,0.37831658124924,88500,AP-N901-F303,0.020480766892433,0.020480766892433,99.574127197266,279.64999389648
26-SEP-2026,15.744239045227,57701,1420+326,0.37831658124924,88500,AP-N902-F303,0.01260606944561,0.01260606944561,95.811721801758,279.64999389648
26-SEP-2026,15.808406367873,57703,1420+326,0.38767626881599,88500,AP-N901-F303,0.020480766892433,0.020480766892433,99.574127197266,279.64999389648
26-SEP-2026,15.808406367873,57703,1420+326,0.38767626881599,88500,AP-N902-F303,0.01260606944561,0.01260606944561,95.811721801758,279.64999389648
26-SEP-2026,15.994519391176,57708,1420+326,0.41406273841858,88500,AP-N901-F303,0.02168782055378,0.02168782055378,98.294075012207,280.04998779297
26-SEP-2026,15.994519391176,57708,1420+326,0.41406273841858,88500,AP-N902-F303,0.02168782055378,0.02168782055378,96.522529602051,280.04998779297
26-SEP-2026,16.05882561156,57710,1420+326,0.42285612225533,88500,AP-N901-F303,0.02168782055378,0.02168782055378,98.294075012207,280.04998779297
26-SEP-2026,16.05882561156,57710,1420+326,0.42285612225533,88500,AP-N902-F303,0.02168782055378,0.02168782055378,96.522529602051,280.04998779297
26-SEP-2026,16.244799740792,57715,1420+326,0.44745337963104,88500,AP-N901-F303,0.022534564137459,0.022534564137459,97.030975341797,280.14999389648
26-SEP-2026,16.244799740792,57715,1420+326,0.44745337963104,88500,AP-N902-F303,0.022534564137459,0.022534564137459,95.624397277832,280.14999389648
26-SEP-2026,16.308689293805,57717,1420+326,0.45555230975151,88500,AP-N901-F303,0.022534564137459,0.022534564137459,97.030975341797,280.14999389648
26-SEP-2026,16.308689293805,57717,1420+326,0.45555230975151,88500,AP-N902-F303,0.022534564137459,0.022534564137459,95.624397277832,280.14999389648
26-SEP-2026,16.493968988128,57722,1420+326,0.47813794016838,88500,AP-N901-F303,0.02277815528214,0.02277815528214,95.971138000488,279.45001220703
26-SEP-2026,16.493968988128,57722,1420+326,0.47813794016838,88500,AP-N902-F303,0.02277815528214,0.02277815528214,94.256393432617,279.45001220703
26-SEP-2026,16.558136308678,57724,1420+326,0.48557615280151,88500,AP-N901-F303,0.02277815528214,0.02277815528214,95.971138000488,279.45001220703
26-SEP-2026,16.558136308678,57724,1420+326,0.48557615280151,88500,AP-N902-F303,0.02277815528214,0.02277815528214,94.256393432617,279.45001220703
26-SEP-2026,16.744804900933,57729,1420+326,0.50622171163559,88500,AP-N901-F303,0.022706840187311,0.022706840187311,94.559913635254,279.54998779297
26-SEP-2026,16.744804900933,57729,1420+326,0.50622171163559,88500,AP-N902-F303,0.022706840187311,0.022706840187311,92.652763366699,279.54998779297
26-SEP-2026,16.808416661088,57731,1420+326,0.51284390687943,88500,AP-N901-F303,0.022706840187311,0.022706840187311,94.559913635254,279.54998779297
26-SEP-2026,16.808416661088,57731,1420+326,0.51284390687943,88500,AP-N902-F303,0.022706840187311,0.022706840187311,92.652763366699,279.54998779297
26-SEP-2026,16.909236026977,57734,S-CRB,0.41862851381302,88500,AP-N901-F303,0.022529484704137,0.022529484704137,97.26830291748,279.85000610352
26-SEP-2026,16.909236026977,57734,S-CRB,0.41862851381302,88500,AP-N902-F303,0.015445994213223,0.015445994213223,94.343994140625,279.85000610352
26-SEP-2026,16.994337922863,57738,1420+326,0.53113812208176,88500,AP-N901-F303,0.022102085873485,0.022102085873485,92.837738037109,279.64999389648
26-SEP-2026,16.994337922863,57738,1420+326,0.53113812208176,88500,AP-N902-F303,0.022102085873485,0.022102085873485,91.246696472168,279.64999389648
26-SEP-2026,17.058783023349,57740,1420+326,0.53702908754349,88500,AP-N901-F303,0.022102085873485,0.022102085873485,92.837738037109,279.64999389648
26-SEP-2026,17.058783023349,57740,1420+326,0.53702908754349,88500,AP-N902-F303,0.022102085873485,0.022102085873485,91.246696472168,279.64999389648
26-SEP-2026,17.244618257636,57745,1420+326,0.55287575721741,88500,AP-N901-F303,0.022964516654611,0.022964516654611,89.998168945313,279.35000610352
26-SEP-2026,17.244618257636,57745,1420+326,0.55287575721741,88500,AP-N902-F303,0.016113273799419,0.016113273799419,87.06941986084,279.35000610352
26-SEP-2026,17.30850781257,57747,1420+326,0.55784845352173,88500,AP-N901-F303,0.022964516654611,0.022964516654611,89.998168945313,279.35000610352
26-SEP-2026,17.30850781257,57747,1420+326,0.55784845352173,88500,AP-N902-F303,0.016113273799419,0.016113273799419,87.06941986084,279.35000610352
26-SEP-2026,20.079589324677,57830,RR-AQL,0.48130938410759,88500,AP-N901-F303,0.026129674166441,0.026129674166441,98.190292358398,277.64999389648
26-SEP-2026,20.079589324677,57830,RR-AQL,0.48130938410759,88500,AP-N902-F303,0.013792430981994,0.013792430981994,93.588607788086,277.64999389648
26-SEP-2026,20.243906910508,57834,2131-021,0.13497602939606,88500,AP-N901-F303,0.026801573112607,0.026801573112607,179.41421508789,277.54998779297
26-SEP-2026,20.243906910508,57834,2131-021,0.13497602939606,88500,AP-N902-F303,0.030139980837703,0.030139980837703,180.83587646484,277.54998779297
26-SEP-2026,20.308074236471,57836,2131-021,0.15047518908978,88500,AP-N901-F303,0.026801573112607,0.026801573112607,179.41421508789,277.54998779297
26-SEP-2026,20.308074236471,57836,2131-021,0.15047518908978,88500,AP-N902-F303,0.030139980837703,0.030139980837703,180.83587646484,277.54998779297
26-SEP-2026,20.493909479665,57841,2131-021,0.19534368813038,88500,AP-N901-F303,0.023935776203871,0.023935776203871,141.51477050781,277.35000610352
26-SEP-2026,20.493909479665,57841,2131-021,0.19534368813038,88500,AP-N902-F303,0.028267659246922,0.028267659246922,142.58901977539,277.35000610352
26-SEP-2026,20.558076806501,57843,2131-021,0.21082572638988,88500,AP-N901-F303,0.023935776203871,0.023935776203871,141.51477050781,277.35000610352
26-SEP-2026,20.558076806501,57843,2131-021,0.21082572638988,88500,AP-N902-F303,0.028267659246922,0.028267659246922,142.58901977539,277.35000610352
26-SEP-2026,20.743634272553,57848,2131-021,0.25556433200836,88500,AP-N901-F303,0.015043582767248,0.015043582767248,120.43572998047,277.35000610352
26-SEP-2026,20.743634272553,57848,2131-021,0.25556433200836,88500,AP-N902-F303,0.021603100001812,0.021603100001812,121.24502563477,277.35000610352
26-SEP-2026,20.808079381071,57850,2131-021,0.27108573913574,88500,AP-N901-F303,0.015043582767248,0.015043582767248,120.43572998047,277.35000610352
26-SEP-2026,20.808079381071,57850,2131-021,0.27108573913574,88500,AP-N902-F303,0.021603100001812,0.021603100001812,121.24502563477,277.35000610352
26-SEP-2026,21.243639416454,57855,2131-021,0.37571805715561,88500,AP-N901-F303,0.020547514781356,0.020547514781356,102.1448135376,276.64999389648
26-SEP-2026,21.243639416454,57855,2131-021,0.37571805715561,88500,AP-N902-F303,0.026061030104756,0.026061030104756,102.47930145264,276.64999389648
26-SEP-2026,21.307806749227,57857,2131-021,0.3910790681839,88500,AP-N901-F303,0.020547514781356,0.020547514781356,102.1448135376,276.64999389648
26-SEP-2026,21.307806749227,57857,2131-021,0.3910790681839,88500,AP-N902-F303,0.026061030104756,0.026061030104756,102.47930145264,276.64999389648
26-SEP-2026,21.494197553514,57862,2131-021,0.43561163544655,88500,AP-N901-F303,0.026339245960116,0.026339245960116,102.49921417236,276.35000610352
26-SEP-2026,21.494197553514,57862,2131-021,0.43561163544655,88500,AP-N902-F303,0.026339245960116,0.026339245960116,100.229347229,276.35000610352
26-SEP-2026,21.558087101113,57864,2131-021,0.45083674788475,88500,AP-N901-F303,0.026339245960116,0.026339245960116,102.49921417236,276.35000610352
26-SEP-2026,21.558087101113,57864,2131-021,0.45083674788475,88500,AP-N902-F303,0.026339245960116,0.026339245960116,100.229347229,276.35000610352
26-SEP-2026,21.743922357054,57869,2131-021,0.49501237273216,88500,AP-N901-F303,0.026124536991119,0.026124536991119,94.824440002441,275.85000610352
26-SEP-2026,21.743922357054,57869,2131-021,0.49501237273216,88500,AP-N902-F303,0.019762549549341,0.019762549549341,91.847785949707,275.85000610352
26-SEP-2026,21.80836746208,57871,2131-021,0.51028174161911,88500,AP-N901-F303,0.026124536991119,0.026124536991119,94.824440002441,275.85000610352
26-SEP-2026,21.80836746208,57871,2131-021,0.51028174161911,88500,AP-N902-F303,0.019762549549341,0.019762549549341,91.847785949707,275.85000610352
26-SEP-2026,21.924801908134,57874,RR-AQL,0.90209829807281,88500,AP-N901-F303,0.026759015396237,0.026759015396237,85.166473388672,275.75
26-SEP-2026,21.924801908134,57874,RR-AQL,0.90209829807281,88500,AP-N902-F303,0.026759015396237,0.026759015396237,83.093452453613,275.75
26-SEP-2026,22.243701975899,57878,2131-021,0.61269414424896,88500,AP-N901-F303,0.029375087469816,0.029375087469816,92.372360229492,274.85000610352
26-SEP-2026,22.243701975899,57878,2131-021,0.61269414424896,88500,AP-N902-F303,0.01495377253741,0.01495377253741,88.085601806641,274.85000610352
26-SEP-2026,22.308147076734,57880,2131-021,0.62771713733673,88500,AP-N901-F303,0.029375087469816,0.029375087469816,92.372360229492,274.85000610352
26-SEP-2026,22.308147076734,57880,2131-021,0.62771713733673,88500,AP-N902-F303,0.01495377253741,0.01495377253741,88.085601806641,274.85000610352
26-SEP-2026,22.494537878751,57885,2131-021,0.67095279693604,88500,AP-N901-F303,0.030562723055482,0.030562723055482,93.427185058594,274.85000610352
26-SEP-2026,22.494537878751,57885,2131-021,0.67095279693604,88500,AP-N902-F303,0.030562723055482,0.030562723055482,91.331756591797,274.85000610352
26-SEP-2026,22.558149631746,57887,2131-021,0.68561381101608,88500,AP-N901-F303,0.030562723055482,0.030562723055482,93.427185058594,274.85000610352
26-SEP-2026,22.558149631746,57887,2131-021,0.68561381101608,88500,AP-N902-F303,0.030562723055482,0.030562723055482,91.331756591797,274.85000610352
26-SEP-2026,22.744262640556,57892,2131-021,0.72824388742447,88500,AP-N901-F303,0.03124381788075,0.03124381788075,90.617538452148,274.25
26-SEP-2026,22.744262640556,57892,2131-021,0.72824388742447,88500,AP-N902-F303,0.03124381788075,0.03124381788075,88.493957519531,274.25
26-SEP-2026,22.808429961804,57894,2131-021,0.74282294511795,88500,AP-N901-F303,0.03124381788075,0.03124381788075,90.617538452148,274.25
26-SEP-2026,22.808429961804,57894,2131-021,0.74282294511795,88500,AP-N902-F303,0.03124381788075,0.03124381788075,88.493957519531,274.25
26-SEP-2026,22.994404076892,57899,CTA102,0.44324934482574,88500,AP-N901-F303,0.018019581213593,0.018019581213593,98.683792114258,273.95001220703
26-SEP-2026,22.994404076892,57899,CTA102,0.44324934482574,88500,AP-N902-F303,0.024772014468908,0.024772014468908,98.901565551758,273.95001220703
26-SEP-2026,23.058154729371,57901,CTA102,0.45697075128555,88500,AP-N901-F303,0.018019581213593,0.018019581213593,98.683792114258,273.95001220703
26-SEP-2026,23.058154729371,57901,CTA102,0.45697075128555,88500,AP-N902-F303,0.024772014468908,0.024772014468908,98.901565551758,273.95001220703
26-SEP-2026,23.244823298751,57906,2131-021,0.84020239114761,88500,AP-N901-F303,0.032409526407719,0.032409526407719,87.446426391602,273.25
26-SEP-2026,23.244823298751,57906,2131-021,0.84020239114761,88500,AP-N902-F303,0.032409526407719,0.032409526407719,85.818130493164,273.25
26-SEP-2026,23.290934883495,57908,2131-021,0.85026544332504,88500,AP-N901-F303,0.032409526407719,0.032409526407719,87.446426391602,273.25
26-SEP-2026,23.290934883495,57908,2131-021,0.85026544332504,88500,AP-N902-F303,0.032409526407719,0.032409526407719,85.818130493164,273.25
26-SEP-2026,23.493714718829,57913,2131-021,0.89393365383148,88500,AP-N901-F303,0.012953903526068,0.012953903526068,82.437057495117,272.54998779297
26-SEP-2026,23.493714718829,57913,2131-021,0.89393365383148,88500,AP-N902-F303,0.022560244426131,0.022560244426131,81.888671875,272.54998779297
26-SEP-2026,23.541215199234,57915,2131-021,0.90399479866028,88500,AP-N901-F303,0.012953903526068,0.012953903526068,82.437057495117,272.54998779297
26-SEP-2026,23.541215199234,57915,2131-021,0.90399479866028,88500,AP-N902-F303,0.022560244426131,0.022560244426131,81.888671875,272.54998779297
26-SEP-2026,9.0582588510997,57489,0506+056,1.0635828971863,88500,AP-N901-F303,0.016393048688769,0.016393048688769,75.98747253418,273.85000610352
26-SEP-2026,9.0582588510997,57489,0506+056,1.0635828971863,88500,AP-N902-F303,0.016393048688769,0.016393048688769,74.452827453613,273.85000610352
26-SEP-2026,9.2440940268888,57494,0506+056,1.0685114860535,88500,AP-N901-F303,0.016304852440953,0.016304852440953,75.681640625,274.14999389648
26-SEP-2026,9.2440940268888,57494,0506+056,1.0685114860535,88500,AP-N902-F303,0.016304852440953,0.016304852440953,74.349411010742,274.14999389648
26-SEP-2026,9.3079835594702,57496,0506+056,1.0690810680389,88500,AP-N901-F303,0.016304852440953,0.016304852440953,75.681640625,274.14999389648
26-SEP-2026,9.3079835594702,57496,0506+056,1.0690810680389,88500,AP-N902-F303,0.016304852440953,0.016304852440953,74.349411010742,274.14999389648
26-SEP-2026,9.4940965244499,57501,0506+056,1.0679467916489,88500,AP-N901-F303,0.016162311658263,0.016162311658263,75.737731933594,275.54998779297
26-SEP-2026,9.4940965244499,57501,0506+056,1.0679467916489,88500,AP-N902-F303,0.016162311658263,0.016162311658263,74.513572692871,275.54998779297
26-SEP-2026,9.557847155451,57503,0506+056,1.0664304494858,88500,AP-N901-F303,0.016162311658263,0.016162311658263,75.737731933594,275.54998779297
26-SEP-2026,9.557847155451,57503,0506+056,1.0664304494858,88500,AP-N902-F303,0.016162311658263,0.016162311658263,74.513572692871,275.54998779297
26-SEP-2026,9.7435434387402,57508,0346-279,1.1507892608643,88500,AP-N901-F303,0.016118446364999,0.016118446364999,76.507377624512,274.54998779297
26-SEP-2026,9.7435434387402,57508,0346-279,1.1507892608643,88500,AP-N902-F303,0.016118446364999,0.016118446364999,74.797637939453,274.54998779297
26-SEP-2026,9.8077107454947,57510,0346-279,1.1359370946884,88500,AP-N901-F303,0.016118446364999,0.016118446364999,76.507377624512,274.54998779297
26-SEP-2026,9.8077107454947,57510,0346-279,1.1359370946884,88500,AP-N902-F303,0.016118446364999,0.016118446364999,74.797637939453,274.54998779297
26-SEP-2026,9.9941014872668,57515,0506+056,1.042892575264,88500,AP-N901-F303,0.017451625317335,0.017451625317335,76.843078613281,273.64999389648
26-SEP-2026,9.9941014872668,57515,0506+056,1.042892575264,88500,AP-N902-F303,0.017451625317335,0.017451625317335,75.458168029785,273.64999389648
27-SEP-2026,0.042700287437768,57930,3C454.3,0.53927445411682,88500,AP-N901-F303,0,0,0,0
27-SEP-2026,0.042700287437768,57930,3C454.3,0.53927445411682,88500,AP-N902-F303,0,0,0,0
27-SEP-2026,0.24381344210963,57935,2131-021,1.0431011915207,88500,AP-N901-F303,0.031820949167013,0.031820949167013,83.491661071777,274.04998779297
27-SEP-2026,0.24381344210963,57935,2131-021,1.0431011915207,88500,AP-N902-F303,0.031820949167013,0.031820949167013,81.593902587891,274.04998779297
27-SEP-2026,0.29131391500653,57937,2131-021,1.0516192913055,88500,AP-N901-F303,0.031820949167013,0.031820949167013,83.491661071777,274.04998779297
27-SEP-2026,0.29131391500653,57937,2131-021,1.0516192913055,88500,AP-N902-F303,0.031820949167013,0.031820949167013,81.593902587891,274.04998779297
27-SEP-2026,0.49381595678379,57942,2131-021,1.0863196849823,88500,AP-N901-F303,0.032140471041203,0.032140471041203,83.446968078613,274.04998779297
27-SEP-2026,0.49381595678379,57942,2131-021,1.0863196849823,88500,AP-N902-F303,0.032140471041203,0.032140471041203,81.855331420898,274.04998779297
27-SEP-2026,0.5410386509674,57944,2131-021,1.0939508676529,88500,AP-N901-F303,0.032140471041203,0.032140471041203,83.446968078613,274.04998779297
27-SEP-2026,0.5410386509674,57944,2131-021,1.0939508676529,88500,AP-N902-F303,0.032140471041203,0.032140471041203,81.855331420898,274.04998779297
27-SEP-2026,0.74409624405943,57949,2131-021,1.1246727705002,88500,AP-N901-F303,0.031570091843605,0.031570091843605,83.565879821777,273.85000610352
27-SEP-2026,0.74409624405943,57949,2131-021,1.1246727705002,88500,AP-N902-F303,0.031570091843605,0.031570091843605,81.730224609375,273.85000610352
27-SEP-2026,0.79131893457596,57951,2131-021,1.1312236785889,88500,AP-N901-F303,0.031570091843605,0.031570091843605,83.565879821777,273.85000610352
27-SEP-2026,0.79131893457596,57951,2131-021,1.1312236785889,88500,AP-N902-F303,0.031570091843605,0.031570091843605,81.730224609375,273.85000610352
27-SEP-2026,0.99382096151026,57956,3C454.3,0.70619958639145,88500,AP-N901-F303,0.031146319583058,0.031146319583058,91.430389404297,275.25
27-SEP-2026,0.99382096151026,57956,3C454.3,0.70619958639145,88500,AP-N902-F303,0.031146319583058,0.031146319583058,89.39786529541,275.25
27-SEP-2026,1.0410436607579,57958,3C454.3,0.71351271867752,88500,AP-N901-F303,0.031146319583058,0.031146319583058,91.430389404297,275.25
27-SEP-2026,1.0410436607579,57958,3C454.3,0.71351271867752,88500,AP-N902-F303,0.031146319583058,0.031146319583058,89.39786529541,275.25
27-SEP-2026,1.2432679220757,57963,CTA102,0.85759520530701,88500,AP-N901-F303,0.031543802469969,0.031543802469969,88.520324707031,274.75
27-SEP-2026,1.2432679220757,57963,CTA102,0.85759520530701,88500,AP-N902-F303,0.031543802469969,0.031543802469969,86.120903015137,274.75
27-SEP-2026,1.2911850707259,57965,CTA102,0.8639167547226,88500,AP-N901-F303,0.031543802469969,0.031543802469969,88.520324707031,274.75
27-SEP-2026,1.2911850707259,57965,CTA102,0.8639167547226,88500,AP-N902-F303,0.031543802469969,0.031543802469969,86.120903015137,274.75
27-SEP-2026,1.4949371249203,57970,0109+224,0.30369919538498,88500,AP-N901-F303,0.01927537843585,0.01927537843585,115.123878479,275.14999389648
27-SEP-2026,1.4949371249203,57970,0109+224,0.30369919538498,88500,AP-N902-F303,0.025643577799201,0.025643577799201,115.56731414795,275.14999389648
27-SEP-2026,1.5579933117575,57972,0109+224,0.31610441207886,88500,AP-N901-F303,0.01927537843585,0.01927537843585,115.123878479,275.14999389648
27-SEP-2026,1.5579933117575,57972,0109+224,0.31610441207886,88500,AP-N902-F303,0.025643577799201,0.025643577799201,115.56731414795,275.14999389648
27-SEP-2026,1.6564695054601,57975,WX-PSC,0.45712724328041,88500,AP-N901-F303,0.030508678406477,0.030508678406477,103.48456573486,273.85000610352
27-SEP-2026,1.6564695054601,57975,WX-PSC,0.45712724328041,88500,AP-N902-F303,0.012368525378406,0.012368525378406,97.303771972656,273.85000610352
27-SEP-2026,1.7447194546835,57977,0109+224,0.35238227248192,88500,AP-N901-F303,0.025268716737628,0.025268716737628,106.67601013184,274.35000610352
27-SEP-2026,1.7447194546835,57977,0109+224,0.35238227248192,88500,AP-N902-F303,0.030209209769964,0.030209209769964,106.95909118652,274.35000610352
27-SEP-2026,1.8080534242504,57979,0109+224,0.36449351906776,88500,AP-N901-F303,0.025268716737628,0.025268716737628,106.67601013184,274.35000610352
27-SEP-2026,1.8080534242504,57979,0109+224,0.36449351906776,88500,AP-N902-F303,0.030209209769964,0.030209209769964,106.95909118652,274.35000610352
27-SEP-2026,1.99388864841,57984,0109+224,0.39951899647713,88500,AP-N901-F303,0.029858181253076,0.029858181253076,106.41989898682,274.54998779297
27-SEP-2026,1.99388864841,57984,0109+224,0.39951899647713,88500,AP-N902-F303,0.019350990653038,0.019350990653038,101.47914886475,274.54998779297
27-SEP-2026,2.0579170720943,57986,0109+224,0.41136640310287,88500,AP-N901-F303,0.029858181253076,0.029858181253076,106.41989898682,274.54998779297
27-SEP-2026,2.0579170720943,57986,0109+224,0.41136640310287,88500,AP-N902-F303,0.019350990653038,0.019350990653038,101.47914886475,274.54998779297
27-SEP-2026,2.2444467444341,57991,0109+224,0.44529777765274,88500,AP-N901-F303,0.028642250224948,0.028642250224948,101.13827514648,275.25
27-SEP-2026,2.2444467444341,57991,0109+224,0.44529777765274,88500,AP-N902-F303,0.017874972894788,0.017874972894788,96.791091918945,275.25
27-SEP-2026,2.3077807229068,57993,0109+224,0.45657277107239,88500,AP-N901-F303,0.028642250224948,0.028642250224948,101.13827514648,275.25
27-SEP-2026,2.3077807229068,57993,0109+224,0.45657277107239,88500,AP-N902-F303,0.017874972894788,0.017874972894788,96.791091918945,275.25
27-SEP-2026,2.4938937290975,57998,0109+224,0.48905253410339,88500,AP-N901-F303,0.028315665200353,0.028315665200353,99.533798217773,275.14999389648
27-SEP-2026,2.4938937290975,57998,0109+224,0.48905253410339,88500,AP-N902-F303,0.028315665200353,0.028315665200353,97.335205078125,275.14999389648
27-SEP-2026,2.5577832602819,58000,0109+224,0.49992236495018,88500,AP-N901-F303,0.028315665200353,0.028315665200353,99.533798217773,275.14999389648
27-SEP-2026,2.5577832602819,58000,0109+224,0.49992236495018,88500,AP-N902-F303,0.028315665200353,0.028315665200353,97.335205078125,275.14999389648
27-SEP-2026,2.7447296137884,58005,0109+224,0.53098410367966,88500,AP-N901-F303,0.027305984869599,0.027305984869599,94.309722900391,274.75
27-SEP-2026,2.7447296137884,58005,0109+224,0.53098410367966,88500,AP-N902-F303,0.012912856414914,0.012912856414914,89.920768737793,274.75
27-SEP-2026,2.8077858069121,58007,0109+224,0.54114955663681,88500,AP-N901-F303,0.027305984869599,0.027305984869599,94.309722900391,274.75
27-SEP-2026,2.8077858069121,58007,0109+224,0.54114955663681,88500,AP-N902-F303,0.012912856414914,0.012912856414914,89.920768737793,274.75
27-SEP-2026,2.9060428183889,58010,WX-PSC,0.70400834083557,88500,AP-N901-F303,0.027888212352991,0.027888212352991,87.802780151367,274.64999389648
27-SEP-2026,2.9060428183889,58010,WX-PSC,0.70400834083557,88500,AP-N902-F303,0.012006091885269,0.012006091885269,84.331108093262,274.64999389648
27-SEP-2026,2.9937375377785,58014,2131-021,1.0780175924301,88500,AP-N901-F303,0.027247413992882,0.027247413992882,79.772735595703,274.45001220703
27-SEP-2026,2.9937375377785,58014,2131-021,1.0780175924301,88500,AP-N902-F303,0.016144458204508,0.016144458204508,77.438873291016,274.45001220703
27-SEP-2026,3.0409602385977,58016,2131-021,1.0699995756149,88500,AP-N901-F303,0.027247413992882,0.027247413992882,79.772735595703,274.45001220703
27-SEP-2026,3.0409602385977,58016,2131-021,1.0699995756149,88500,AP-N902-F303,0.016144458204508,0.016144458204508,77.438873291016,274.45001220703
27-SEP-2026,3.2434622767079,58021,2131-021,1.0340101718903,88500,AP-N901-F303,0.027650274336338,0.027650274336338,80.35221862793,274.35000610352
27-SEP-2026,3.2434622767079,58021,2131-021,1.0340101718903,88500,AP-N902-F303,0.017584117129445,0.017584117129445,77.962158203125,274.35000610352
27-SEP-2026,3.2912405272704,58023,2131-021,1.0251396894455,88500,AP-N901-F303,0.027650274336338,0.027650274336338,80.35221862793,274.35000610352
27-SEP-2026,3.2912405272704,58023,2131-021,1.0251396894455,88500,AP-N902-F303,0.017584117129445,0.017584117129445,77.962158203125,274.35000610352
27-SEP-2026,3.4937425514107,58028,3C454.3,0.87523329257965,88500,AP-N901-F303,0.027359524741769,0.027359524741769,81.975463867188,274.54998779297
27-SEP-2026,3.4937425514107,58028,3C454.3,0.87523329257965,88500,AP-N902-F303,0.019566234201193,0.019566234201193,80.126205444336,274.54998779297
27-SEP-2026,3.5409652483883,58030,3C454.3,0.87309557199478,88500,AP-N901-F303,0.027359524741769,0.027359524741769,81.975463867188,274.54998779297
27-SEP-2026,3.5409652483883,58030,3C454.3,0.87309557199478,88500,AP-N902-F303,0.019566234201193,0.019566234201193,80.126205444336,274.54998779297
27-SEP-2026,3.7437450596238,58035,2131-021,0.93586504459381,88500,AP-N901-F303,0.013159091584384,0.013159091584384,79.385246276855,274.25
27-SEP-2026,3.7437450596238,58035,2131-021,0.93586504459381,88500,AP-N902-F303,0.021870007738471,0.021870007738471,79.113250732422,274.25
27-SEP-2026,3.7909677585222,58037,2131-021,0.92607194185257,88500,AP-N901-F303,0.013159091584384,0.013159091584384,79.385246276855,274.25
27-SEP-2026,3.7909677585222,58037,2131-021,0.92607194185257,88500,AP-N902-F303,0.021870007738471,0.021870007738471,79.113250732422,274.25
27-SEP-2026,3.9951364636735,58042,2131-021,0.88297438621521,88500,AP-N901-F303,0.028117068111897,0.028117068111897,84.858879089355,273.54998779297
27-SEP-2026,3.9951364636735,58042,2131-021,0.88297438621521,88500,AP-N902-F303,0.028117068111897,0.028117068111897,83.109954833984,273.54998779297
27-SEP-2026,4.0409702625444,58044,2131-021,0.87312942743301,88500,AP-N901-F303,0.028117068111897,0.028117068111897,84.858879089355,273.54998779297
27-SEP-2026,4.0409702625444,58044,2131-021,0.87312942743301,88500,AP-N902-F303,0.028117068111897,0.028117068111897,83.109954833984,273.54998779297
27-SEP-2026,4.2440278502231,58049,CTA102,0.84258335828781,88500,AP-N901-F303,0.027625331655145,0.027625331655145,83.194488525391,274.14999389648
27-SEP-2026,4.2440278502231,58049,CTA102,0.84258335828781,88500,AP-N902-F303,0.017563179135323,0.017563179135323,80.821014404297,274.14999389648
27-SEP-2026,4.2912505548841,58051,CTA102,0.83583807945251,88500,AP-N901-F303,0.027625331655145,0.027625331655145,83.194488525391,274.14999389648
27-SEP-2026,4.2912505548841,58051,CTA102,0.83583807945251,88500,AP-N902-F303,0.017563179135323,0.017563179135323,80.821014404297,274.14999389648
27-SEP-2026,4.4943081535641,58056,2131-021,0.77325677871704,88500,AP-N901-F303,0.027816958725452,0.027816958725452,86.619201660156,273.35000610352
27-SEP-2026,4.4943081535641,58056,2131-021,0.77325677871704,88500,AP-N902-F303,0.027816958725452,0.027816958725452,84.858016967773,273.35000610352
27-SEP-2026,4.5415308472238,58058,2131-021,0.76262247562408,88500,AP-N901-F303,0.027816958725452,0.027816958725452,86.619201660156,273.35000610352
27-SEP-2026,4.5415308472238,58058,2131-021,0.76262247562408,88500,AP-N902-F303,0.027816958725452,0.027816958725452,84.858016967773,273.35000610352
27-SEP-2026,4.7445884506186,58063,2131-021,0.71652489900589,88500,AP-N901-F303,0.027027944102883,0.027027944102883,87.52864074707,273.14999389648
27-SEP-2026,4.7445884506186,58063,2131-021,0.71652489900589,88500,AP-N902-F303,0.027027944102883,0.027027944102883,85.547256469727,273.14999389648
27-SEP-2026,4.7909777980103,58065,2131-021,0.70590788125992,88500,AP-N901-F303,0.027027944102883,0.027027944102883,87.52864074707,273.14999389648
27-SEP-2026,4.7909777980103,58065,2131-021,0.70590788125992,88500,AP-N902-F303,0.027027944102883,0.027027944102883,85.547256469727,273.14999389648
27-SEP-2026,4.8746724354065,58068,R-AQR,1.2873067855835,88500,AP-N901-F303,0.027505418285728,0.027505418285728,80.584754943848,271.54998779297
27-SEP-2026,4.8746724354065,58068,R-AQR,1.2873067855835,88500,AP-N902-F303,0.027505418285728,0.027505418285728,78.817260742187,271.54998779297
27-SEP-2026,4.9944966749947,58072,3C454.3,0.72152727842331,88500,AP-N901-F303,0.027746850624681,0.027746850624681,85.24925994873,270.75
27-SEP-2026,4.9944966749947,58072,3C454.3,0.72152727842331,88500,AP-N902-F303,0.018360573798418,0.018360573798418,82.629249572754,270.75
27-SEP-2026,5.0408860360071,58074,3C454.3,0.71444010734558,88500,AP-N901-F303,0.027746850624681,0.027746850624681,85.24925994873,270.75
27-SEP-2026,5.0408860360071,58074,3C454.3,0.71444010734558,88500,AP-N902-F303,0.018360573798418,0.018360573798418,82.629249572754,270.75
27-SEP-2026,5.2442214198614,58079,2131-021,0.60090517997742,88500,AP-N901-F303,0.012752611190081,0.012752611190081,87.119682312012,271.45001220703
27-SEP-2026,5.2442214198614,58079,2131-021,0.60090517997742,88500,AP-N902-F303,0.020580003038049,0.020580003038049,87.241874694824,271.45001220703
27-SEP-2026,5.2911663299184,58081,2131-021,0.58991152048111,88500,AP-N901-F303,0.012752611190081,0.012752611190081,87.119682312012,271.45001220703
27-SEP-2026,5.2911663299184,58081,2131-021,0.58991152048111,88500,AP-N902-F303,0.020580003038049,0.020580003038049,87.241874694824,271.45001220703
27-SEP-2026,5.4942239278999,58086,2131-021,0.54216635227203,88500,AP-N901-F303,0.027771111577749,0.027771111577749,91.878898620605,272.75
27-SEP-2026,5.4942239278999,58086,2131-021,0.54216635227203,88500,AP-N902-F303,0.019903682172298,0.019903682172298,89.158699035645,272.75
27-SEP-2026,5.5408910700702,58088,2131-021,0.53114855289459,88500,AP-N901-F303,0.027771111577749,0.027771111577749,91.878898620605,272.75
27-SEP-2026,5.5408910700702,58088,2131-021,0.53114855289459,88500,AP-N902-F303,0.019903682172298,0.019903682172298,89.158699035645,272.75
27-SEP-2026,5.7439486697979,58093,CTA102,0.57747626304626,88500,AP-N901-F303,0.027898320928216,0.027898320928216,92.946517944336,272.14999389648
27-SEP-2026,5.7439486697979,58093,CTA102,0.57747626304626,88500,AP-N902-F303,0.027898320928216,0.027898320928216,90.929092407227,272.14999389648
27-SEP-2026,5.7908935878876,58095,CTA102,0.56792086362839,88500,AP-N901-F303,0.027898320928216,0.027898320928216,92.946517944336,272.14999389648
27-SEP-2026,5.7908935878876,58095,CTA102,0.56792086362839,88500,AP-N902-F303,0.027898320928216,0.027898320928216,90.929092407227,272.14999389648
27-SEP-2026,5.9936734120452,58100,2131-021,0.42358753085136,88500,AP-N901-F303,0.027846641838551,0.027846641838551,103.07915496826,271.45001220703
27-SEP-2026,5.9936734120452,58100,2131-021,0.42358753085136,88500,AP-N902-F303,0.027846641838551,0.027846641838551,100.75975799561,271.45001220703
27-SEP-2026,6.0408961048318,58102,2131-021,0.412308126688,88500,AP-N901-F303,0.027846641838551,0.027846641838551,103.07915496826,271.45001220703
27-SEP-2026,6.0408961048318,58102,2131-021,0.412308126688,88500,AP-N902-F303,0.027846641838551,0.027846641838551,100.75975799561,271.45001220703
27-SEP-2026,6.2436759323073,58107,2131-021,0.3637757897377,88500,AP-N901-F303,0.019683547317982,0.019683547317982,100.76070404053,273.04998779297
27-SEP-2026,6.2436759323073,58107,2131-021,0.3637757897377,88500,AP-N902-F303,0.024927297607064,0.024927297607064,100.87780761719,273.04998779297
27-SEP-2026,6.2908986292849,58109,2131-021,0.3524512052536,88500,AP-N901-F303,0.019683547317982,0.019683547317982,100.76070404053,273.04998779297
27-SEP-2026,6.2908986292849,58109,2131-021,0.3524512052536,88500,AP-N902-F303,0.024927297607064,0.024927297607064,100.87780761719,273.04998779297
27-SEP-2026,6.4939562305842,58114,3C454.3,0.4507070183754,88500,AP-N901-F303,0.027313454076648,0.027313454076648,99.588798522949,271.85000610352
27-SEP-2026,6.4939562305842,58114,3C454.3,0.4507070183754,88500,AP-N902-F303,0.027313454076648,0.027313454076648,97.310348510742,271.85000610352
27-SEP-2026,6.5409011497216,58116,3C454.3,0.44116032123566,88500,AP-N901-F303,0.027313454076648,0.027313454076648,99.588798522949,271.85000610352
27-SEP-2026,6.5409011497216,58116,3C454.3,0.44116032123566,88500,AP-N902-F303,0.027313454076648,0.027313454076648,97.310348510742,271.85000610352
27-SEP-2026,6.7439587552119,58121,2131-021,0.24348731338978,88500,AP-N901-F303,0.017426474019885,0.017426474019885,120.14767456055,273.64999389648
27-SEP-2026,6.7439587552119,58121,2131-021,0.24348731338978,88500,AP-N902-F303,0.023157734423876,0.023157734423876,121.26364135742,273.64999389648
27-SEP-2026,6.7911814542849,58123,2131-021,0.23210291564465,88500,AP-N901-F303,0.017426474019885,0.017426474019885,120.14767456055,273.64999389648
27-SEP-2026,6.7911814542849,58123,2131-021,0.23210291564465,88500,AP-N902-F303,0.023157734423876,0.023157734423876,121.26364135742,273.64999389648
27-SEP-2026,6.9942390686809,58128,2131-021,0.18311293423176,88500,AP-N901-F303,0.018272388726473,0.018272388726473,140.15272521973,273.45001220703
27-SEP-2026,6.9942390686809,58128,2131-021,0.18311293423176,88500,AP-N902-F303,0.023765897378325,0.023765897378325,141.29306030273,273.45001220703
27-SEP-2026,7.0411839827543,58130,2131-021,0.17177896201611,88500,AP-N901-F303,0.018272388726473,0.018272388726473,140.15272521973,273.45001220703
27-SEP-2026,7.0411839827543,58130,2131-021,0.17177896201611,88500,AP-N902-F303,0.023765897378325,0.023765897378325,141.29306030273,273.45001220703
27-SEP-2026,7.1200736629437,58135,CTA102,0.28031721711159,88500,AP-N901-F303,0.027242466807365,0.027242466807365,121.60352325439,273.64999389648
27-SEP-2026,7.1200736629437,58135,CTA102,0.28031721711159,88500,AP-N902-F303,0.014363360591233,0.014363360591233,113.38995361328,273.64999389648
27-SEP-2026,7.2911865066835,58137,CTA102,0.24150289595127,88500,AP-N901-F303,0.027242466807365,0.027242466807365,121.60352325439,273.64999389648
27-SEP-2026,7.2911865066835,58137,CTA102,0.24150289595127,88500,AP-N902-F303,0.014363360591233,0.014363360591233,113.38995361328,273.64999389648
27-SEP-2026,7.6354842603291,58150,WX-PSC,0.69559133052826,88500,AP-N901-F303,0.02647846378386,0.02647846378386,90.173141479492,274.54998779297
27-SEP-2026,7.6354842603291,58150,WX-PSC,0.69559133052826,88500,AP-N902-F303,0.02647846378386,0.02647846378386,88.034683227539,274.54998779297
27-SEP-2026,7.9816997048691,58154,3C84,0.43621468544006,88500,AP-N901-F303,0.026402004063129,0.026402004063129,102.3440322876,274.35000610352
27-SEP-2026,7.9816997048691,58154,3C84,0.43621468544006,88500,AP-N902-F303,0.026402004063129,0.026402004063129,99.72875213623,274.35000610352
27-SEP-2026,8.0578115905914,58156,3C84,0.43400847911835,88500,AP-N901-F303,0.026402004063129,0.026402004063129,102.3440322876,274.35000610352
27-SEP-2026,8.0578115905914,58156,3C84,0.43400847911835,88500,AP-N902-F303,0.026402004063129,0.026402004063129,99.72875213623,274.35000610352
27-SEP-2026,8.2436467969395,58161,0109+224,0.47985059022903,88500,AP-N901-F303,0.026633128523827,0.026633128523827,96.780921936035,273.85000610352
27-SEP-2026,8.2436467969395,58161,0109+224,0.47985059022903,88500,AP-N902-F303,0.026633128523827,0.026633128523827,95.072204589844,273.85000610352
27-SEP-2026,8.3078141098058,58163,0109+224,0.46865600347519,88500,AP-N901-F303,0.026633128523827,0.026633128523827,96.780921936035,273.85000610352
27-SEP-2026,8.3078141098058,58163,0109+224,0.46865600347519,88500,AP-N902-F303,0.026633128523827,0.026633128523827,95.072204589844,273.85000610352
27-SEP-2026,8.4939270964387,58168,3C84,0.4158855676651,88500,AP-N901-F303,0.026537679135799,0.026537679135799,105.16603851318,274.35000610352
27-SEP-2026,8.4939270964387,58168,3C84,0.4158855676651,88500,AP-N902-F303,0.026537679135799,0.026537679135799,102.76242828369,274.35000610352
27-SEP-2026,8.5578166316395,58170,3C84,0.41241130232811,88500,AP-N901-F303,0.026537679135799,0.026537679135799,105.16603851318,274.35000610352
27-SEP-2026,8.5578166316395,58170,3C84,0.41241130232811,88500,AP-N902-F303,0.026537679135799,0.026537679135799,102.76242828369,274.35000610352
27-SEP-2026,8.7442073980335,58175,0109+224,0.38944214582443,88500,AP-N901-F303,0.026479352265596,0.026479352265596,106.59144592285,274.04998779297
27-SEP-2026,8.7442073980335,58175,0109+224,0.38944214582443,88500,AP-N902-F303,0.026479352265596,0.026479352265596,103.86849212646,274.04998779297
27-SEP-2026,8.8078191552194,58177,0109+224,0.37745499610901,88500,AP-N901-F303,0.026479352265596,0.026479352265596,106.59144592285,274.04998779297
27-SEP-2026,8.8078191552194,58177,0109+224,0.37745499610901,88500,AP-N902-F303,0.026479352265596,0.026479352265596,103.86849212646,274.04998779297
27-SEP-2026,8.9950432678814,58182,3C84,0.38363552093506,88500,AP-N901-F303,0.026743998751044,0.026743998751044,107.24582672119,273.64999389648
27-SEP-2026,8.9950432678814,58182,3C84,0.38363552093506,88500,AP-N902-F303,0.026743998751044,0.026743998751044,104.79554748535,273.64999389648
