17-APR-2026,1.0483666850199,13005,3C273,0.84120106697083,215103,AP-N201-F101,0.07041497528553,0.07041497528553,114.7844619751,268.64999389648
17-APR-2026,1.0483666850199,13005,3C273,0.84120106697083,215103,AP-N202-F101,0.068181268870831,0.068181268870831,110.39173126221,268.64999389648
17-APR-2026,1.0779500167039,13009,3C273,0.84725332260132,215103,AP-N201-F101,0.07041497528553,0.07041497528553,114.7844619751,268.64999389648
17-APR-2026,1.0779500167039,13009,3C273,0.84725332260132,215103,AP-N202-F101,0.068181268870831,0.068181268870831,110.39173126221,268.64999389648
17-APR-2026,1.086838905494,13009,3C273,0.84906649589539,215103,AP-N201-F101,0.07041497528553,0.07041497528553,114.7844619751,268.64999389648
17-APR-2026,1.086838905494,13009,3C273,0.84906649589539,215103,AP-N202-F101,0.068181268870831,0.068181268870831,110.39173126221,268.64999389648
17-APR-2026,1.1375333523328,13014,M87,0.72984832525253,215103,AP-N201-F101,0.069483451545238,0.069483451545238,118.6925201416,270.14999389648
17-APR-2026,1.1375333523328,13014,M87,0.72984832525253,215103,AP-N202-F101,0.0676554068923,0.0676554068923,114.23162841797,270.14999389648
17-APR-2026,1.1617000179669,13018,M87,0.73406833410263,215103,AP-N201-F101,0.069483451545238,0.069483451545238,118.6925201416,270.14999389648
17-APR-2026,1.1617000179669,13018,M87,0.73406833410263,215103,AP-N202-F101,0.0676554068923,0.0676554068923,114.23162841797,270.14999389648
17-APR-2026,1.1707277948913,13018,M87,0.7356384396553,215103,AP-N201-F101,0.069483451545238,0.069483451545238,118.6925201416,270.14999389648
17-APR-2026,1.1707277948913,13018,M87,0.7356384396553,215103,AP-N202-F101,0.0676554068923,0.0676554068923,114.23162841797,270.14999389648
17-APR-2026,1.1796166836814,13018,M87,0.73718100786209,215103,AP-N201-F101,0.069483451545238,0.069483451545238,118.6925201416,270.14999389648
17-APR-2026,1.1796166836814,13018,M87,0.73718100786209,215103,AP-N202-F101,0.0676554068923,0.0676554068923,114.23162841797,270.14999389648
17-APR-2026,1.1886444613043,13018,M87,0.73874413967133,215103,AP-N201-F101,0.069483451545238,0.069483451545238,118.6925201416,270.14999389648
17-APR-2026,1.1886444613043,13018,M87,0.73874413967133,215103,AP-N202-F101,0.0676554068923,0.0676554068923,114.23162841797,270.14999389648
17-APR-2026,1.3771166798497,13023,3C279,0.89191770553589,215103,AP-N201-F101,0.062487926334143,0.062487926334143,109.68392944336,270.95001220703
17-APR-2026,1.3771166798497,13023,3C279,0.89191770553589,215103,AP-N202-F101,0.060655131936073,0.060655131936073,105.4921875,270.95001220703
17-APR-2026,1.3948944577792,13027,3C279,0.89594316482544,215103,AP-N201-F101,0.062487926334143,0.062487926334143,109.68392944336,270.95001220703
17-APR-2026,1.3948944577792,13027,3C279,0.89594316482544,215103,AP-N202-F101,0.060655131936073,0.060655131936073,105.4921875,270.95001220703
17-APR-2026,1.4037833465693,13027,3C279,0.89795386791229,215103,AP-N201-F101,0.062487926334143,0.062487926334143,109.68392944336,270.95001220703
17-APR-2026,1.4037833465693,13027,3C279,0.89795386791229,215103,AP-N202-F101,0.060655131936073,0.060655131936073,105.4921875,270.95001220703
17-APR-2026,1.4539222384262,13032,M87,0.78301584720612,215103,AP-N201-F101,0.062169898301363,0.062169898301363,112.64574432373,270.85000610352
17-APR-2026,1.4539222384262,13032,M87,0.78301584720612,215103,AP-N202-F101,0.05981969088316,0.05981969088316,108.15576934814,270.85000610352
17-APR-2026,1.477950013656,13036,M87,0.78685683012009,215103,AP-N201-F101,0.062169898301363,0.062169898301363,112.64574432373,270.85000610352
17-APR-2026,1.477950013656,13036,M87,0.78685683012009,215103,AP-N202-F101,0.05981969088316,0.05981969088316,108.15576934814,270.85000610352
17-APR-2026,1.4871166792385,13036,M87,0.78831434249878,215103,AP-N201-F101,0.062169898301363,0.062169898301363,112.64574432373,270.85000610352
17-APR-2026,1.4871166792385,13036,M87,0.78831434249878,215103,AP-N202-F101,0.05981969088316,0.05981969088316,108.15576934814,270.85000610352
17-APR-2026,1.4960055682033,13036,M87,0.7897235751152,215103,AP-N201-F101,0.062169898301363,0.062169898301363,112.64574432373,270.85000610352
17-APR-2026,1.4960055682033,13036,M87,0.7897235751152,215103,AP-N202-F101,0.05981969088316,0.05981969088316,108.15576934814,270.85000610352
17-APR-2026,1.5048944568187,13036,M87,0.79112857580185,215103,AP-N201-F101,0.062169898301363,0.062169898301363,112.64574432373,270.85000610352
17-APR-2026,1.5048944568187,13036,M87,0.79112857580185,215103,AP-N202-F101,0.05981969088316,0.05981969088316,108.15576934814,270.85000610352
17-APR-2026,1.6940147634129,13044,3C273,0.96562606096268,215103,AP-N201-F101,0.06115160882473,0.06115160882473,107.7384185791,272.35000610352
17-APR-2026,1.6940147634129,13044,3C273,0.96562606096268,215103,AP-N202-F101,0.05890716612339,0.05890716612339,103.34644317627,272.35000610352
17-APR-2026,1.7113758727486,13048,3C273,0.96870404481888,215103,AP-N201-F101,0.06115160882473,0.06115160882473,107.7384185791,272.35000610352
17-APR-2026,1.7113758727486,13048,3C273,0.96870404481888,215103,AP-N202-F101,0.05890716612339,0.05890716612339,103.34644317627,272.35000610352
17-APR-2026,1.7202647618879,13048,3C273,0.97027349472046,215103,AP-N201-F101,0.06115160882473,0.06115160882473,107.7384185791,272.35000610352
17-APR-2026,1.7202647618879,13048,3C273,0.97027349472046,215103,AP-N202-F101,0.05890716612339,0.05890716612339,103.34644317627,272.35000610352
17-APR-2026,1.7709592054089,13053,M87,0.83115595579147,215103,AP-N201-F101,0.062214646488428,0.062214646488428,111.18349456787,272.35000610352
17-APR-2026,1.7709592054089,13053,M87,0.83115595579147,215103,AP-N202-F101,0.060066550970078,0.060066550970078,106.90567016602,272.35000610352
17-APR-2026,1.7947092054178,13057,M87,0.83452636003494,215103,AP-N201-F101,0.062214646488428,0.062214646488428,111.18349456787,272.35000610352
17-APR-2026,1.7947092054178,13057,M87,0.83452636003494,215103,AP-N202-F101,0.060066550970078,0.060066550970078,106.90567016602,272.35000610352
17-APR-2026,1.8041536486659,13057,M87,0.83585679531097,215103,AP-N201-F101,0.062214646488428,0.062214646488428,111.18349456787,272.35000610352
17-APR-2026,1.8041536486659,13057,M87,0.83585679531097,215103,AP-N202-F101,0.060066550970078,0.060066550970078,106.90567016602,272.35000610352
17-APR-2026,1.8130425372814,13057,M87,0.83710396289825,215103,AP-N201-F101,0.062214646488428,0.062214646488428,111.18349456787,272.35000610352
17-APR-2026,1.8130425372814,13057,M87,0.83710396289825,215103,AP-N202-F101,0.060066550970078,0.060066550970078,106.90567016602,272.35000610352
17-APR-2026,1.82193142677,13057,M87,0.83834606409073,215103,AP-N201-F101,0.062214646488428,0.062214646488428,111.18349456787,272.35000610352
17-APR-2026,1.82193142677,13057,M87,0.83834606409073,215103,AP-N202-F101,0.060066550970078,0.060066550970078,106.90567016602,272.35000610352
17-APR-2026,2.0109592034405,13062,3C279,1.0310790538788,215103,AP-N201-F101,0.05943850055337,0.05943850055337,105.86707305908,272.45001220703
17-APR-2026,2.0109592034405,13062,3C279,1.0310790538788,215103,AP-N202-F101,0.057415835559368,0.057415835559368,101.61210632324,272.45001220703
17-APR-2026,2.0280425368568,13066,3C279,1.0346715450287,215103,AP-N201-F101,0.05943850055337,0.05943850055337,105.86707305908,272.45001220703
17-APR-2026,2.0280425368568,13066,3C279,1.0346715450287,215103,AP-N202-F101,0.057415835559368,0.057415835559368,101.61210632324,272.45001220703
17-APR-2026,2.0369314254723,13066,3C279,1.0365368127823,215103,AP-N201-F101,0.05943850055337,0.05943850055337,105.86707305908,272.45001220703
17-APR-2026,2.0369314254723,13066,3C279,1.0365368127823,215103,AP-N202-F101,0.057415835559368,0.057415835559368,101.61210632324,272.45001220703
17-APR-2026,2.0873480913277,13071,M87,0.87300598621368,215103,AP-N201-F101,0.061834644526243,0.061834644526243,109.7947769165,271.95001220703
17-APR-2026,2.0873480913277,13071,M87,0.87300598621368,215103,AP-N202-F101,0.059666253626347,0.059666253626347,105.72065734863,271.95001220703
17-APR-2026,2.1110980922098,13075,M87,0.87586522102356,215103,AP-N201-F101,0.061834644526243,0.061834644526243,109.7947769165,271.95001220703
17-APR-2026,2.1110980922098,13075,M87,0.87586522102356,215103,AP-N202-F101,0.059666253626347,0.059666253626347,105.72065734863,271.95001220703
17-APR-2026,2.1199869809999,13075,M87,0.8769246339798,215103,AP-N201-F101,0.061834644526243,0.061834644526243,109.7947769165,271.95001220703
17-APR-2026,2.1199869809999,13075,M87,0.8769246339798,215103,AP-N202-F101,0.059666253626347,0.059666253626347,105.72065734863,271.95001220703
17-APR-2026,2.129153646757,13075,M87,0.87801104784012,215103,AP-N201-F101,0.061834644526243,0.061834644526243,109.7947769165,271.95001220703
17-APR-2026,2.129153646757,13075,M87,0.87801104784012,215103,AP-N202-F101,0.059666253626347,0.059666253626347,105.72065734863,271.95001220703
17-APR-2026,2.1385980917514,13075,M87,0.87912368774414,215103,AP-N201-F101,0.061834644526243,0.061834644526243,109.7947769165,271.95001220703
17-APR-2026,2.1385980917514,13075,M87,0.87912368774414,215103,AP-N202-F101,0.059666253626347,0.059666253626347,105.72065734863,271.95001220703
17-APR-2026,2.2116536483505,13082,J1337-1257,0.98035895824432,215103,AP-N201-F101,0.063763193786144,0.063763193786144,108.37790679932,271.54998779297
17-APR-2026,2.2116536483505,13082,J1337-1257,0.98035895824432,215103,AP-N202-F101,0.061577636748552,0.061577636748552,104.06338500977,271.54998779297
17-APR-2026,2.2205425367914,13082,J1337-1257,0.98246675729752,215103,AP-N201-F101,0.063763193786144,0.063763193786144,108.37790679932,271.54998779297
17-APR-2026,2.2205425367914,13082,J1337-1257,0.98246675729752,215103,AP-N202-F101,0.061577636748552,0.061577636748552,104.06338500977,271.54998779297
17-APR-2026,2.4107235906845,13090,3C279,1.1119066476822,215103,AP-N201-F101,0.067109607160091,0.067109607160091,107.56076049805,271.25
17-APR-2026,2.4107235906845,13090,3C279,1.1119066476822,215103,AP-N202-F101,0.06428724527359,0.06428724527359,103.23905181885,271.25
17-APR-2026,2.4276680321249,13094,3C279,1.1151554584503,215103,AP-N201-F101,0.067109607160091,0.067109607160091,107.56076049805,271.25
17-APR-2026,2.4276680321249,13094,3C279,1.1151554584503,215103,AP-N202-F101,0.06428724527359,0.06428724527359,103.23905181885,271.25
17-APR-2026,2.4366958095731,13094,3C279,1.1168798208237,215103,AP-N201-F101,0.067109607160091,0.067109607160091,107.56076049805,271.25
17-APR-2026,2.4366958095731,13094,3C279,1.1168798208237,215103,AP-N202-F101,0.06428724527359,0.06428724527359,103.23905181885,271.25
17-APR-2026,2.4876680328551,13099,M87,0.91525113582611,215103,AP-N201-F101,0.066044673323631,0.066044673323631,110.7364730835,271.04998779297
17-APR-2026,2.4876680328551,13099,M87,0.91525113582611,215103,AP-N202-F101,0.064464554190636,0.064464554190636,106.56269836426,271.04998779297
17-APR-2026,2.5111402560716,13103,M87,0.91730988025665,215103,AP-N201-F101,0.066044673323631,0.066044673323631,110.7364730835,271.04998779297
17-APR-2026,2.5111402560716,13103,M87,0.91730988025665,215103,AP-N202-F101,0.064464554190636,0.064464554190636,106.56269836426,271.04998779297
17-APR-2026,2.5203069216542,13103,M87,0.91810059547424,215103,AP-N201-F101,0.066044673323631,0.066044673323631,110.7364730835,271.04998779297
17-APR-2026,2.5203069216542,13103,M87,0.91810059547424,215103,AP-N202-F101,0.064464554190636,0.064464554190636,106.56269836426,271.04998779297
17-APR-2026,2.529473587586,13103,M87,0.91888374090195,215103,AP-N201-F101,0.066044673323631,0.066044673323631,110.7364730835,271.04998779297
17-APR-2026,2.529473587586,13103,M87,0.91888374090195,215103,AP-N202-F101,0.064464554190636,0.064464554190636,106.56269836426,271.04998779297
17-APR-2026,2.5386402535178,13103,M87,0.91965925693512,215103,AP-N201-F101,0.066044673323631,0.066044673323631,110.7364730835,271.04998779297
17-APR-2026,2.5386402535178,13103,M87,0.91965925693512,215103,AP-N202-F101,0.064464554190636,0.064464554190636,106.56269836426,271.04998779297
17-APR-2026,2.6440569205519,13108,J1337-1257,1.0819845199585,215103,AP-N201-F101,0.064399413764477,0.064399413764477,106.90640258789,271.04998779297
17-APR-2026,2.6440569205519,13108,J1337-1257,1.0819845199585,215103,AP-N202-F101,0.062299724668264,0.062299724668264,102.68067169189,271.04998779297
17-APR-2026,2.6608624771758,13112,J1337-1257,1.0858877897263,215103,AP-N201-F101,0.064399413764477,0.064399413764477,106.90640258789,271.04998779297
17-APR-2026,2.6608624771758,13112,J1337-1257,1.0858877897263,215103,AP-N202-F101,0.062299724668264,0.062299724668264,102.68067169189,271.04998779297
17-APR-2026,2.6700291432822,13112,J1337-1257,1.0880148410797,215103,AP-N201-F101,0.064399413764477,0.064399413764477,106.90640258789,271.04998779297
17-APR-2026,2.6700291432822,13112,J1337-1257,1.0880148410797,215103,AP-N202-F101,0.062299724668264,0.062299724668264,102.68067169189,271.04998779297
17-APR-2026,2.7604458079946,13117,3C279,1.174972653389,215103,AP-N201-F101,0.064800411462784,0.064800411462784,105.8610458374,270.35000610352
17-APR-2026,2.7604458079946,13117,3C279,1.174972653389,215103,AP-N202-F101,0.062253873795271,0.062253873795271,101.70332336426,270.35000610352
17-APR-2026,2.778084697266,13121,3C279,1.1778948307037,215103,AP-N201-F101,0.064800411462784,0.064800411462784,105.8610458374,270.35000610352
17-APR-2026,2.778084697266,13121,3C279,1.1778948307037,215103,AP-N202-F101,0.062253873795271,0.062253873795271,101.70332336426,270.35000610352
17-APR-2026,2.7869735858814,13121,3C279,1.1793566942215,215103,AP-N201-F101,0.064800411462784,0.064800411462784,105.8610458374,270.35000610352
17-APR-2026,2.7869735858814,13121,3C279,1.1793566942215,215103,AP-N202-F101,0.062253873795271,0.062253873795271,101.70332336426,270.35000610352
17-APR-2026,2.8371124742459,13126,M87,0.94060671329498,215103,AP-N201-F101,0.065833792090416,0.065833792090416,109.93748474121,270.54998779297
17-APR-2026,2.8371124742459,13126,M87,0.94060671329498,215103,AP-N202-F101,0.06404497474432,0.06404497474432,105.73783111572,270.54998779297
17-APR-2026,2.8611402499996,13130,M87,0.94191610813141,215103,AP-N201-F101,0.065833792090416,0.065833792090416,109.93748474121,270.54998779297
17-APR-2026,2.8611402499996,13130,M87,0.94191610813141,215103,AP-N202-F101,0.06404497474432,0.06404497474432,105.73783111572,270.54998779297
17-APR-2026,2.8700291387897,13130,M87,0.94238591194153,215103,AP-N201-F101,0.065833792090416,0.065833792090416,109.93748474121,270.54998779297
17-APR-2026,2.8700291387897,13130,M87,0.94238591194153,215103,AP-N202-F101,0.06404497474432,0.06404497474432,105.73783111572,270.54998779297
17-APR-2026,2.8789180277544,13130,M87,0.9428476691246,215103,AP-N201-F101,0.065833792090416,0.065833792090416,109.93748474121,270.54998779297
17-APR-2026,2.8789180277544,13130,M87,0.9428476691246,215103,AP-N202-F101,0.06404497474432,0.06404497474432,105.73783111572,270.54998779297
17-APR-2026,2.8878069163699,13130,M87,0.94330149888992,215103,AP-N201-F101,0.065833792090416,0.065833792090416,109.93748474121,270.54998779297
17-APR-2026,2.8878069163699,13130,M87,0.94330149888992,215103,AP-N202-F101,0.06404497474432,0.06404497474432,105.73783111572,270.54998779297
17-APR-2026,3.0607235814534,13135,3C273,1.1301991939545,215103,AP-N201-F101,0.065861091017723,0.065861091017723,106.95973968506,270.64999389648
17-APR-2026,3.0607235814534,13135,3C273,1.1301991939545,215103,AP-N202-F101,0.064115509390831,0.064115509390831,102.82028198242,270.64999389648
17-APR-2026,3.0780846944562,13139,3C273,1.1308975219727,215103,AP-N201-F101,0.065861091017723,0.065861091017723,106.95973968506,270.64999389648
17-APR-2026,3.0780846944562,13139,3C273,1.1308975219727,215103,AP-N202-F101,0.064115509390831,0.064115509390831,102.82028198242,270.64999389648
17-APR-2026,3.0869735832463,13139,3C273,1.1312383413315,215103,AP-N201-F101,0.065861091017723,0.065861091017723,106.95973968506,270.64999389648
17-APR-2026,3.0869735832463,13139,3C273,1.1312383413315,215103,AP-N202-F101,0.064115509390831,0.064115509390831,102.82028198242,270.64999389648
17-APR-2026,3.1371124698645,13144,M87,0.95271599292755,215103,AP-N201-F101,0.067124024033546,0.067124024033546,110.32953643799,270.75
17-APR-2026,3.1371124698645,13144,M87,0.95271599292755,215103,AP-N202-F101,0.065485827624798,0.065485827624798,106.24852752686,270.75
17-APR-2026,3.1611402473644,13148,M87,0.95327889919281,215103,AP-N201-F101,0.067124024033546,0.067124024033546,110.32953643799,270.75
17-APR-2026,3.1611402473644,13148,M87,0.95327889919281,215103,AP-N202-F101,0.065485827624798,0.065485827624798,106.24852752686,270.75
17-APR-2026,3.1703069131216,13148,M87,0.95347785949707,215103,AP-N201-F101,0.067124024033546,0.067124024033546,110.32953643799,270.75
17-APR-2026,3.1703069131216,13148,M87,0.95347785949707,215103,AP-N202-F101,0.065485827624798,0.065485827624798,106.24852752686,270.75
17-APR-2026,3.1791958020863,13148,M87,0.95366215705872,215103,AP-N201-F101,0.067124024033546,0.067124024033546,110.32953643799,270.75
17-APR-2026,3.1791958020863,13148,M87,0.95366215705872,215103,AP-N202-F101,0.065485827624798,0.065485827624798,106.24852752686,270.75
17-APR-2026,3.1882235795346,13148,M87,0.95384067296982,215103,AP-N201-F101,0.067124024033546,0.067124024033546,110.32953643799,270.75
17-APR-2026,3.1882235795346,13148,M87,0.95384067296982,215103,AP-N202-F101,0.065485827624798,0.065485827624798,106.24852752686,270.75
17-APR-2026,3.3601681916491,13156,3C279,1.2535821199417,215103,AP-N201-F101,0.066710539162159,0.066710539162159,105.70724487305,269.85000610352
17-APR-2026,3.3601681916491,13156,3C279,1.2535821199417,215103,AP-N202-F101,0.064753517508507,0.064753517508507,101.6217956543,269.85000610352
17-APR-2026,3.3783626385216,13160,3C279,1.2551319599152,215103,AP-N201-F101,0.066710539162159,0.066710539162159,105.70724487305,269.85000610352
17-APR-2026,3.3783626385216,13160,3C279,1.2551319599152,215103,AP-N202-F101,0.064753517508507,0.064753517508507,101.6217956543,269.85000610352
17-APR-2026,3.3872515269625,13160,3C279,1.2558677196503,215103,AP-N201-F101,0.066710539162159,0.066710539162159,105.70724487305,269.85000610352
17-APR-2026,3.3872515269625,13160,3C279,1.2558677196503,215103,AP-N202-F101,0.064753517508507,0.064753517508507,101.6217956543,269.85000610352
17-APR-2026,3.437112635042,13165,M87,0.95532733201981,215103,AP-N201-F101,0.068590886890888,0.068590886890888,110.90488433838,270.14999389648
17-APR-2026,3.437112635042,13165,M87,0.95532733201981,215103,AP-N202-F101,0.06659147888422,0.06659147888422,106.73904418945,270.14999389648
17-APR-2026,3.4614181886358,13169,M87,0.95511609315872,215103,AP-N201-F101,0.068590886890888,0.068590886890888,110.90488433838,270.14999389648
17-APR-2026,3.4614181886358,13169,M87,0.95511609315872,215103,AP-N202-F101,0.06659147888422,0.06659147888422,106.73904418945,270.14999389648
17-APR-2026,3.4703070777752,13169,M87,0.95502287149429,215103,AP-N201-F101,0.068590886890888,0.068590886890888,110.90488433838,270.14999389648
17-APR-2026,3.4703070777752,13169,M87,0.95502287149429,215103,AP-N202-F101,0.06659147888422,0.06659147888422,106.73904418945,270.14999389648
17-APR-2026,3.4791959663907,13169,M87,0.95492136478424,215103,AP-N201-F101,0.068590886890888,0.068590886890888,110.90488433838,270.14999389648
17-APR-2026,3.4791959663907,13169,M87,0.95492136478424,215103,AP-N202-F101,0.06659147888422,0.06659147888422,106.73904418945,270.14999389648
17-APR-2026,3.4883626323225,13169,M87,0.95480793714523,215103,AP-N201-F101,0.068590886890888,0.068590886890888,110.90488433838,270.14999389648
17-APR-2026,3.4883626323225,13169,M87,0.95480793714523,215103,AP-N202-F101,0.06659147888422,0.06659147888422,106.73904418945,270.14999389648
17-APR-2026,3.6771126330736,13174,3C279,1.2714730501175,215103,AP-N201-F101,0.065749287605286,0.065749287605286,105.29867553711,270.04998779297
17-APR-2026,3.6771126330736,13174,3C279,1.2714730501175,215103,AP-N202-F101,0.06337371468544,0.06337371468544,101.20687103271,270.04998779297
17-APR-2026,3.6947515226942,13178,3C279,1.2718671560287,215103,AP-N201-F101,0.065749287605286,0.065749287605286,105.29867553711,270.04998779297
17-APR-2026,3.6947515226942,13178,3C279,1.2718671560287,215103,AP-N202-F101,0.06337371468544,0.06337371468544,101.20687103271,270.04998779297
17-APR-2026,3.703918188626,13178,3C279,1.2720460891724,215103,AP-N201-F101,0.065749287605286,0.065749287605286,105.29867553711,270.04998779297
17-APR-2026,3.703918188626,13178,3C279,1.2720460891724,215103,AP-N202-F101,0.06337371468544,0.06337371468544,101.20687103271,270.04998779297
17-APR-2026,3.7535015232309,13183,M87,0.94766575098038,215103,AP-N201-F101,0.065364837646484,0.065364837646484,109.5525970459,270.25
17-APR-2026,3.7535015232309,13183,M87,0.94766575098038,215103,AP-N202-F101,0.063623435795307,0.063623435795307,105.294090271,270.25
17-APR-2026,3.7780848553634,13187,M87,0.9466301202774,215103,AP-N201-F101,0.065364837646484,0.065364837646484,109.5525970459,270.25
17-APR-2026,3.7780848553634,13187,M87,0.9466301202774,215103,AP-N202-F101,0.063623435795307,0.063623435795307,105.294090271,270.25
17-APR-2026,3.7871126349072,13187,M87,0.9462343454361,215103,AP-N201-F101,0.065364837646484,0.065364837646484,109.5525970459,270.25
17-APR-2026,3.7871126349072,13187,M87,0.9462343454361,215103,AP-N202-F101,0.063623435795307,0.063623435795307,105.294090271,270.25
17-APR-2026,3.7961404121808,13187,M87,0.94583016633987,215103,AP-N201-F101,0.065364837646484,0.065364837646484,109.5525970459,270.25
17-APR-2026,3.7961404121808,13187,M87,0.94583016633987,215103,AP-N202-F101,0.063623435795307,0.063623435795307,105.294090271,270.25
17-APR-2026,3.8050293013202,13187,M87,0.94542413949966,215103,AP-N201-F101,0.065364837646484,0.065364837646484,109.5525970459,270.25
17-APR-2026,3.8050293013202,13187,M87,0.94542413949966,215103,AP-N202-F101,0.063623435795307,0.063623435795307,105.294090271,270.25
17-APR-2026,3.8698904085782,13192,J1337-1257,1.3404178619385,215103,AP-N201-F101,0.064846895635128,0.064846895635128,104.48567962646,269.75
17-APR-2026,3.8698904085782,13192,J1337-1257,1.3404178619385,215103,AP-N202-F101,0.063224025070667,0.063224025070667,100.40441894531,269.75
17-APR-2026,3.8936404096349,13196,J1337-1257,1.3442807197571,215103,AP-N201-F101,0.064846895635128,0.064846895635128,104.48567962646,269.75
17-APR-2026,3.8936404096349,13196,J1337-1257,1.3442807197571,215103,AP-N202-F101,0.063224025070667,0.063224025070667,100.40441894531,269.75
17-APR-2026,3.902529298425,13196,J1337-1257,1.345703959465,215103,AP-N201-F101,0.064846895635128,0.064846895635128,104.48567962646,269.75
17-APR-2026,3.902529298425,13196,J1337-1257,1.345703959465,215103,AP-N202-F101,0.063224025070667,0.063224025070667,100.40441894531,269.75
17-APR-2026,4.0273904085088,13201,3C273,1.1018342971802,215103,AP-N201-F101,0.066211439669132,0.066211439669132,107.07677459717,269.35000610352
17-APR-2026,4.0273904085088,13201,3C273,1.1018342971802,215103,AP-N202-F101,0.063894987106323,0.063894987106323,102.98516845703,269.35000610352
17-APR-2026,4.0453070764934,13205,3C273,1.1000967025757,215103,AP-N201-F101,0.066211439669132,0.066211439669132,107.07677459717,269.35000610352
17-APR-2026,4.0453070764934,13205,3C273,1.1000967025757,215103,AP-N202-F101,0.063894987106323,0.063894987106323,102.98516845703,269.35000610352
17-APR-2026,4.0541959649343,13205,3C273,1.0992207527161,215103,AP-N201-F101,0.066211439669132,0.066211439669132,107.07677459717,269.35000610352
17-APR-2026,4.0541959649343,13205,3C273,1.0992207527161,215103,AP-N202-F101,0.063894987106323,0.063894987106323,102.98516845703,269.35000610352
17-APR-2026,4.1040570737124,13210,M87,0.92717027664185,215103,AP-N201-F101,0.06742337346077,0.06742337346077,110.89374542236,269.95001220703
17-APR-2026,4.1040570737124,13210,M87,0.92717027664185,215103,AP-N202-F101,0.064908787608147,0.064908787608147,106.58371734619,269.95001220703
17-APR-2026,4.1283626266077,13214,M87,0.92530649900436,215103,AP-N201-F101,0.06742337346077,0.06742337346077,110.89374542236,269.95001220703
17-APR-2026,4.1283626266077,13214,M87,0.92530649900436,215103,AP-N202-F101,0.064908787608147,0.064908787608147,106.58371734619,269.95001220703
17-APR-2026,4.1372515153978,13214,M87,0.92461133003235,215103,AP-N201-F101,0.06742337346077,0.06742337346077,110.89374542236,269.95001220703
17-APR-2026,4.1372515153978,13214,M87,0.92461133003235,215103,AP-N202-F101,0.064908787608147,0.064908787608147,106.58371734619,269.95001220703
17-APR-2026,4.1461404045371,13214,M87,0.92390877008438,215103,AP-N201-F101,0.06742337346077,0.06742337346077,110.89374542236,269.95001220703
17-APR-2026,4.1461404045371,13214,M87,0.92390877008438,215103,AP-N202-F101,0.064908787608147,0.064908787608147,106.58371734619,269.95001220703
17-APR-2026,4.1553070729137,13214,M87,0.9231766462326,215103,AP-N201-F101,0.06742337346077,0.06742337346077,110.89374542236,269.95001220703
17-APR-2026,4.1553070729137,13214,M87,0.9231766462326,215103,AP-N202-F101,0.064908787608147,0.064908787608147,106.58371734619,269.95001220703
17-APR-2026,4.220445961679,13219,M87,0.91775327920914,215103,AP-N201-F101,0.067149765789509,0.067149765789509,111.25869750977,270.45001220703
17-APR-2026,4.220445961679,13219,M87,0.91775327920914,215103,AP-N202-F101,0.065641358494759,0.065641358494759,106.98271179199,270.45001220703
17-APR-2026,4.2444737377819,13223,M87,0.91565579175949,215103,AP-N201-F101,0.067149765789509,0.067149765789509,111.25869750977,270.45001220703
17-APR-2026,4.2444737377819,13223,M87,0.91565579175949,215103,AP-N202-F101,0.065641358494759,0.065641358494759,106.98271179199,270.45001220703
17-APR-2026,4.253362626572,13223,M87,0.91486686468124,215103,AP-N201-F101,0.067149765789509,0.067149765789509,111.25869750977,270.45001220703
17-APR-2026,4.253362626572,13223,M87,0.91486686468124,215103,AP-N202-F101,0.065641358494759,0.065641358494759,106.98271179199,270.45001220703
17-APR-2026,4.2625292932023,13223,M87,0.91404592990875,215103,AP-N201-F101,0.067149765789509,0.067149765789509,111.25869750977,270.45001220703
17-APR-2026,4.2625292932023,13223,M87,0.91404592990875,215103,AP-N202-F101,0.065641358494759,0.065641358494759,106.98271179199,270.45001220703
17-APR-2026,4.2714181816431,13223,M87,0.91324287652969,215103,AP-N201-F101,0.067149765789509,0.067149765789509,111.25869750977,270.45001220703
17-APR-2026,4.2714181816431,13223,M87,0.91324287652969,215103,AP-N202-F101,0.065641358494759,0.065641358494759,106.98271179199,270.45001220703
17-APR-2026,4.4268348487328,13228,3C279,1.2321131229401,215103,AP-N201-F101,0.068134792149067,0.068134792149067,106.59459686279,270.45001220703
17-APR-2026,4.4268348487328,13228,3C279,1.2321131229401,215103,AP-N202-F101,0.06614937633276,0.06614937633276,102.47975921631,270.45001220703
17-APR-2026,4.4439181816253,13232,3C279,1.2300364971161,215103,AP-N201-F101,0.068134792149067,0.068134792149067,106.59459686279,270.45001220703
17-APR-2026,4.4439181816253,13232,3C279,1.2300364971161,215103,AP-N202-F101,0.06614937633276,0.06614937633276,102.47975921631,270.45001220703
17-APR-2026,4.45280707059,13232,3C279,1.2289394140244,215103,AP-N201-F101,0.068134792149067,0.068134792149067,106.59459686279,270.45001220703
17-APR-2026,4.45280707059,13232,3C279,1.2289394140244,215103,AP-N202-F101,0.06614937633276,0.06614937633276,102.47975921631,270.45001220703
17-APR-2026,4.5035015142856,13237,M87,0.88989329338074,215103,AP-N201-F101,0.068922743201256,0.068922743201256,112.52398681641,269.64999389648
17-APR-2026,4.5035015142856,13237,M87,0.88989329338074,215103,AP-N202-F101,0.067167162895203,0.067167162895203,108.25887298584,269.64999389648
17-APR-2026,4.5275292891661,13241,M87,0.88722407817841,215103,AP-N201-F101,0.068922743201256,0.068922743201256,112.52398681641,269.64999389648
17-APR-2026,4.5275292891661,13241,M87,0.88722407817841,215103,AP-N202-F101,0.067167162895203,0.067167162895203,108.25887298584,269.64999389648
17-APR-2026,4.5364181777816,13241,M87,0.88622510433197,215103,AP-N201-F101,0.068922743201256,0.068922743201256,112.52398681641,269.64999389648
17-APR-2026,4.5364181777816,13241,M87,0.88622510433197,215103,AP-N202-F101,0.067167162895203,0.067167162895203,108.25887298584,269.64999389648
17-APR-2026,4.545584843888,13241,M87,0.88518857955933,215103,AP-N201-F101,0.068922743201256,0.068922743201256,112.52398681641,269.64999389648
17-APR-2026,4.545584843888,13241,M87,0.88518857955933,215103,AP-N202-F101,0.067167162895203,0.067167162895203,108.25887298584,269.64999389648
17-APR-2026,4.5544737330274,13241,M87,0.88417714834213,215103,AP-N201-F101,0.068922743201256,0.068922743201256,112.52398681641,269.64999389648
17-APR-2026,4.5544737330274,13241,M87,0.88417714834213,215103,AP-N202-F101,0.067167162895203,0.067167162895203,108.25887298584,269.64999389648
17-APR-2026,4.6204459579326,13246,M87,0.87648224830627,215103,AP-N201-F101,0.068548001348972,0.068548001348972,112.63385009766,269.75
17-APR-2026,4.6204459579326,13246,M87,0.87648224830627,215103,AP-N202-F101,0.066351011395454,0.066351011395454,108.43771362305,269.75
17-APR-2026,4.6444737345593,13250,M87,0.87359809875488,215103,AP-N201-F101,0.068548001348972,0.068548001348972,112.63385009766,269.75
17-APR-2026,4.6444737345593,13250,M87,0.87359809875488,215103,AP-N202-F101,0.066351011395454,0.066351011395454,108.43771362305,269.75
17-APR-2026,4.6533626231748,13250,M87,0.8725203871727,215103,AP-N201-F101,0.068548001348972,0.068548001348972,112.63385009766,269.75
17-APR-2026,4.6533626231748,13250,M87,0.8725203871727,215103,AP-N202-F101,0.066351011395454,0.066351011395454,108.43771362305,269.75
17-APR-2026,4.6622515119649,13250,M87,0.87143689393997,215103,AP-N201-F101,0.068548001348972,0.068548001348972,112.63385009766,269.75
17-APR-2026,4.6622515119649,13250,M87,0.87143689393997,215103,AP-N202-F101,0.066351011395454,0.066351011395454,108.43771362305,269.75
17-APR-2026,4.6711404005804,13250,M87,0.87034755945206,215103,AP-N201-F101,0.068548001348972,0.068548001348972,112.63385009766,269.75
17-APR-2026,4.6711404005804,13250,M87,0.87034755945206,215103,AP-N202-F101,0.066351011395454,0.066351011395454,108.43771362305,269.75
17-APR-2026,4.8602010397243,13258,J1337-1257,1.3736156225204,215103,AP-N201-F101,0.064926244318485,0.064926244318485,104.21020507812,270.25
17-APR-2026,4.8602010397243,13258,J1337-1257,1.3736156225204,215103,AP-N202-F101,0.062439426779747,0.062439426779747,100.19847106934,270.25
17-APR-2026,4.8778399262017,13262,J1337-1257,1.3714686632156,215103,AP-N201-F101,0.064926244318485,0.064926244318485,104.21020507812,270.25
17-APR-2026,4.8778399262017,13262,J1337-1257,1.3714686632156,215103,AP-N202-F101,0.062439426779747,0.062439426779747,100.19847106934,270.25
17-APR-2026,4.8867288149918,13262,J1337-1257,1.3703593015671,215103,AP-N201-F101,0.064926244318485,0.064926244318485,104.21020507812,270.25
17-APR-2026,4.8867288149918,13262,J1337-1257,1.3703593015671,215103,AP-N202-F101,0.062439426779747,0.062439426779747,100.19847106934,270.25
17-APR-2026,4.978256591938,13267,3C273,0.96703779697418,215103,AP-N201-F101,0.064176298677921,0.064176298677921,108.69853210449,270.25
17-APR-2026,4.978256591938,13267,3C273,0.96703779697418,215103,AP-N202-F101,0.062594942748547,0.062594942748547,104.48679351807,270.25
17-APR-2026,4.9950621482127,13271,3C273,0.96404945850372,215103,AP-N201-F101,0.064176298677921,0.064176298677921,108.69853210449,270.25
17-APR-2026,4.9950621482127,13271,3C273,0.96404945850372,215103,AP-N202-F101,0.062594942748547,0.062594942748547,104.48679351807,270.25
17-APR-2026,5.0039510370028,13271,3C273,0.96246266365051,215103,AP-N201-F101,0.064176298677921,0.064176298677921,108.69853210449,270.25
17-APR-2026,5.0039510370028,13271,3C273,0.96246266365051,215103,AP-N202-F101,0.062594942748547,0.062594942748547,104.48679351807,270.25
17-APR-2026,5.0532565927199,13276,M87,0.81844180822372,215103,AP-N201-F101,0.0637486577034,0.0637486577034,112.05920410156,270.25
17-APR-2026,5.0532565927199,13276,M87,0.81844180822372,215103,AP-N202-F101,0.061844445765018,0.061844445765018,107.84745788574,270.25
17-APR-2026,5.0781177037403,13280,M87,0.81474637985229,215103,AP-N201-F101,0.0637486577034,0.0637486577034,112.05920410156,270.25
17-APR-2026,5.0781177037403,13280,M87,0.81474637985229,215103,AP-N202-F101,0.061844445765018,0.061844445765018,107.84745788574,270.25
17-APR-2026,5.0870065928796,13280,M87,0.81341648101807,215103,AP-N201-F101,0.0637486577034,0.0637486577034,112.05920410156,270.25
17-APR-2026,5.0870065928796,13280,M87,0.81341648101807,215103,AP-N202-F101,0.061844445765018,0.061844445765018,107.84745788574,270.25
17-APR-2026,5.0958954816697,13280,M87,0.81208205223083,215103,AP-N201-F101,0.0637486577034,0.0637486577034,112.05920410156,270.25
17-APR-2026,5.0958954816697,13280,M87,0.81208205223083,215103,AP-N202-F101,0.061844445765018,0.061844445765018,107.84745788574,270.25
17-APR-2026,5.1047843704598,13280,M87,0.8107430934906,215103,AP-N201-F101,0.0637486577034,0.0637486577034,112.05920410156,270.25
17-APR-2026,5.1047843704598,13280,M87,0.8107430934906,215103,AP-N202-F101,0.061844445765018,0.061844445765018,107.84745788574,270.25
17-APR-2026,5.2274232578222,13285,3C279,1.1007889509201,215103,AP-N201-F101,0.060224086046219,0.060224086046219,104.75413513184,269.45001220703
17-APR-2026,5.2274232578222,13285,3C279,1.1007889509201,215103,AP-N202-F101,0.0577562302351,0.0577562302351,100.59841156006,269.45001220703
17-APR-2026,5.2436732552733,13289,3C279,1.0976051092148,215103,AP-N201-F101,0.060224086046219,0.060224086046219,104.75413513184,269.45001220703
17-APR-2026,5.2436732552733,13289,3C279,1.0976051092148,215103,AP-N202-F101,0.0577562302351,0.0577562302351,100.59841156006,269.45001220703
17-APR-2026,5.2525621444127,13289,3C279,1.0958576202393,215103,AP-N201-F101,0.060224086046219,0.060224086046219,104.75413513184,269.45001220703
17-APR-2026,5.2525621444127,13289,3C279,1.0958576202393,215103,AP-N202-F101,0.0577562302351,0.0577562302351,100.59841156006,269.45001220703
17-APR-2026,5.3440899234544,13294,M87,0.77308398485184,215103,AP-N201-F101,0.060432985424995,0.060432985424995,111.51744842529,270.04998779297
17-APR-2026,5.3440899234544,13294,M87,0.77308398485184,215103,AP-N202-F101,0.058435834944248,0.058435834944248,107.368309021,270.04998779297
17-APR-2026,5.3608954781575,13298,M87,0.77032846212387,215103,AP-N201-F101,0.060432985424995,0.060432985424995,111.51744842529,270.04998779297
17-APR-2026,5.3608954781575,13298,M87,0.77032846212387,215103,AP-N202-F101,0.058435834944248,0.058435834944248,107.368309021,270.04998779297
17-APR-2026,5.3697843669476,13298,M87,0.76886546611786,215103,AP-N201-F101,0.060432985424995,0.060432985424995,111.51744842529,270.04998779297
17-APR-2026,5.3697843669476,13298,M87,0.76886546611786,215103,AP-N202-F101,0.058435834944248,0.058435834944248,107.368309021,270.04998779297
17-APR-2026,5.3786732557377,13298,M87,0.76739865541458,215103,AP-N201-F101,0.060432985424995,0.060432985424995,111.51744842529,270.04998779297
17-APR-2026,5.3786732557377,13298,M87,0.76739865541458,215103,AP-N202-F101,0.058435834944248,0.058435834944248,107.368309021,270.04998779297
17-APR-2026,5.3875621445278,13298,M87,0.76592808961868,215103,AP-N201-F101,0.060432985424995,0.060432985424995,111.51744842529,270.04998779297
17-APR-2026,5.3875621445278,13298,M87,0.76592808961868,215103,AP-N202-F101,0.058435834944248,0.058435834944248,107.368309021,270.04998779297
17-APR-2026,5.5604787530335,13306,3C279,1.0330501794815,215103,AP-N201-F101,0.058326363563538,0.058326363563538,104.8323059082,269.75
17-APR-2026,5.5604787530335,13306,3C279,1.0330501794815,215103,AP-N202-F101,0.056319914758205,0.056319914758205,100.57284545898,269.75
17-APR-2026,5.5778398658616,13310,3C279,1.0293939113617,215103,AP-N201-F101,0.058326363563538,0.058326363563538,104.8323059082,269.75
17-APR-2026,5.5778398658616,13310,3C279,1.0293939113617,215103,AP-N202-F101,0.056319914758205,0.056319914758205,100.57284545898,269.75
17-APR-2026,5.586728755001,13310,3C279,1.027517914772,215103,AP-N201-F101,0.058326363563538,0.058326363563538,104.8323059082,269.75
17-APR-2026,5.586728755001,13310,3C279,1.027517914772,215103,AP-N202-F101,0.056319914758205,0.056319914758205,100.57284545898,269.75
17-APR-2026,5.6368676414446,13315,M87,0.72321832180023,215103,AP-N201-F101,0.058496240526438,0.058496240526438,112.01056671143,269.54998779297
17-APR-2026,5.6368676414446,13315,M87,0.72321832180023,215103,AP-N202-F101,0.056724037975073,0.056724037975073,107.88801574707,269.54998779297
17-APR-2026,5.6611731959115,13319,M87,0.71891170740128,215103,AP-N201-F101,0.058496240526438,0.058496240526438,112.01056671143,269.54998779297
17-APR-2026,5.6611731959115,13319,M87,0.71891170740128,215103,AP-N202-F101,0.056724037975073,0.056724037975073,107.88801574707,269.54998779297
17-APR-2026,5.6700620848762,13319,M87,0.71733075380325,215103,AP-N201-F101,0.058496240526438,0.058496240526438,112.01056671143,269.54998779297
17-APR-2026,5.6700620848762,13319,M87,0.71733075380325,215103,AP-N202-F101,0.056724037975073,0.056724037975073,107.88801574707,269.54998779297
17-APR-2026,5.6789509736664,13319,M87,0.7157467007637,215103,AP-N201-F101,0.058496240526438,0.058496240526438,112.01056671143,269.54998779297
17-APR-2026,5.6789509736664,13319,M87,0.7157467007637,215103,AP-N202-F101,0.056724037975073,0.056724037975073,107.88801574707,269.54998779297
17-APR-2026,5.6878398626311,13319,M87,0.71415942907333,215103,AP-N201-F101,0.058496240526438,0.058496240526438,112.01056671143,269.54998779297
17-APR-2026,5.6878398626311,13319,M87,0.71415942907333,215103,AP-N202-F101,0.056724037975073,0.056724037975073,107.88801574707,269.54998779297
17-APR-2026,5.8443676410815,13324,3C279,0.97205471992493,215103,AP-N201-F101,0.057552509009838,0.057552509009838,105.60089874268,270.25
17-APR-2026,5.8443676410815,13324,3C279,0.97205471992493,215103,AP-N202-F101,0.055274825543165,0.055274825543165,101.32604217529,270.25
17-APR-2026,5.860617639755,13328,3C279,0.96849322319031,215103,AP-N201-F101,0.057552509009838,0.057552509009838,105.60089874268,270.25
17-APR-2026,5.860617639755,13328,3C279,0.96849322319031,215103,AP-N202-F101,0.055274825543165,0.055274825543165,101.32604217529,270.25
17-APR-2026,5.8695065287197,13328,3C279,0.96654230356216,215103,AP-N201-F101,0.057552509009838,0.057552509009838,105.60089874268,270.25
17-APR-2026,5.8695065287197,13328,3C279,0.96654230356216,215103,AP-N202-F101,0.055274825543165,0.055274825543165,101.32604217529,270.25
17-APR-2026,5.9270065287137,13335,J1337-1257,1.1711711883545,215103,AP-N201-F101,0.056674342602491,0.056674342602491,102.58338165283,269.95001220703
17-APR-2026,5.9270065287137,13335,J1337-1257,1.1711711883545,215103,AP-N202-F101,0.053793087601662,0.053793087601662,98.288543701172,269.95001220703
17-APR-2026,5.9358954176785,13335,J1337-1257,1.1691769361496,215103,AP-N201-F101,0.056674342602491,0.056674342602491,102.58338165283,269.95001220703
17-APR-2026,5.9358954176785,13335,J1337-1257,1.1691769361496,215103,AP-N202-F101,0.053793087601662,0.053793087601662,98.288543701172,269.95001220703
17-APR-2026,6.0107565284052,13340,M87,0.65450984239578,215103,AP-N201-F101,0.057378370314837,0.057378370314837,114.20152282715,269.95001220703
17-APR-2026,6.0107565284052,13340,M87,0.65450984239578,215103,AP-N202-F101,0.055226065218449,0.055226065218449,109.76075744629,269.95001220703
17-APR-2026,6.0289509726584,13344,M87,0.65104180574417,215103,AP-N201-F101,0.057378370314837,0.057378370314837,114.20152282715,269.95001220703
17-APR-2026,6.0289509726584,13344,M87,0.65104180574417,215103,AP-N202-F101,0.055226065218449,0.055226065218449,109.76075744629,269.95001220703
17-APR-2026,6.0378398614485,13344,M87,0.64934366941452,215103,AP-N201-F101,0.057378370314837,0.057378370314837,114.20152282715,269.95001220703
17-APR-2026,6.0378398614485,13344,M87,0.64934366941452,215103,AP-N202-F101,0.055226065218449,0.055226065218449,109.76075744629,269.95001220703
17-APR-2026,6.0467287504132,13344,M87,0.64764308929443,215103,AP-N201-F101,0.057378370314837,0.057378370314837,114.20152282715,269.95001220703
17-APR-2026,6.0467287504132,13344,M87,0.64764308929443,215103,AP-N202-F101,0.055226065218449,0.055226065218449,109.76075744629,269.95001220703
17-APR-2026,6.0556176390287,13344,M87,0.64594000577927,215103,AP-N201-F101,0.057378370314837,0.057378370314837,114.20152282715,269.95001220703
17-APR-2026,6.0556176390287,13344,M87,0.64594000577927,215103,AP-N202-F101,0.055226065218449,0.055226065218449,109.76075744629,269.95001220703
17-APR-2026,6.2113120822123,13349,3C273,0.71787744760513,215103,AP-N201-F101,0.058034978806973,0.058034978806973,112.30836486816,270.35000610352
17-APR-2026,6.2113120822123,13349,3C273,0.71787744760513,215103,AP-N202-F101,0.056363061070442,0.056363061070442,108.00576019287,270.35000610352
17-APR-2026,6.2282565280183,13353,3C273,0.71415656805038,215103,AP-N201-F101,0.058034978806973,0.058034978806973,112.30836486816,270.35000610352
17-APR-2026,6.2282565280183,13353,3C273,0.71415656805038,215103,AP-N202-F101,0.056363061070442,0.056363061070442,108.00576019287,270.35000610352
17-APR-2026,6.2372843054665,13353,3C273,0.71217179298401,215103,AP-N201-F101,0.058034978806973,0.058034978806973,112.30836486816,270.35000610352
17-APR-2026,6.2372843054665,13353,3C273,0.71217179298401,215103,AP-N202-F101,0.056363061070442,0.056363061070442,108.00576019287,270.35000610352
17-APR-2026,6.2874231926087,13358,M87,0.60069054365158,215103,AP-N201-F101,0.060728881508112,0.060728881508112,119.27646636963,270.25
17-APR-2026,6.2874231926087,13358,M87,0.60069054365158,215103,AP-N202-F101,0.059331685304642,0.059331685304642,114.89953613281,270.25
17-APR-2026,6.3103398559539,13362,M87,0.59613430500031,215103,AP-N201-F101,0.060728881508112,0.060728881508112,119.27646636963,270.25
17-APR-2026,6.3103398559539,13362,M87,0.59613430500031,215103,AP-N202-F101,0.059331685304642,0.059331685304642,114.89953613281,270.25
17-APR-2026,6.3192287449186,13362,M87,0.59436327219009,215103,AP-N201-F101,0.060728881508112,0.060728881508112,119.27646636963,270.25
17-APR-2026,6.3192287449186,13362,M87,0.59436327219009,215103,AP-N202-F101,0.059331685304642,0.059331685304642,114.89953613281,270.25
17-APR-2026,6.3281176338833,13362,M87,0.59259009361267,215103,AP-N201-F101,0.060728881508112,0.060728881508112,119.27646636963,270.25
17-APR-2026,6.3281176338833,13362,M87,0.59259009361267,215103,AP-N202-F101,0.059331685304642,0.059331685304642,114.89953613281,270.25
17-APR-2026,6.3370065228481,13362,M87,0.59081476926804,215103,AP-N201-F101,0.060728881508112,0.060728881508112,119.27646636963,270.25
17-APR-2026,6.3370065228481,13362,M87,0.59081476926804,215103,AP-N202-F101,0.059331685304642,0.059331685304642,114.89953613281,270.25
17-APR-2026,6.4946454137069,13367,3C279,0.8253253698349,215103,AP-N201-F101,0.059687968343496,0.059687968343496,109.84087371826,270.35000610352
17-APR-2026,6.4946454137069,13367,3C279,0.8253253698349,215103,AP-N202-F101,0.057940170168877,0.057940170168877,105.72006225586,270.35000610352
17-APR-2026,6.510617636461,13371,3C279,0.82163518667221,215103,AP-N201-F101,0.059687968343496,0.059687968343496,109.84087371826,270.35000610352
17-APR-2026,6.510617636461,13371,3C279,0.82163518667221,215103,AP-N202-F101,0.057940170168877,0.057940170168877,105.72006225586,270.35000610352
17-APR-2026,6.5195065250765,13371,3C279,0.81958019733429,215103,AP-N201-F101,0.059687968343496,0.059687968343496,109.84087371826,270.35000610352
17-APR-2026,6.5195065250765,13371,3C279,0.81958019733429,215103,AP-N202-F101,0.057940170168877,0.057940170168877,105.72006225586,270.35000610352
17-APR-2026,6.5707565232301,13376,M87,0.54341834783554,215103,AP-N201-F101,0.060397483408451,0.060397483408451,122.94843292236,270.14999389648
17-APR-2026,6.5707565232301,13376,M87,0.54341834783554,215103,AP-N202-F101,0.058959934860468,0.058959934860468,118.45259094238,270.14999389648
17-APR-2026,6.594784297936,13380,M87,0.53847271203995,215103,AP-N201-F101,0.060397483408451,0.060397483408451,122.94843292236,270.14999389648
17-APR-2026,6.594784297936,13380,M87,0.53847271203995,215103,AP-N202-F101,0.058959934860468,0.058959934860468,118.45259094238,270.14999389648
17-APR-2026,6.6036731870754,13380,M87,0.53663969039917,215103,AP-N201-F101,0.060397483408451,0.060397483408451,122.94843292236,270.14999389648
17-APR-2026,6.6036731870754,13380,M87,0.53663969039917,215103,AP-N202-F101,0.058959934860468,0.058959934860468,118.45259094238,270.14999389648
17-APR-2026,6.6125620758655,13380,M87,0.53480499982834,215103,AP-N201-F101,0.060397483408451,0.060397483408451,122.94843292236,270.14999389648
17-APR-2026,6.6125620758655,13380,M87,0.53480499982834,215103,AP-N202-F101,0.058959934860468,0.058959934860468,118.45259094238,270.14999389648
17-APR-2026,6.6214509648302,13380,M87,0.53296858072281,215103,AP-N201-F101,0.060397483408451,0.060397483408451,122.94843292236,270.14999389648
17-APR-2026,6.6214509648302,13380,M87,0.53296858072281,215103,AP-N202-F101,0.058959934860468,0.058959934860468,118.45259094238,270.14999389648
17-APR-2026,6.6868676333565,13385,J1337-1257,0.99515640735626,215103,AP-N201-F101,0.05820482596755,0.05820482596755,105.41839599609,269.64999389648
17-APR-2026,6.6868676333565,13385,J1337-1257,0.99515640735626,215103,AP-N202-F101,0.055837191641331,0.055837191641331,101.24710845947,269.64999389648
17-APR-2026,6.7121454086052,13389,J1337-1257,0.98917174339294,215103,AP-N201-F101,0.05820482596755,0.05820482596755,105.41839599609,269.64999389648
17-APR-2026,6.7121454086052,13389,J1337-1257,0.98917174339294,215103,AP-N202-F101,0.055837191641331,0.055837191641331,101.24710845947,269.64999389648
17-APR-2026,6.7211731865773,13389,J1337-1257,0.98703300952911,215103,AP-N201-F101,0.05820482596755,0.05820482596755,105.41839599609,269.64999389648
17-APR-2026,6.7211731865773,13389,J1337-1257,0.98703300952911,215103,AP-N202-F101,0.055837191641331,0.055837191641331,101.24710845947,269.64999389648
