13-MAR-2026,3.3490104971872,2729,3C273,0.84266793727875,215103,AP-N201-F101,0.033703710883856,0.033703710883856,97.898590087891,271.95001220703
13-MAR-2026,3.3490104971872,2729,3C273,0.84266793727875,215103,AP-N202-F101,0.033024396747351,0.033024396747351,91.584167480469,271.95001220703
13-MAR-2026,3.3783160505072,2733,3C273,0.84865701198578,215103,AP-N201-F101,0.033703710883856,0.033703710883856,97.898590087891,271.95001220703
13-MAR-2026,3.3783160505072,2733,3C273,0.84865701198578,215103,AP-N202-F101,0.033024396747351,0.033024396747351,91.584167480469,271.95001220703
13-MAR-2026,3.3872049392973,2733,3C273,0.85046815872192,215103,AP-N201-F101,0.033703710883856,0.033703710883856,97.898590087891,271.95001220703
13-MAR-2026,3.3872049392973,2733,3C273,0.85046815872192,215103,AP-N202-F101,0.033024396747351,0.033024396747351,91.584167480469,271.95001220703
13-MAR-2026,3.4373438290588,2738,M87,0.73096269369125,215103,AP-N201-F101,0.03345862030983,0.03345862030983,99.76042175293,271.85000610352
13-MAR-2026,3.4373438290588,2738,M87,0.73096269369125,215103,AP-N202-F101,0.0324497371912,0.0324497371912,93.432914733887,271.85000610352
13-MAR-2026,3.4616493854466,2742,M87,0.7352003455162,215103,AP-N201-F101,0.03345862030983,0.03345862030983,99.76042175293,271.85000610352
13-MAR-2026,3.4616493854466,2742,M87,0.7352003455162,215103,AP-N202-F101,0.0324497371912,0.0324497371912,93.432914733887,271.85000610352
13-MAR-2026,3.470538274062,2742,M87,0.73674386739731,215103,AP-N201-F101,0.03345862030983,0.03345862030983,99.76042175293,271.85000610352
13-MAR-2026,3.470538274062,2742,M87,0.73674386739731,215103,AP-N202-F101,0.0324497371912,0.0324497371912,93.432914733887,271.85000610352
13-MAR-2026,3.4794271630268,2742,M87,0.73828399181366,215103,AP-N201-F101,0.03345862030983,0.03345862030983,99.76042175293,271.85000610352
13-MAR-2026,3.4794271630268,2742,M87,0.73828399181366,215103,AP-N202-F101,0.0324497371912,0.0324497371912,93.432914733887,271.85000610352
13-MAR-2026,3.4883160518169,2742,M87,0.73982071876526,215103,AP-N201-F101,0.03345862030983,0.03345862030983,99.76042175293,271.85000610352
13-MAR-2026,3.4883160518169,2742,M87,0.73982071876526,215103,AP-N202-F101,0.0324497371912,0.0324497371912,93.432914733887,271.85000610352
13-MAR-2026,3.6778993832946,2747,3C279,0.89357316493988,215103,AP-N201-F101,0.031283259391785,0.031283259391785,96.371559143066,272.04998779297
13-MAR-2026,3.6778993832946,2747,3C279,0.89357316493988,215103,AP-N202-F101,0.030515758320689,0.030515758320689,90.065910339355,272.04998779297
13-MAR-2026,3.6947049397439,2751,3C279,0.897376537323,215103,AP-N201-F101,0.031283259391785,0.031283259391785,96.371559143066,272.04998779297
13-MAR-2026,3.6947049397439,2751,3C279,0.897376537323,215103,AP-N202-F101,0.030515758320689,0.030515758320689,90.065910339355,272.04998779297
13-MAR-2026,3.7035938278355,2751,3C279,0.89938616752625,215103,AP-N201-F101,0.031283259391785,0.031283259391785,96.371559143066,272.04998779297
13-MAR-2026,3.7035938278355,2751,3C279,0.89938616752625,215103,AP-N202-F101,0.030515758320689,0.030515758320689,90.065910339355,272.04998779297
13-MAR-2026,3.75401049177,2756,M87,0.78408223390579,215103,AP-N201-F101,0.03021920658648,0.03021920658648,97.039413452148,271.75
13-MAR-2026,3.75401049177,2756,M87,0.78408223390579,215103,AP-N202-F101,0.029495732858777,0.029495732858777,90.733779907227,271.75
13-MAR-2026,3.7780382692699,2760,M87,0.78791499137878,215103,AP-N201-F101,0.03021920658648,0.03021920658648,97.039413452148,271.75
13-MAR-2026,3.7780382692699,2760,M87,0.78791499137878,215103,AP-N202-F101,0.029495732858777,0.029495732858777,90.733779907227,271.75
13-MAR-2026,3.78692715806,2760,M87,0.7893254160881,215103,AP-N201-F101,0.03021920658648,0.03021920658648,97.039413452148,271.75
13-MAR-2026,3.78692715806,2760,M87,0.7893254160881,215103,AP-N202-F101,0.029495732858777,0.029495732858777,90.733779907227,271.75
13-MAR-2026,3.7958160471994,2760,M87,0.79073166847229,215103,AP-N201-F101,0.03021920658648,0.03021920658648,97.039413452148,271.75
13-MAR-2026,3.7958160471994,2760,M87,0.79073166847229,215103,AP-N202-F101,0.029495732858777,0.029495732858777,90.733779907227,271.75
13-MAR-2026,3.8047049359895,2760,M87,0.79213374853134,215103,AP-N201-F101,0.03021920658648,0.03021920658648,97.039413452148,271.75
13-MAR-2026,3.8047049359895,2760,M87,0.79213374853134,215103,AP-N202-F101,0.029495732858777,0.029495732858777,90.733779907227,271.75
13-MAR-2026,3.9940104898016,2765,3C273,0.9667820930481,215103,AP-N201-F101,0.03161808475852,0.03161808475852,95.610176086426,270.95001220703
13-MAR-2026,3.9940104898016,2765,3C273,0.9667820930481,215103,AP-N202-F101,0.030892059206963,0.030892059206963,89.257141113281,270.95001220703
13-MAR-2026,4.0110938233926,2769,3C273,0.9698047041893,215103,AP-N201-F101,0.03161808475852,0.03161808475852,95.610176086426,270.95001220703
13-MAR-2026,4.0110938233926,2769,3C273,0.9698047041893,215103,AP-N202-F101,0.030892059206963,0.030892059206963,89.257141113281,270.95001220703
13-MAR-2026,4.0199827123573,2769,3C273,0.97137105464935,215103,AP-N201-F101,0.03161808475852,0.03161808475852,95.610176086426,270.95001220703
13-MAR-2026,4.0199827123573,2769,3C273,0.97137105464935,215103,AP-N202-F101,0.030892059206963,0.030892059206963,89.257141113281,270.95001220703
13-MAR-2026,4.0703993780381,2774,M87,0.83201289176941,215103,AP-N201-F101,0.031616680324078,0.031616680324078,97.127922058105,270.95001220703
13-MAR-2026,4.0703993780381,2774,M87,0.83201289176941,215103,AP-N202-F101,0.030960833653808,0.030960833653808,90.793403625488,270.95001220703
13-MAR-2026,4.0944271585065,2778,M87,0.83541333675385,215103,AP-N201-F101,0.031616680324078,0.031616680324078,97.127922058105,270.95001220703
13-MAR-2026,4.0944271585065,2778,M87,0.83541333675385,215103,AP-N202-F101,0.030960833653808,0.030960833653808,90.793403625488,270.95001220703
13-MAR-2026,4.103593824613,2778,M87,0.83670115470886,215103,AP-N201-F101,0.031616680324078,0.031616680324078,97.127922058105,270.95001220703
13-MAR-2026,4.103593824613,2778,M87,0.83670115470886,215103,AP-N202-F101,0.030960833653808,0.030960833653808,90.793403625488,270.95001220703
13-MAR-2026,4.112621601712,2778,M87,0.83796429634094,215103,AP-N201-F101,0.031616680324078,0.031616680324078,97.127922058105,270.95001220703
13-MAR-2026,4.112621601712,2778,M87,0.83796429634094,215103,AP-N202-F101,0.030960833653808,0.030960833653808,90.793403625488,270.95001220703
13-MAR-2026,4.1216493793349,2778,M87,0.83922231197357,215103,AP-N201-F101,0.031616680324078,0.031616680324078,97.127922058105,270.95001220703
13-MAR-2026,4.1216493793349,2778,M87,0.83922231197357,215103,AP-N202-F101,0.030960833653808,0.030960833653808,90.793403625488,270.95001220703
13-MAR-2026,4.3103993757204,2783,3C279,1.0323337316513,215103,AP-N201-F101,0.034525666385889,0.034525666385889,96.332740783691,271.35000610352
13-MAR-2026,4.3103993757204,2783,3C279,1.0323337316513,215103,AP-N202-F101,0.03364335373044,0.03364335373044,89.938987731934,271.35000610352
13-MAR-2026,4.3283160440543,2787,3C279,1.0360972881317,215103,AP-N201-F101,0.034525666385889,0.034525666385889,96.332740783691,271.35000610352
13-MAR-2026,4.3283160440543,2787,3C279,1.0360972881317,215103,AP-N202-F101,0.03364335373044,0.03364335373044,89.938987731934,271.35000610352
13-MAR-2026,4.3372049328444,2787,3C279,1.0379602909088,215103,AP-N201-F101,0.034525666385889,0.034525666385889,96.332740783691,271.35000610352
13-MAR-2026,4.3372049328444,2787,3C279,1.0379602909088,215103,AP-N202-F101,0.03364335373044,0.03364335373044,89.938987731934,271.35000610352
13-MAR-2026,4.387066043194,2792,M87,0.87376916408539,215103,AP-N201-F101,0.035080783069134,0.035080783069134,98.457153320313,271.35000610352
13-MAR-2026,4.387066043194,2792,M87,0.87376916408539,215103,AP-N202-F101,0.034864969551563,0.034864969551563,92.17317199707,271.35000610352
13-MAR-2026,4.4110938199954,2796,M87,0.87665051221848,215103,AP-N201-F101,0.035080783069134,0.035080783069134,98.457153320313,271.35000610352
13-MAR-2026,4.4110938199954,2796,M87,0.87665051221848,215103,AP-N202-F101,0.034864969551563,0.034864969551563,92.17317199707,271.35000610352
13-MAR-2026,4.4202604859272,2796,M87,0.87773847579956,215103,AP-N201-F101,0.035080783069134,0.035080783069134,98.457153320313,271.35000610352
13-MAR-2026,4.4202604859272,2796,M87,0.87773847579956,215103,AP-N202-F101,0.034864969551563,0.034864969551563,92.17317199707,271.35000610352
13-MAR-2026,4.4291493743681,2796,M87,0.87878751754761,215103,AP-N201-F101,0.035080783069134,0.035080783069134,98.457153320313,271.35000610352
13-MAR-2026,4.4291493743681,2796,M87,0.87878751754761,215103,AP-N202-F101,0.034864969551563,0.034864969551563,92.17317199707,271.35000610352
13-MAR-2026,4.4380382635074,2796,M87,0.87983053922653,215103,AP-N201-F101,0.035080783069134,0.035080783069134,98.457153320313,271.35000610352
13-MAR-2026,4.4380382635074,2796,M87,0.87983053922653,215103,AP-N202-F101,0.034864969551563,0.034864969551563,92.17317199707,271.35000610352
13-MAR-2026,4.5105382646008,2803,J1337-1257,0.9816512465477,215103,AP-N201-F101,0.032073758542538,0.032073758542538,95.825019836426,271.35000610352
13-MAR-2026,4.5105382646008,2803,J1337-1257,0.9816512465477,215103,AP-N202-F101,0.031773306429386,0.031773306429386,89.549156188965,271.35000610352
13-MAR-2026,4.5194271533909,2803,J1337-1257,0.98375868797302,215103,AP-N201-F101,0.032073758542538,0.032073758542538,95.825019836426,271.35000610352
13-MAR-2026,4.5194271533909,2803,J1337-1257,0.98375868797302,215103,AP-N202-F101,0.031773306429386,0.031773306429386,89.549156188965,271.35000610352
13-MAR-2026,4.7107648755105,2810,3C279,1.1131656169891,215103,AP-N201-F101,0.029569607228041,0.029569607228041,93.847175598145,271.14999389648
13-MAR-2026,4.7107648755105,2810,3C279,1.1131656169891,215103,AP-N202-F101,0.028417864814401,0.028417864814401,87.624572753906,271.14999389648
13-MAR-2026,4.7275704293404,2814,3C279,1.1163815259933,215103,AP-N201-F101,0.029569607228041,0.029569607228041,93.847175598145,271.14999389648
13-MAR-2026,4.7275704293404,2814,3C279,1.1163815259933,215103,AP-N202-F101,0.028417864814401,0.028417864814401,87.624572753906,271.14999389648
13-MAR-2026,4.7367370956215,2814,3C279,1.1181285381317,215103,AP-N201-F101,0.029569607228041,0.029569607228041,93.847175598145,271.14999389648
13-MAR-2026,4.7367370956215,2814,3C279,1.1181285381317,215103,AP-N202-F101,0.028417864814401,0.028417864814401,87.624572753906,271.14999389648
13-MAR-2026,4.7865982061458,2819,M87,0.91574239730835,215103,AP-N201-F101,0.028143167495728,0.028143167495728,94.748657226563,271.14999389648
13-MAR-2026,4.7865982061458,2819,M87,0.91574239730835,215103,AP-N202-F101,0.027836302295327,0.027836302295327,88.634651184082,271.14999389648
13-MAR-2026,4.8109037599142,2823,M87,0.91786140203476,215103,AP-N201-F101,0.028143167495728,0.028143167495728,94.748657226563,271.14999389648
13-MAR-2026,4.8109037599142,2823,M87,0.91786140203476,215103,AP-N202-F101,0.027836302295327,0.027836302295327,88.634651184082,271.14999389648
13-MAR-2026,4.8197926488789,2823,M87,0.91862326860428,215103,AP-N201-F101,0.028143167495728,0.028143167495728,94.748657226563,271.14999389648
13-MAR-2026,4.8197926488789,2823,M87,0.91862326860428,215103,AP-N202-F101,0.027836302295327,0.027836302295327,88.634651184082,271.14999389648
13-MAR-2026,4.8289593148107,2823,M87,0.91940146684647,215103,AP-N201-F101,0.028143167495728,0.028143167495728,94.748657226563,271.14999389648
13-MAR-2026,4.8289593148107,2823,M87,0.91940146684647,215103,AP-N202-F101,0.027836302295327,0.027836302295327,88.634651184082,271.14999389648
13-MAR-2026,4.8378482037755,2823,M87,0.9201488494873,215103,AP-N201-F101,0.028143167495728,0.028143167495728,94.748657226563,271.14999389648
13-MAR-2026,4.8378482037755,2823,M87,0.9201488494873,215103,AP-N202-F101,0.027836302295327,0.027836302295327,88.634651184082,271.14999389648
13-MAR-2026,4.9438204278869,2828,J1337-1257,1.0834541320801,215103,AP-N201-F101,0.024905312806368,0.024905312806368,92.263008117676,271.04998779297
13-MAR-2026,4.9438204278869,2828,J1337-1257,1.0834541320801,215103,AP-N202-F101,0.024372696876526,0.024372696876526,86.001602172852,271.04998779297
13-MAR-2026,4.9609037585093,2832,J1337-1257,1.0874199867249,215103,AP-N201-F101,0.024905312806368,0.024905312806368,92.263008117676,271.04998779297
13-MAR-2026,4.9609037585093,2832,J1337-1257,1.0874199867249,215103,AP-N202-F101,0.024372696876526,0.024372696876526,86.001602172852,271.04998779297
13-MAR-2026,4.969792647474,2832,J1337-1257,1.0894817113876,215103,AP-N201-F101,0.024905312806368,0.024905312806368,92.263008117676,271.04998779297
13-MAR-2026,4.969792647474,2832,J1337-1257,1.0894817113876,215103,AP-N202-F101,0.024372696876526,0.024372696876526,86.001602172852,271.04998779297
13-MAR-2026,5.0602093132342,2837,3C279,1.1760145425797,215103,AP-N201-F101,0.02521008066833,0.02521008066833,91.977317810059,271.04998779297
13-MAR-2026,5.0602093132342,2837,3C279,1.1760145425797,215103,AP-N202-F101,0.024962848052382,0.024962848052382,85.710624694824,271.04998779297
13-MAR-2026,5.0781259813934,2841,3C279,1.1789717674255,215103,AP-N201-F101,0.02521008066833,0.02521008066833,91.977317810059,271.04998779297
13-MAR-2026,5.0781259813934,2841,3C279,1.1789717674255,215103,AP-N202-F101,0.024962848052382,0.024962848052382,85.710624694824,271.04998779297
13-MAR-2026,5.0872926471506,2841,3C279,1.180473446846,215103,AP-N201-F101,0.02521008066833,0.02521008066833,91.977317810059,271.04998779297
13-MAR-2026,5.0872926471506,2841,3C279,1.180473446846,215103,AP-N202-F101,0.024962848052382,0.024962848052382,85.710624694824,271.04998779297
13-MAR-2026,5.1368759808825,2846,M87,0.94096422195435,215103,AP-N201-F101,0.028223780915141,0.028223780915141,94.655212402344,270.95001220703
13-MAR-2026,5.1368759808825,2846,M87,0.94096422195435,215103,AP-N202-F101,0.027731580659747,0.027731580659747,88.395553588867,270.95001220703
13-MAR-2026,5.162570426995,2850,M87,0.94234573841095,215103,AP-N201-F101,0.028223780915141,0.028223780915141,94.655212402344,270.95001220703
13-MAR-2026,5.162570426995,2850,M87,0.94234573841095,215103,AP-N202-F101,0.027731580659747,0.027731580659747,88.395553588867,270.95001220703
13-MAR-2026,5.171459316309,2850,M87,0.94280844926834,215103,AP-N201-F101,0.028223780915141,0.028223780915141,94.655212402344,270.95001220703
13-MAR-2026,5.171459316309,2850,M87,0.94280844926834,215103,AP-N202-F101,0.027731580659747,0.027731580659747,88.395553588867,270.95001220703
13-MAR-2026,5.1803482047498,2850,M87,0.94326311349869,215103,AP-N201-F101,0.028223780915141,0.028223780915141,94.655212402344,270.95001220703
13-MAR-2026,5.1803482047498,2850,M87,0.94326311349869,215103,AP-N202-F101,0.027731580659747,0.027731580659747,88.395553588867,270.95001220703
13-MAR-2026,5.1892370937146,2850,M87,0.94370979070663,215103,AP-N201-F101,0.028223780915141,0.028223780915141,94.655212402344,270.95001220703
13-MAR-2026,5.1892370937146,2850,M87,0.94370979070663,215103,AP-N202-F101,0.027731580659747,0.027731580659747,88.395553588867,270.95001220703
13-MAR-2026,5.3604870893123,2855,3C273,1.1304560899734,215103,AP-N201-F101,0.027454800903797,0.027454800903797,92.9638671875,270.45001220703
13-MAR-2026,5.3604870893123,2855,3C273,1.1304560899734,215103,AP-N202-F101,0.027075503021479,0.027075503021479,86.640579223633,270.45001220703
13-MAR-2026,5.3784037532806,2859,3C273,1.1311596632004,215103,AP-N201-F101,0.027454800903797,0.027454800903797,92.9638671875,270.45001220703
13-MAR-2026,5.3784037532806,2859,3C273,1.1311596632004,215103,AP-N202-F101,0.027075503021479,0.027075503021479,86.640579223633,270.45001220703
13-MAR-2026,5.3872926418961,2859,3C273,1.1314915418625,215103,AP-N201-F101,0.027454800903797,0.027454800903797,92.9638671875,270.45001220703
13-MAR-2026,5.3872926418961,2859,3C273,1.1314915418625,215103,AP-N202-F101,0.027075503021479,0.027075503021479,86.640579223633,270.45001220703
13-MAR-2026,5.4368759775488,2864,M87,0.95287871360779,215103,AP-N201-F101,0.025839360430837,0.025839360430837,93.298271179199,270.25
13-MAR-2026,5.4368759775488,2864,M87,0.95287871360779,215103,AP-N202-F101,0.025246344506741,0.025246344506741,87.062698364258,270.25
13-MAR-2026,5.4617370880453,2868,M87,0.95344352722168,215103,AP-N201-F101,0.025839360430837,0.025839360430837,93.298271179199,270.25
13-MAR-2026,5.4617370880453,2868,M87,0.95344352722168,215103,AP-N202-F101,0.025246344506741,0.025246344506741,87.062698364258,270.25
13-MAR-2026,5.4706259764862,2868,M87,0.9536297917366,215103,AP-N201-F101,0.025839360430837,0.025839360430837,93.298271179199,270.25
13-MAR-2026,5.4706259764862,2868,M87,0.9536297917366,215103,AP-N202-F101,0.025246344506741,0.025246344506741,87.062698364258,270.25
13-MAR-2026,5.4795148658002,2868,M87,0.95380759239197,215103,AP-N201-F101,0.025839360430837,0.025839360430837,93.298271179199,270.25
13-MAR-2026,5.4795148658002,2868,M87,0.95380759239197,215103,AP-N202-F101,0.025246344506741,0.025246344506741,87.062698364258,270.25
13-MAR-2026,5.4884037545903,2868,M87,0.95397698879242,215103,AP-N201-F101,0.025839360430837,0.025839360430837,93.298271179199,270.25
13-MAR-2026,5.4884037545903,2868,M87,0.95397698879242,215103,AP-N202-F101,0.025246344506741,0.025246344506741,87.062698364258,270.25
13-MAR-2026,5.6602093104086,2873,3C279,1.2541418075562,215103,AP-N201-F101,0.023479927331209,0.023479927331209,90.823654174805,270.75
13-MAR-2026,5.6602093104086,2873,3C279,1.2541418075562,215103,AP-N202-F101,0.023461047559977,0.023461047559977,84.70499420166,270.75
13-MAR-2026,5.6779870886873,2877,3C279,1.2556354999542,215103,AP-N201-F101,0.023479927331209,0.023479927331209,90.823654174805,270.75
13-MAR-2026,5.6779870886873,2877,3C279,1.2556354999542,215103,AP-N202-F101,0.023461047559977,0.023461047559977,84.70499420166,270.75
13-MAR-2026,5.6870148664848,2877,3C279,1.2563728094101,215103,AP-N201-F101,0.023479927331209,0.023479927331209,90.823654174805,270.75
13-MAR-2026,5.6870148664848,2877,3C279,1.2563728094101,215103,AP-N202-F101,0.023461047559977,0.023461047559977,84.70499420166,270.75
13-MAR-2026,5.7371537532777,2882,M87,0.95528614521027,215103,AP-N201-F101,0.02569025196135,0.02569025196135,93.436470031738,270.54998779297
13-MAR-2026,5.7371537532777,2882,M87,0.95528614521027,215103,AP-N202-F101,0.025280373170972,0.025280373170972,87.102378845215,270.54998779297
13-MAR-2026,5.7622926395189,2886,M87,0.95504885911942,215103,AP-N201-F101,0.02569025196135,0.02569025196135,93.436470031738,270.54998779297
13-MAR-2026,5.7622926395189,2886,M87,0.95504885911942,215103,AP-N202-F101,0.025280373170972,0.025280373170972,87.102378845215,270.54998779297
13-MAR-2026,5.7713204173164,2886,M87,0.95494693517685,215103,AP-N201-F101,0.02569025196135,0.02569025196135,93.436470031738,270.54998779297
13-MAR-2026,5.7713204173164,2886,M87,0.95494693517685,215103,AP-N202-F101,0.025280373170972,0.025280373170972,87.102378845215,270.54998779297
13-MAR-2026,5.7803481966855,2886,M87,0.95483654737473,215103,AP-N201-F101,0.02569025196135,0.02569025196135,93.436470031738,270.54998779297
13-MAR-2026,5.7803481966855,2886,M87,0.95483654737473,215103,AP-N202-F101,0.025280373170972,0.025280373170972,87.102378845215,270.54998779297
13-MAR-2026,5.7892370858249,2886,M87,0.95471930503845,215103,AP-N201-F101,0.02569025196135,0.02569025196135,93.436470031738,270.54998779297
13-MAR-2026,5.7892370858249,2886,M87,0.95471930503845,215103,AP-N202-F101,0.025280373170972,0.025280373170972,87.102378845215,270.54998779297
13-MAR-2026,5.9772462511978,2893,3C279,1.2716218233109,215103,AP-N201-F101,0.027409458532929,0.027409458532929,91.994583129883,269.64999389648
13-MAR-2026,5.9772462511978,2893,3C279,1.2716218233109,215103,AP-N202-F101,0.026839327067137,0.026839327067137,86.125785827637,269.64999389648
13-MAR-2026,5.9946073617559,2897,3C279,1.2719850540161,215103,AP-N201-F101,0.027409458532929,0.027409458532929,91.994583129883,269.64999389648
13-MAR-2026,5.9946073617559,2897,3C279,1.2719850540161,215103,AP-N202-F101,0.026839327067137,0.026839327067137,86.125785827637,269.64999389648
13-MAR-2026,6.0037740282115,2897,3C279,1.2721517086029,215103,AP-N201-F101,0.027409458532929,0.027409458532929,91.994583129883,269.64999389648
13-MAR-2026,6.0037740282115,2897,3C279,1.2721517086029,215103,AP-N202-F101,0.026839327067137,0.026839327067137,86.125785827637,269.64999389648
13-MAR-2026,6.0539129160521,2902,M87,0.94738966226578,215103,AP-N201-F101,0.028417935594916,0.028417935594916,94.68985748291,269.85000610352
13-MAR-2026,6.0539129160521,2902,M87,0.94738966226578,215103,AP-N202-F101,0.028351658955216,0.028351658955216,88.378608703613,269.85000610352
13-MAR-2026,6.0780795857026,2906,M87,0.94635480642319,215103,AP-N201-F101,0.028417935594916,0.028417935594916,94.68985748291,269.85000610352
13-MAR-2026,6.0780795857026,2906,M87,0.94635480642319,215103,AP-N202-F101,0.028351658955216,0.028351658955216,88.378608703613,269.85000610352
13-MAR-2026,6.0871073631509,2906,M87,0.94595301151276,215103,AP-N201-F101,0.028417935594916,0.028417935594916,94.68985748291,269.85000610352
13-MAR-2026,6.0871073631509,2906,M87,0.94595301151276,215103,AP-N202-F101,0.028351658955216,0.028351658955216,88.378608703613,269.85000610352
13-MAR-2026,6.0962740290827,2906,M87,0.94553643465042,215103,AP-N201-F101,0.028417935594916,0.028417935594916,94.68985748291,269.85000610352
13-MAR-2026,6.0962740290827,2906,M87,0.94553643465042,215103,AP-N202-F101,0.028351658955216,0.028351658955216,88.378608703613,269.85000610352
13-MAR-2026,6.1051629180474,2906,M87,0.94512432813644,215103,AP-N201-F101,0.028417935594916,0.028417935594916,94.68985748291,269.85000610352
13-MAR-2026,6.1051629180474,2906,M87,0.94512432813644,215103,AP-N202-F101,0.028351658955216,0.028351658955216,88.378608703613,269.85000610352
13-MAR-2026,6.1700240270517,2911,J1337-1257,1.3415087461472,215103,AP-N201-F101,0.035160072147846,0.035160072147846,94.948677062988,270.14999389648
13-MAR-2026,6.1700240270517,2911,J1337-1257,1.3415087461472,215103,AP-N202-F101,0.035178434103727,0.035178434103727,88.763862609863,270.14999389648
13-MAR-2026,6.1940518059485,2915,J1337-1257,1.3453905582428,215103,AP-N201-F101,0.035160072147846,0.035160072147846,94.948677062988,270.14999389648
13-MAR-2026,6.1940518059485,2915,J1337-1257,1.3453905582428,215103,AP-N202-F101,0.035178434103727,0.035178434103727,88.763862609863,270.14999389648
13-MAR-2026,6.2029406943894,2915,J1337-1257,1.3468037843704,215103,AP-N201-F101,0.035160072147846,0.035160072147846,94.948677062988,270.14999389648
13-MAR-2026,6.2029406943894,2915,J1337-1257,1.3468037843704,215103,AP-N202-F101,0.035178434103727,0.035178434103727,88.763862609863,270.14999389648
13-MAR-2026,6.3272462479197,2920,3C273,1.1012197732925,215103,AP-N201-F101,0.058145008981228,0.058145008981228,105.51431274414,270.14999389648
13-MAR-2026,6.3272462479197,2920,3C273,1.1012197732925,215103,AP-N202-F101,0.06401315331459,0.06401315331459,101.6089630127,270.14999389648
13-MAR-2026,6.3440518047183,2924,3C273,1.099578499794,215103,AP-N201-F101,0.058145008981228,0.058145008981228,105.51431274414,270.14999389648
13-MAR-2026,6.3440518047183,2924,3C273,1.099578499794,215103,AP-N202-F101,0.06401315331459,0.06401315331459,101.6089630127,270.14999389648
13-MAR-2026,6.3529406935084,2924,3C273,1.0986969470978,215103,AP-N201-F101,0.058145008981228,0.058145008981228,105.51431274414,270.14999389648
13-MAR-2026,6.3529406935084,2924,3C273,1.0986969470978,215103,AP-N202-F101,0.06401315331459,0.06401315331459,101.6089630127,270.14999389648
13-MAR-2026,6.4033573583161,2929,M87,0.92673814296722,215103,AP-N201-F101,0.056605197489262,0.056605197489262,107.5277633667,270.25
13-MAR-2026,6.4033573583161,2929,M87,0.92673814296722,215103,AP-N202-F101,0.06096388027072,0.06096388027072,103.08512115479,270.25
13-MAR-2026,6.4278018007426,2933,M87,0.92485046386719,215103,AP-N201-F101,0.056605197489262,0.056605197489262,107.5277633667,270.25
13-MAR-2026,6.4278018007426,2933,M87,0.92485046386719,215103,AP-N202-F101,0.06096388027072,0.06096388027072,103.08512115479,270.25
13-MAR-2026,6.4368295780163,2933,M87,0.92413938045502,215103,AP-N201-F101,0.056605197489262,0.056605197489262,107.5277633667,270.25
13-MAR-2026,6.4368295780163,2933,M87,0.92413938045502,215103,AP-N202-F101,0.06096388027072,0.06096388027072,103.08512115479,270.25
13-MAR-2026,6.4457184664572,2933,M87,0.92343187332153,215103,AP-N201-F101,0.056605197489262,0.056605197489262,107.5277633667,270.25
13-MAR-2026,6.4457184664572,2933,M87,0.92343187332153,215103,AP-N202-F101,0.06096388027072,0.06096388027072,103.08512115479,270.25
13-MAR-2026,6.4546073555965,2933,M87,0.92271709442139,215103,AP-N201-F101,0.056605197489262,0.056605197489262,107.5277633667,270.25
13-MAR-2026,6.4546073555965,2933,M87,0.92271709442139,215103,AP-N202-F101,0.06096388027072,0.06096388027072,103.08512115479,270.25
13-MAR-2026,6.5205795812002,2938,M87,0.91718697547913,215103,AP-N201-F101,0.051769193261862,0.051769193261862,105.52059173584,270.35000610352
13-MAR-2026,6.5205795812002,2938,M87,0.91718697547913,215103,AP-N202-F101,0.055891484022141,0.055891484022141,100.98649597168,270.35000610352
13-MAR-2026,6.5448851342701,2942,M87,0.91505038738251,215103,AP-N201-F101,0.051769193261862,0.051769193261862,105.52059173584,270.35000610352
13-MAR-2026,6.5448851342701,2942,M87,0.91505038738251,215103,AP-N202-F101,0.055891484022141,0.055891484022141,100.98649597168,270.35000610352
13-MAR-2026,6.5540518007258,2942,M87,0.91423106193542,215103,AP-N201-F101,0.051769193261862,0.051769193261862,105.52059173584,270.35000610352
13-MAR-2026,6.5540518007258,2942,M87,0.91423106193542,215103,AP-N202-F101,0.055891484022141,0.055891484022141,100.98649597168,270.35000610352
13-MAR-2026,6.5632184687531,2942,M87,0.91340428590775,215103,AP-N201-F101,0.051769193261862,0.051769193261862,105.52059173584,270.35000610352
13-MAR-2026,6.5632184687531,2942,M87,0.91340428590775,215103,AP-N202-F101,0.055891484022141,0.055891484022141,100.98649597168,270.35000610352
13-MAR-2026,6.5723851345102,2942,M87,0.9125702381134,215103,AP-N201-F101,0.051769193261862,0.051769193261862,105.52059173584,270.35000610352
13-MAR-2026,6.5723851345102,2942,M87,0.9125702381134,215103,AP-N202-F101,0.055891484022141,0.055891484022141,100.98649597168,270.35000610352
13-MAR-2026,6.7269684673809,2947,3C279,1.2312989234924,215103,AP-N201-F101,0.046855609863997,0.046855609863997,99.791290283203,270.25
13-MAR-2026,6.7269684673809,2947,3C279,1.2312989234924,215103,AP-N202-F101,0.051251709461212,0.051251709461212,95.187370300293,270.25
13-MAR-2026,6.7440518011465,2951,3C279,1.2292058467865,215103,AP-N201-F101,0.046855609863997,0.046855609863997,99.791290283203,270.25
13-MAR-2026,6.7440518011465,2951,3C279,1.2292058467865,215103,AP-N202-F101,0.051251709461212,0.051251709461212,95.187370300293,270.25
13-MAR-2026,6.7529406899366,2951,3C279,1.2281002998352,215103,AP-N201-F101,0.046855609863997,0.046855609863997,99.791290283203,270.25
13-MAR-2026,6.7529406899366,2951,3C279,1.2281002998352,215103,AP-N202-F101,0.051251709461212,0.051251709461212,95.187370300293,270.25
13-MAR-2026,6.8039129100754,2956,M87,0.88913708925247,215103,AP-N201-F101,0.043556112796068,0.043556112796068,102.12365722656,270.25
13-MAR-2026,6.8039129100754,2956,M87,0.88913708925247,215103,AP-N202-F101,0.044938117265701,0.044938117265701,96.307739257813,270.25
13-MAR-2026,6.8276629079889,2960,M87,0.88648575544357,215103,AP-N201-F101,0.043556112796068,0.043556112796068,102.12365722656,270.25
13-MAR-2026,6.8276629079889,2960,M87,0.88648575544357,215103,AP-N202-F101,0.044938117265701,0.044938117265701,96.307739257813,270.25
13-MAR-2026,6.836551796779,2960,M87,0.88548225164413,215103,AP-N201-F101,0.043556112796068,0.043556112796068,102.12365722656,270.25
13-MAR-2026,6.836551796779,2960,M87,0.88548225164413,215103,AP-N202-F101,0.044938117265701,0.044938117265701,96.307739257813,270.25
13-MAR-2026,6.8454406859183,2960,M87,0.88447260856628,215103,AP-N201-F101,0.043556112796068,0.043556112796068,102.12365722656,270.25
13-MAR-2026,6.8454406859183,2960,M87,0.88447260856628,215103,AP-N202-F101,0.044938117265701,0.044938117265701,96.307739257813,270.25
13-MAR-2026,6.8543295747084,2960,M87,0.88345682621002,215103,AP-N201-F101,0.043556112796068,0.043556112796068,102.12365722656,270.25
13-MAR-2026,6.8543295747084,2960,M87,0.88345682621002,215103,AP-N202-F101,0.044938117265701,0.044938117265701,96.307739257813,270.25
13-MAR-2026,6.9203017978674,2965,M87,0.87573003768921,215103,AP-N201-F101,0.040342699736357,0.040342699736357,100.83213043213,269.95001220703
13-MAR-2026,6.9203017978674,2965,M87,0.87573003768921,215103,AP-N202-F101,0.040439687669277,0.040439687669277,94.535743713379,269.95001220703
13-MAR-2026,6.944607351112,2969,M87,0.87280070781708,215103,AP-N201-F101,0.040342699736357,0.040342699736357,100.83213043213,269.95001220703
13-MAR-2026,6.944607351112,2969,M87,0.87280070781708,215103,AP-N202-F101,0.040439687669277,0.040439687669277,94.535743713379,269.95001220703
13-MAR-2026,6.9534962399021,2969,M87,0.87171864509583,215103,AP-N201-F101,0.040342699736357,0.040342699736357,100.83213043213,269.95001220703
13-MAR-2026,6.9534962399021,2969,M87,0.87171864509583,215103,AP-N202-F101,0.040439687669277,0.040439687669277,94.535743713379,269.95001220703
13-MAR-2026,6.9623851285176,2969,M87,0.87063074111938,215103,AP-N201-F101,0.040342699736357,0.040342699736357,100.83213043213,269.95001220703
13-MAR-2026,6.9623851285176,2969,M87,0.87063074111938,215103,AP-N202-F101,0.040439687669277,0.040439687669277,94.535743713379,269.95001220703
13-MAR-2026,6.9712740173077,2969,M87,0.86953717470169,215103,AP-N201-F101,0.040342699736357,0.040342699736357,100.83213043213,269.95001220703
13-MAR-2026,6.9712740173077,2969,M87,0.86953717470169,215103,AP-N202-F101,0.040439687669277,0.040439687669277,94.535743713379,269.95001220703
13-MAR-2026,7.160079212716,2976,J1337-1257,1.3728241920471,215103,AP-N201-F101,0.041842341423035,0.041842341423035,97.159980773926,269.85000610352
13-MAR-2026,7.160079212716,2976,J1337-1257,1.3728241920471,215103,AP-N202-F101,0.041927434504032,0.041927434504032,91.397758483887,269.85000610352
13-MAR-2026,7.177718097971,2980,J1337-1257,1.3706505298615,215103,AP-N201-F101,0.041842341423035,0.041842341423035,97.159980773926,269.85000610352
13-MAR-2026,7.177718097971,2980,J1337-1257,1.3706505298615,215103,AP-N202-F101,0.041927434504032,0.041927434504032,91.397758483887,269.85000610352
13-MAR-2026,7.1868847663476,2980,J1337-1257,1.3694925308228,215103,AP-N201-F101,0.041842341423035,0.041842341423035,97.159980773926,269.85000610352
13-MAR-2026,7.1868847663476,2980,J1337-1257,1.3694925308228,215103,AP-N202-F101,0.041927434504032,0.041927434504032,91.397758483887,269.85000610352
13-MAR-2026,7.2773014319331,2985,3C273,0.96604996919632,215103,AP-N201-F101,0.0447161719203,0.0447161719203,101.50631713867,269.64999389648
13-MAR-2026,7.2773014319331,2985,3C273,0.96604996919632,215103,AP-N202-F101,0.044418189674616,0.044418189674616,95.118927001953,269.64999389648
13-MAR-2026,7.2943847669211,2989,3C273,0.96300685405731,215103,AP-N201-F101,0.0447161719203,0.0447161719203,101.50631713867,269.64999389648
13-MAR-2026,7.2943847669211,2989,3C273,0.96300685405731,215103,AP-N202-F101,0.044418189674616,0.044418189674616,95.118927001953,269.64999389648
13-MAR-2026,7.3032736557112,2989,3C273,0.96141719818115,215103,AP-N201-F101,0.0447161719203,0.0447161719203,101.50631713867,269.64999389648
13-MAR-2026,7.3032736557112,2989,3C273,0.96141719818115,215103,AP-N202-F101,0.044418189674616,0.044418189674616,95.118927001953,269.64999389648
13-MAR-2026,7.3536903205188,2994,M87,0.81742018461227,215103,AP-N201-F101,0.043864902108908,0.043864902108908,103.43503570557,269.25
13-MAR-2026,7.3536903205188,2994,M87,0.81742018461227,215103,AP-N202-F101,0.043178580701351,0.043178580701351,96.884490966797,269.25
13-MAR-2026,7.3782736530006,2998,M87,0.81375622749329,215103,AP-N201-F101,0.043864902108908,0.043864902108908,103.43503570557,269.25
13-MAR-2026,7.3782736530006,2998,M87,0.81375622749329,215103,AP-N202-F101,0.043178580701351,0.043178580701351,96.884490966797,269.25
13-MAR-2026,7.3871625417907,2998,M87,0.81242287158966,215103,AP-N201-F101,0.043864902108908,0.043864902108908,103.43503570557,269.25
13-MAR-2026,7.3871625417907,2998,M87,0.81242287158966,215103,AP-N202-F101,0.043178580701351,0.043178580701351,96.884490966797,269.25
13-MAR-2026,7.39605143093,2998,M87,0.81108504533768,215103,AP-N201-F101,0.043864902108908,0.043864902108908,103.43503570557,269.25
13-MAR-2026,7.39605143093,2998,M87,0.81108504533768,215103,AP-N202-F101,0.043178580701351,0.043178580701351,96.884490966797,269.25
13-MAR-2026,7.4049403198948,2998,M87,0.80974274873734,215103,AP-N201-F101,0.043864902108908,0.043864902108908,103.43503570557,269.25
13-MAR-2026,7.4049403198948,2998,M87,0.80974274873734,215103,AP-N202-F101,0.043178580701351,0.043178580701351,96.884490966797,269.25
13-MAR-2026,7.5270236534977,3003,3C279,1.0995810031891,215103,AP-N201-F101,0.040550835430622,0.040550835430622,98.187911987305,269.54998779297
13-MAR-2026,7.5270236534977,3003,3C279,1.0995810031891,215103,AP-N202-F101,0.040162641555071,0.040162641555071,91.819175720215,269.54998779297
13-MAR-2026,7.5449403220061,3007,3C279,1.0960639715195,215103,AP-N201-F101,0.040550835430622,0.040550835430622,98.187911987305,269.54998779297
13-MAR-2026,7.5449403220061,3007,3C279,1.0960639715195,215103,AP-N202-F101,0.040162641555071,0.040162641555071,91.819175720215,269.54998779297
13-MAR-2026,7.5538292109709,3007,3C279,1.0943129062653,215103,AP-N201-F101,0.040550835430622,0.040550835430622,98.187911987305,269.54998779297
13-MAR-2026,7.5538292109709,3007,3C279,1.0943129062653,215103,AP-N202-F101,0.040162641555071,0.040162641555071,91.819175720215,269.54998779297
13-MAR-2026,7.6445236533489,3012,M87,0.77195340394974,215103,AP-N201-F101,0.041065771132708,0.041065771132708,103.0161895752,269.45001220703
13-MAR-2026,7.6445236533489,3012,M87,0.77195340394974,215103,AP-N202-F101,0.040859885513783,0.040859885513783,96.455490112305,269.45001220703
13-MAR-2026,7.6610514314341,3016,M87,0.76923793554306,215103,AP-N201-F101,0.041065771132708,0.041065771132708,103.0161895752,269.45001220703
13-MAR-2026,7.6610514314341,3016,M87,0.76923793554306,215103,AP-N202-F101,0.040859885513783,0.040859885513783,96.455490112305,269.45001220703
13-MAR-2026,7.669940319875,3016,M87,0.76777201890945,215103,AP-N201-F101,0.041065771132708,0.041065771132708,103.0161895752,269.45001220703
13-MAR-2026,7.669940319875,3016,M87,0.76777201890945,215103,AP-N202-F101,0.040859885513783,0.040859885513783,96.455490112305,269.45001220703
13-MAR-2026,7.6789680973232,3016,M87,0.76627933979034,215103,AP-N201-F101,0.041065771132708,0.041065771132708,103.0161895752,269.45001220703
13-MAR-2026,7.6789680973232,3016,M87,0.76627933979034,215103,AP-N202-F101,0.040859885513783,0.040859885513783,96.455490112305,269.45001220703
13-MAR-2026,7.6882736522624,3016,M87,0.76473677158356,215103,AP-N201-F101,0.041065771132708,0.041065771132708,103.0161895752,269.45001220703
13-MAR-2026,7.6882736522624,3016,M87,0.76473677158356,215103,AP-N202-F101,0.040859885513783,0.040859885513783,96.455490112305,269.45001220703
13-MAR-2026,7.8611903171713,3021,3C279,1.0315183401108,215103,AP-N201-F101,0.040125221014023,0.040125221014023,98.711143493652,269.35000610352
13-MAR-2026,7.8611903171713,3021,3C279,1.0315183401108,215103,AP-N202-F101,0.040236912667751,0.040236912667751,92.359664916992,269.35000610352
13-MAR-2026,7.8778569839147,3025,3C279,1.0280042886734,215103,AP-N201-F101,0.040125221014023,0.040125221014023,98.711143493652,269.35000610352
13-MAR-2026,7.8778569839147,3025,3C279,1.0280042886734,215103,AP-N202-F101,0.040236912667751,0.040236912667751,92.359664916992,269.35000610352
13-MAR-2026,7.8868847615376,3025,3C279,1.0260969400406,215103,AP-N201-F101,0.040125221014023,0.040125221014023,98.711143493652,269.35000610352
13-MAR-2026,7.8868847615376,3025,3C279,1.0260969400406,215103,AP-N202-F101,0.040236912667751,0.040236912667751,92.359664916992,269.35000610352
13-MAR-2026,7.9373014275676,3030,M87,0.72199618816376,215103,AP-N201-F101,0.042166724801064,0.042166724801064,104.78681945801,269.35000610352
13-MAR-2026,7.9373014275676,3030,M87,0.72199618816376,215103,AP-N202-F101,0.041990257799625,0.041990257799625,98.202476501465,269.35000610352
13-MAR-2026,7.9610514274019,3034,M87,0.71778160333633,215103,AP-N201-F101,0.042166724801064,0.042166724801064,104.78681945801,269.35000610352
13-MAR-2026,7.9610514274019,3034,M87,0.71778160333633,215103,AP-N202-F101,0.041990257799625,0.041990257799625,98.202476501465,269.35000610352
13-MAR-2026,7.9699403161921,3034,M87,0.71619832515717,215103,AP-N201-F101,0.042166724801064,0.042166724801064,104.78681945801,269.35000610352
13-MAR-2026,7.9699403161921,3034,M87,0.71619832515717,215103,AP-N202-F101,0.041990257799625,0.041990257799625,98.202476501465,269.35000610352
13-MAR-2026,7.9788292046329,3034,M87,0.71461188793182,215103,AP-N201-F101,0.042166724801064,0.042166724801064,104.78681945801,269.35000610352
13-MAR-2026,7.9788292046329,3034,M87,0.71461188793182,215103,AP-N202-F101,0.041990257799625,0.041990257799625,98.202476501465,269.35000610352
13-MAR-2026,7.9877180937723,3034,M87,0.7130224108696,215103,AP-N201-F101,0.042166724801064,0.042166724801064,104.78681945801,269.35000610352
13-MAR-2026,7.9877180937723,3034,M87,0.7130224108696,215103,AP-N202-F101,0.041990257799625,0.041990257799625,98.202476501465,269.35000610352
13-MAR-2026,8.1440672035763,3041,3C279,0.97068238258362,215103,AP-N201-F101,0.043605517596006,0.043605517596006,100.72304534912,269.04998779297
13-MAR-2026,8.1440672035763,3041,3C279,0.97068238258362,215103,AP-N202-F101,0.04322486743331,0.04322486743331,94.204124450684,269.04998779297
13-MAR-2026,8.1608727574062,3045,3C279,0.96699637174606,215103,AP-N201-F101,0.043605517596006,0.043605517596006,100.72304534912,269.04998779297
13-MAR-2026,8.1608727574062,3045,3C279,0.96699637174606,215103,AP-N202-F101,0.04322486743331,0.04322486743331,94.204124450684,269.04998779297
13-MAR-2026,8.169761646371,3045,3C279,0.9650439620018,215103,AP-N201-F101,0.043605517596006,0.043605517596006,100.72304534912,269.04998779297
13-MAR-2026,8.169761646371,3045,3C279,0.9650439620018,215103,AP-N202-F101,0.04322486743331,0.04322486743331,94.204124450684,269.04998779297
13-MAR-2026,8.2275394259514,3052,J1337-1257,1.1695666313171,215103,AP-N201-F101,0.044395208358765,0.044395208358765,99.17790222168,269.54998779297
13-MAR-2026,8.2275394259514,3052,J1337-1257,1.1695666313171,215103,AP-N202-F101,0.04418683052063,0.04418683052063,92.93180847168,269.54998779297
13-MAR-2026,8.2364283147416,3052,J1337-1257,1.1675707101822,215103,AP-N201-F101,0.044395208358765,0.044395208358765,99.17790222168,269.54998779297
13-MAR-2026,8.2364283147416,3052,J1337-1257,1.1675707101822,215103,AP-N202-F101,0.04418683052063,0.04418683052063,92.93180847168,269.54998779297
13-MAR-2026,8.3110116464057,3057,M87,0.65322661399841,215103,AP-N201-F101,0.04740023240447,0.04740023240447,109.78940582275,268.64999389648
13-MAR-2026,8.3110116464057,3057,M87,0.65322661399841,215103,AP-N202-F101,0.047170456498861,0.047170456498861,103.04271697998,268.64999389648
13-MAR-2026,8.3274005337373,3061,M87,0.65009987354279,215103,AP-N201-F101,0.04740023240447,0.04740023240447,109.78940582275,268.64999389648
13-MAR-2026,8.3274005337373,3061,M87,0.65009987354279,215103,AP-N202-F101,0.047170456498861,0.047170456498861,103.04271697998,268.64999389648
13-MAR-2026,8.3364283111856,3061,M87,0.64837366342545,215103,AP-N201-F101,0.04740023240447,0.04740023240447,109.78940582275,268.64999389648
13-MAR-2026,8.3364283111856,3061,M87,0.64837366342545,215103,AP-N202-F101,0.047170456498861,0.047170456498861,103.04271697998,268.64999389648
13-MAR-2026,8.3453172001504,3061,M87,0.64667159318924,215103,AP-N201-F101,0.04740023240447,0.04740023240447,109.78940582275,268.64999389648
13-MAR-2026,8.3453172001504,3061,M87,0.64667159318924,215103,AP-N202-F101,0.047170456498861,0.047170456498861,103.04271697998,268.64999389648
13-MAR-2026,8.3542060885912,3061,M87,0.64496713876724,215103,AP-N201-F101,0.04740023240447,0.04740023240447,109.78940582275,268.64999389648
13-MAR-2026,8.3542060885912,3061,M87,0.64496713876724,215103,AP-N202-F101,0.047170456498861,0.047170456498861,103.04271697998,268.64999389648
13-MAR-2026,8.5101783113613,3066,3C273,0.71669560670853,215103,AP-N201-F101,0.045813459903002,0.045813459903002,106.88108062744,268.75
13-MAR-2026,8.5101783113613,3066,3C273,0.71669560670853,215103,AP-N202-F101,0.045302107930183,0.045302107930183,100.29357147217,268.75
13-MAR-2026,8.5275394203477,3070,3C273,0.71288132667542,215103,AP-N201-F101,0.045813459903002,0.045813459903002,106.88108062744,268.75
13-MAR-2026,8.5275394203477,3070,3C273,0.71288132667542,215103,AP-N202-F101,0.045302107930183,0.045302107930183,100.29357147217,268.75
13-MAR-2026,8.5364283093124,3070,3C273,0.71092611551285,215103,AP-N201-F101,0.045813459903002,0.045813459903002,106.88108062744,268.75
13-MAR-2026,8.5364283093124,3070,3C273,0.71092611551285,215103,AP-N202-F101,0.045302107930183,0.045302107930183,100.29357147217,268.75
13-MAR-2026,8.587122755802,3075,M87,0.59946209192276,215103,AP-N201-F101,0.046091046184301,0.046091046184301,111.19883728027,269.54998779297
13-MAR-2026,8.587122755802,3075,M87,0.59946209192276,215103,AP-N202-F101,0.045545894652605,0.045545894652605,104.49984741211,269.54998779297
13-MAR-2026,8.6111505326033,3079,M87,0.59468048810959,215103,AP-N201-F101,0.046091046184301,0.046091046184301,111.19883728027,269.54998779297
13-MAR-2026,8.6111505326033,3079,M87,0.59468048810959,215103,AP-N202-F101,0.045545894652605,0.045545894652605,104.49984741211,269.54998779297
13-MAR-2026,8.6200394213935,3079,M87,0.59290766716003,215103,AP-N201-F101,0.046091046184301,0.046091046184301,111.19883728027,269.54998779297
13-MAR-2026,8.6200394213935,3079,M87,0.59290766716003,215103,AP-N202-F101,0.045545894652605,0.045545894652605,104.49984741211,269.54998779297
13-MAR-2026,8.6289283105328,3079,M87,0.59113281965256,215103,AP-N201-F101,0.046091046184301,0.046091046184301,111.19883728027,269.54998779297
13-MAR-2026,8.6289283105328,3079,M87,0.59113281965256,215103,AP-N202-F101,0.045545894652605,0.045545894652605,104.49984741211,269.54998779297
13-MAR-2026,8.6378171989737,3079,M87,0.58935582637787,215103,AP-N201-F101,0.046091046184301,0.046091046184301,111.19883728027,269.54998779297
13-MAR-2026,8.6378171989737,3079,M87,0.58935582637787,215103,AP-N202-F101,0.045545894652605,0.045545894652605,104.49984741211,269.54998779297
13-MAR-2026,8.7943449755032,3084,3C279,0.82387918233871,215103,AP-N201-F101,0.045974623411894,0.045974623411894,104.38777923584,269.64999389648
13-MAR-2026,8.7943449755032,3084,3C279,0.82387918233871,215103,AP-N202-F101,0.045425221323967,0.045425221323967,97.826248168945,269.64999389648
13-MAR-2026,8.8114283078718,3088,3C279,0.81993091106415,215103,AP-N201-F101,0.045974623411894,0.045974623411894,104.38777923584,269.64999389648
13-MAR-2026,8.8114283078718,3088,3C279,0.81993091106415,215103,AP-N202-F101,0.045425221323967,0.045425221323967,97.826248168945,269.64999389648
13-MAR-2026,8.8203171966619,3088,3C279,0.8178750872612,215103,AP-N201-F101,0.045974623411894,0.045974623411894,104.38777923584,269.64999389648
13-MAR-2026,8.8203171966619,3088,3C279,0.8178750872612,215103,AP-N202-F101,0.045425221323967,0.045425221323967,97.826248168945,269.64999389648
13-MAR-2026,8.8707338616442,3093,M87,0.54208868741989,215103,AP-N201-F101,0.046296712011099,0.046296712011099,114.39337921143,269.64999389648
13-MAR-2026,8.8707338616442,3093,M87,0.54208868741989,215103,AP-N202-F101,0.045821528881788,0.045821528881788,107.56953430176,269.64999389648
13-MAR-2026,8.8947616429858,3097,M87,0.53713941574097,215103,AP-N201-F101,0.046296712011099,0.046296712011099,114.39337921143,269.64999389648
13-MAR-2026,8.8947616429858,3097,M87,0.53713941574097,215103,AP-N202-F101,0.045821528881788,0.045821528881788,107.56953430176,269.64999389648
13-MAR-2026,8.9036505314267,3097,M87,0.53530520200729,215103,AP-N201-F101,0.046296712011099,0.046296712011099,114.39337921143,269.64999389648
13-MAR-2026,8.9036505314267,3097,M87,0.53530520200729,215103,AP-N202-F101,0.045821528881788,0.045821528881788,107.56953430176,269.64999389648
13-MAR-2026,8.9125394207407,3097,M87,0.53346920013428,215103,AP-N201-F101,0.046296712011099,0.046296712011099,114.39337921143,269.64999389648
13-MAR-2026,8.9125394207407,3097,M87,0.53346920013428,215103,AP-N202-F101,0.045821528881788,0.045821528881788,107.56953430176,269.64999389648
13-MAR-2026,8.9214283093561,3097,M87,0.53163146972656,215103,AP-N201-F101,0.046296712011099,0.046296712011099,114.39337921143,269.64999389648
13-MAR-2026,8.9214283093561,3097,M87,0.53163146972656,215103,AP-N202-F101,0.045821528881788,0.045821528881788,107.56953430176,269.64999389648
13-MAR-2026,8.9868449754378,3102,J1337-1257,0.99359703063965,215103,AP-N201-F101,0.046061959117651,0.046061959117651,101.86417388916,269.14999389648
13-MAR-2026,8.9868449754378,3102,J1337-1257,0.99359703063965,215103,AP-N202-F101,0.045464053750038,0.045464053750038,95.527297973633,269.14999389648
13-MAR-2026,9.0117060833149,3106,J1337-1257,0.9877096414566,215103,AP-N201-F101,0.046061959117651,0.046061959117651,101.86417388916,269.14999389648
13-MAR-2026,9.0117060833149,3106,J1337-1257,0.9877096414566,215103,AP-N202-F101,0.045464053750038,0.045464053750038,95.527297973633,269.14999389648
13-MAR-2026,9.020872749596,3106,J1337-1257,0.98553758859634,215103,AP-N201-F101,0.046061959117651,0.046061959117651,101.86417388916,269.14999389648
13-MAR-2026,9.020872749596,3106,J1337-1257,0.98553758859634,215103,AP-N202-F101,0.045464053750038,0.045464053750038,95.527297973633,269.14999389648
