01-MAY-2026,0.13134222020113,19864,3C273,0.84128206968307,215103,AP-N201-F101,0.029554631561041,0.029554631561041,96.041244506836,267.64999389648
01-MAY-2026,0.13134222020113,19864,3C273,0.84128206968307,215103,AP-N202-F101,0.028715102002025,0.028715102002025,90.87092590332,267.64999389648
01-MAY-2026,0.1609255553776,19868,3C273,0.84733402729034,215103,AP-N201-F101,0.029554631561041,0.029554631561041,96.041244506836,267.64999389648
01-MAY-2026,0.1609255553776,19868,3C273,0.84733402729034,215103,AP-N202-F101,0.028715102002025,0.028715102002025,90.87092590332,267.64999389648
01-MAY-2026,0.17009222148402,19868,3C273,0.84920364618301,215103,AP-N201-F101,0.029554631561041,0.029554631561041,96.041244506836,267.64999389648
01-MAY-2026,0.17009222148402,19868,3C273,0.84920364618301,215103,AP-N202-F101,0.028715102002025,0.028715102002025,90.87092590332,267.64999389648
01-MAY-2026,0.22078666483036,19873,M87,0.72996360063553,215103,AP-N201-F101,0.029156001284719,0.029156001284719,97.496803283691,266.85000610352
01-MAY-2026,0.22078666483036,19873,M87,0.72996360063553,215103,AP-N202-F101,0.028102427721024,0.028102427721024,92.192420959473,266.85000610352
01-MAY-2026,0.46106444035285,19883,3C279,0.89222681522369,215103,AP-N201-F101,0.028155291453004,0.028155291453004,94.79907989502,266.45001220703
01-MAY-2026,0.46106444035285,19883,3C279,0.89222681522369,215103,AP-N202-F101,0.027101052924991,0.027101052924991,89.579124450684,266.45001220703
01-MAY-2026,0.47759221669187,19887,3C279,0.89596909284592,215103,AP-N201-F101,0.028155291453004,0.028155291453004,94.79907989502,266.45001220703
01-MAY-2026,0.47759221669187,19887,3C279,0.89596909284592,215103,AP-N202-F101,0.027101052924991,0.027101052924991,89.579124450684,266.45001220703
01-MAY-2026,0.48648110583123,19887,3C279,0.89797973632813,215103,AP-N201-F101,0.028155291453004,0.028155291453004,94.79907989502,266.45001220703
01-MAY-2026,0.48648110583123,19887,3C279,0.89797973632813,215103,AP-N202-F101,0.027101052924991,0.027101052924991,89.579124450684,266.45001220703
01-MAY-2026,0.53661999437033,19892,M87,0.7830314040184,215103,AP-N201-F101,0.028716776520014,0.028716776520014,96.333503723145,266.95001220703
01-MAY-2026,0.53661999437033,19892,M87,0.7830314040184,215103,AP-N202-F101,0.028105737641454,0.028105737641454,91.135620117188,266.95001220703
01-MAY-2026,0.56064777221943,19896,M87,0.78687214851379,215103,AP-N201-F101,0.028716776520014,0.028716776520014,96.333503723145,266.95001220703
01-MAY-2026,0.56064777221943,19896,M87,0.78687214851379,215103,AP-N202-F101,0.028105737641454,0.028105737641454,91.135620117188,266.95001220703
01-MAY-2026,0.56981444077057,19896,M87,0.78832966089249,215103,AP-N201-F101,0.028716776520014,0.028716776520014,96.333503723145,266.95001220703
01-MAY-2026,0.56981444077057,19896,M87,0.78832966089249,215103,AP-N202-F101,0.028105737641454,0.028105737641454,91.135620117188,266.95001220703
01-MAY-2026,0.57870332973531,19896,M87,0.78973877429962,215103,AP-N201-F101,0.028716776520014,0.028716776520014,96.333503723145,266.95001220703
01-MAY-2026,0.57870332973531,19896,M87,0.78973877429962,215103,AP-N202-F101,0.028105737641454,0.028105737641454,91.135620117188,266.95001220703
01-MAY-2026,0.58759221817618,19896,M87,0.79114377498627,215103,AP-N201-F101,0.028716776520014,0.028716776520014,96.333503723145,266.95001220703
01-MAY-2026,0.58759221817618,19896,M87,0.79114377498627,215103,AP-N202-F101,0.028105737641454,0.028105737641454,91.135620117188,266.95001220703
01-MAY-2026,0.77717554843148,19901,3C273,0.96572875976563,215103,AP-N201-F101,0.027777373790741,0.027777373790741,94.15104675293,267.35000610352
01-MAY-2026,0.77717554843148,19901,3C273,0.96572875976563,215103,AP-N202-F101,0.027228489518166,0.027228489518166,88.897315979004,267.35000610352
01-MAY-2026,0.79509221484449,19905,3C273,0.96890437602997,215103,AP-N201-F101,0.027777373790741,0.027777373790741,94.15104675293,267.35000610352
01-MAY-2026,0.79509221484449,19905,3C273,0.96890437602997,215103,AP-N202-F101,0.027228489518166,0.027228489518166,88.897315979004,267.35000610352
01-MAY-2026,0.80398110345998,19905,3C273,0.9704732298851,215103,AP-N201-F101,0.027777373790741,0.027777373790741,94.15104675293,267.35000610352
01-MAY-2026,0.80398110345998,19905,3C273,0.9704732298851,215103,AP-N202-F101,0.027228489518166,0.027228489518166,88.897315979004,267.35000610352
01-MAY-2026,0.85356443666798,19910,M87,0.83115583658218,215103,AP-N201-F101,0.028635887429118,0.028635887429118,95.658767700195,267.35000610352
01-MAY-2026,0.85356443666798,19910,M87,0.83115583658218,215103,AP-N202-F101,0.026894750073552,0.026894750073552,90.316932678223,267.35000610352
01-MAY-2026,0.87856443582265,19914,M87,0.83470249176025,215103,AP-N201-F101,0.028635887429118,0.028635887429118,95.658767700195,267.35000610352
01-MAY-2026,0.87856443582265,19914,M87,0.83470249176025,215103,AP-N202-F101,0.026894750073552,0.026894750073552,90.316932678223,267.35000610352
01-MAY-2026,0.88759221327091,19914,M87,0.83597368001938,215103,AP-N201-F101,0.028635887429118,0.028635887429118,95.658767700195,267.35000610352
01-MAY-2026,0.88759221327091,19914,M87,0.83597368001938,215103,AP-N202-F101,0.026894750073552,0.026894750073552,90.316932678223,267.35000610352
01-MAY-2026,0.89648110241027,19914,M87,0.83722025156021,215103,AP-N201-F101,0.028635887429118,0.028635887429118,95.658767700195,267.35000610352
01-MAY-2026,0.89648110241027,19914,M87,0.83722025156021,215103,AP-N202-F101,0.026894750073552,0.026894750073552,90.316932678223,267.35000610352
01-MAY-2026,0.90536999120039,19914,M87,0.83846181631088,215103,AP-N201-F101,0.028635887429118,0.028635887429118,95.658767700195,267.35000610352
01-MAY-2026,0.90536999120039,19914,M87,0.83846181631088,215103,AP-N202-F101,0.026894750073552,0.026894750073552,90.316932678223,267.35000610352
01-MAY-2026,1.0941199917769,19919,3C279,1.0312005281448,215103,AP-N201-F101,0.025071457028389,0.025071457028389,92.265518188477,267.95001220703
01-MAY-2026,1.0941199917769,19919,3C279,1.0312005281448,215103,AP-N202-F101,0.022936863824725,0.022936863824725,86.926910400391,267.95001220703
01-MAY-2026,1.1113422103589,19923,3C279,1.0348218679428,215103,AP-N201-F101,0.025071457028389,0.025071457028389,92.265518188477,267.95001220703
01-MAY-2026,1.1113422103589,19923,3C279,1.0348218679428,215103,AP-N202-F101,0.022936863824725,0.022936863824725,86.926910400391,267.95001220703
01-MAY-2026,1.1203699902519,19923,3C279,1.0367162227631,215103,AP-N201-F101,0.025071457028389,0.025071457028389,92.265518188477,267.95001220703
01-MAY-2026,1.1203699902519,19923,3C279,1.0367162227631,215103,AP-N202-F101,0.022936863824725,0.022936863824725,86.926910400391,267.95001220703
01-MAY-2026,1.1705088800134,19928,M87,0.87307226657867,215103,AP-N201-F101,0.02699469961226,0.02699469961226,94.164222717285,268.14999389648
01-MAY-2026,1.1705088800134,19928,M87,0.87307226657867,215103,AP-N202-F101,0.025289544835687,0.025289544835687,89.03596496582,268.14999389648
01-MAY-2026,1.1948144337818,19932,M87,0.87599670886993,215103,AP-N201-F101,0.02699469961226,0.02699469961226,94.164222717285,268.14999389648
01-MAY-2026,1.1948144337818,19932,M87,0.87599670886993,215103,AP-N202-F101,0.025289544835687,0.025289544835687,89.03596496582,268.14999389648
01-MAY-2026,1.2037033225719,19932,M87,0.87705534696579,215103,AP-N201-F101,0.02699469961226,0.02699469961226,94.164222717285,268.14999389648
01-MAY-2026,1.2037033225719,19932,M87,0.87705534696579,215103,AP-N202-F101,0.025289544835687,0.025289544835687,89.03596496582,268.14999389648
01-MAY-2026,1.2125922115366,19932,M87,0.87810814380646,215103,AP-N201-F101,0.02699469961226,0.02699469961226,94.164222717285,268.14999389648
01-MAY-2026,1.2125922115366,19932,M87,0.87810814380646,215103,AP-N202-F101,0.025289544835687,0.025289544835687,89.03596496582,268.14999389648
01-MAY-2026,1.2214811001521,19932,M87,0.87915498018265,215103,AP-N201-F101,0.02699469961226,0.02699469961226,94.164222717285,268.14999389648
01-MAY-2026,1.2214811001521,19932,M87,0.87915498018265,215103,AP-N202-F101,0.025289544835687,0.025289544835687,89.03596496582,268.14999389648
01-MAY-2026,1.2942588736724,19939,J1337-1257,0.98036104440689,215103,AP-N201-F101,0.024057937785983,0.024057937785983,92.250961303711,267.75
01-MAY-2026,1.2942588736724,19939,J1337-1257,0.98036104440689,215103,AP-N202-F101,0.022833447903395,0.022833447903395,86.96427154541,267.75
01-MAY-2026,1.3032866511207,19939,J1337-1257,0.98250180482864,215103,AP-N201-F101,0.024057937785983,0.024057937785983,92.250961303711,267.75
01-MAY-2026,1.3032866511207,19939,J1337-1257,0.98250180482864,215103,AP-N202-F101,0.022833447903395,0.022833447903395,86.96427154541,267.75
01-MAY-2026,1.494027347745,19947,3C279,1.1120452880859,215103,AP-N201-F101,0.024482665583491,0.024482665583491,91.644309997559,268.25
01-MAY-2026,1.494027347745,19947,3C279,1.1120452880859,215103,AP-N202-F101,0.022909455001354,0.022909455001354,86.365821838379,268.25
01-MAY-2026,1.5111106818599,19951,3C279,1.1153200864792,215103,AP-N201-F101,0.024482665583491,0.024482665583491,91.644309997559,268.25
01-MAY-2026,1.5111106818599,19951,3C279,1.1153200864792,215103,AP-N202-F101,0.022909455001354,0.022909455001354,86.365821838379,268.25
01-MAY-2026,1.5199995703007,19951,3C279,1.1170172691345,215103,AP-N201-F101,0.024482665583491,0.024482665583491,91.644309997559,268.25
01-MAY-2026,1.5199995703007,19951,3C279,1.1170172691345,215103,AP-N202-F101,0.022909455001354,0.022909455001354,86.365821838379,268.25
01-MAY-2026,1.5701384577921,19956,M87,0.91523641347885,215103,AP-N201-F101,0.024736950173974,0.024736950173974,93.060600280762,268.25
01-MAY-2026,1.5701384577921,19956,M87,0.91523641347885,215103,AP-N202-F101,0.02370641194284,0.02370641194284,87.874481201172,268.25
01-MAY-2026,1.5947217887022,19960,M87,0.91739171743393,215103,AP-N201-F101,0.024736950173974,0.024736950173974,93.060600280762,268.25
01-MAY-2026,1.5947217887022,19960,M87,0.91739171743393,215103,AP-N202-F101,0.02370641194284,0.02370641194284,87.874481201172,268.25
01-MAY-2026,1.6036106774923,19960,M87,0.91815775632858,215103,AP-N201-F101,0.024736950173974,0.024736950173974,93.060600280762,268.25
01-MAY-2026,1.6036106774923,19960,M87,0.91815775632858,215103,AP-N202-F101,0.02370641194284,0.02370641194284,87.874481201172,268.25
01-MAY-2026,1.6124995662824,19960,M87,0.91891670227051,215103,AP-N201-F101,0.024736950173974,0.024736950173974,93.060600280762,268.25
01-MAY-2026,1.6124995662824,19960,M87,0.91891670227051,215103,AP-N202-F101,0.02370641194284,0.02370641194284,87.874481201172,268.25
01-MAY-2026,1.6213884554218,19960,M87,0.91966843605042,215103,AP-N201-F101,0.024736950173974,0.024736950173974,93.060600280762,268.25
01-MAY-2026,1.6213884554218,19960,M87,0.91966843605042,215103,AP-N202-F101,0.02370641194284,0.02370641194284,87.874481201172,268.25
01-MAY-2026,1.7273606779616,19965,J1337-1257,1.0821493864059,215103,AP-N201-F101,0.021538795903325,0.021538795903325,90.762451171875,267.35000610352
01-MAY-2026,1.7273606779616,19965,J1337-1257,1.0821493864059,215103,AP-N202-F101,0.020695796236396,0.020695796236396,85.556396484375,267.35000610352
01-MAY-2026,1.7444440101556,19969,J1337-1257,1.0861164331436,215103,AP-N201-F101,0.021538795903325,0.021538795903325,90.762451171875,267.35000610352
01-MAY-2026,1.7444440101556,19969,J1337-1257,1.0861164331436,215103,AP-N202-F101,0.020695796236396,0.020695796236396,85.556396484375,267.35000610352
01-MAY-2026,1.7533328991204,19969,J1337-1257,1.0881791114807,215103,AP-N201-F101,0.021538795903325,0.021538795903325,90.762451171875,267.35000610352
01-MAY-2026,1.7533328991204,19969,J1337-1257,1.0881791114807,215103,AP-N202-F101,0.020695796236396,0.020695796236396,85.556396484375,267.35000610352
01-MAY-2026,1.843749568373,19974,3C279,1.1750930547714,215103,AP-N201-F101,0.022151058539748,0.022151058539748,90.544311523437,268.45001220703
01-MAY-2026,1.843749568373,19974,3C279,1.1750930547714,215103,AP-N202-F101,0.02046393416822,0.02046393416822,85.236740112305,268.45001220703
01-MAY-2026,1.8609717850342,19978,3C279,1.1779448986053,215103,AP-N201-F101,0.022151058539748,0.022151058539748,90.544311523437,268.45001220703
01-MAY-2026,1.8609717850342,19978,3C279,1.1779448986053,215103,AP-N202-F101,0.02046393416822,0.02046393416822,85.236740112305,268.45001220703
01-MAY-2026,1.8699995644033,19978,3C279,1.1794294118881,215103,AP-N201-F101,0.022151058539748,0.022151058539748,90.544311523437,268.45001220703
01-MAY-2026,1.8699995644033,19978,3C279,1.1794294118881,215103,AP-N202-F101,0.02046393416822,0.02046393416822,85.236740112305,268.45001220703
01-MAY-2026,1.9206940105436,19983,M87,0.94065707921982,215103,AP-N201-F101,0.022598488256335,0.022598488256335,91.779747009277,268.45001220703
01-MAY-2026,1.9206940105436,19983,M87,0.94065707921982,215103,AP-N202-F101,0.021150698885322,0.021150698885322,86.447700500488,268.45001220703
01-MAY-2026,1.9441662313154,19987,M87,0.94193434715271,215103,AP-N201-F101,0.022598488256335,0.022598488256335,91.779747009277,268.45001220703
01-MAY-2026,1.9441662313154,19987,M87,0.94193434715271,215103,AP-N202-F101,0.021150698885322,0.021150698885322,86.447700500488,268.45001220703
01-MAY-2026,1.9530551199309,19987,M87,0.94240379333496,215103,AP-N201-F101,0.022598488256335,0.022598488256335,91.779747009277,268.45001220703
01-MAY-2026,1.9530551199309,19987,M87,0.94240379333496,215103,AP-N202-F101,0.021150698885322,0.021150698885322,86.447700500488,268.45001220703
01-MAY-2026,1.9619440088956,19987,M87,0.94286513328552,215103,AP-N201-F101,0.022598488256335,0.022598488256335,91.779747009277,268.45001220703
01-MAY-2026,1.9619440088956,19987,M87,0.94286513328552,215103,AP-N202-F101,0.021150698885322,0.021150698885322,86.447700500488,268.45001220703
01-MAY-2026,1.9708328976857,19987,M87,0.94331860542297,215103,AP-N201-F101,0.022598488256335,0.022598488256335,91.779747009277,268.45001220703
01-MAY-2026,1.9708328976857,19987,M87,0.94331860542297,215103,AP-N202-F101,0.021150698885322,0.021150698885322,86.447700500488,268.45001220703
01-MAY-2026,2.1434717845798,19992,3C273,1.130203962326,215103,AP-N201-F101,0.021939985454082,0.021939985454082,90.58814239502,267.95001220703
01-MAY-2026,2.1434717845798,19992,3C273,1.130203962326,215103,AP-N202-F101,0.021035263314843,0.021035263314843,85.379302978516,267.95001220703
01-MAY-2026,2.1608328984557,19996,3C273,1.1309019327164,215103,AP-N201-F101,0.021939985454082,0.021939985454082,90.58814239502,267.95001220703
01-MAY-2026,2.1608328984557,19996,3C273,1.1309019327164,215103,AP-N202-F101,0.021035263314843,0.021035263314843,85.379302978516,267.95001220703
01-MAY-2026,2.1697217874204,19996,3C273,1.1312425136566,215103,AP-N201-F101,0.021939985454082,0.021939985454082,90.58814239502,267.95001220703
01-MAY-2026,2.1697217874204,19996,3C273,1.1312425136566,215103,AP-N202-F101,0.021035263314843,0.021035263314843,85.379302978516,267.95001220703
01-MAY-2026,2.2202773408862,20001,M87,0.95272463560104,215103,AP-N201-F101,0.022951602935791,0.022951602935791,91.913360595703,267.75
01-MAY-2026,2.2202773408862,20001,M87,0.95272463560104,215103,AP-N202-F101,0.021406877785921,0.021406877785921,86.603034973145,267.75
01-MAY-2026,2.244166228331,20005,M87,0.95328295230865,215103,AP-N201-F101,0.022951602935791,0.022951602935791,91.913360595703,267.75
01-MAY-2026,2.244166228331,20005,M87,0.95328295230865,215103,AP-N202-F101,0.021406877785921,0.021406877785921,86.603034973145,267.75
01-MAY-2026,2.2530551172957,20005,M87,0.95347559452057,215103,AP-N201-F101,0.022951602935791,0.022951602935791,91.913360595703,267.75
01-MAY-2026,2.2530551172957,20005,M87,0.95347559452057,215103,AP-N202-F101,0.021406877785921,0.021406877785921,86.603034973145,267.75
01-MAY-2026,2.2619440060858,20005,M87,0.95365971326828,215103,AP-N201-F101,0.022951602935791,0.022951602935791,91.913360595703,267.75
01-MAY-2026,2.2619440060858,20005,M87,0.95365971326828,215103,AP-N202-F101,0.021406877785921,0.021406877785921,86.603034973145,267.75
01-MAY-2026,2.2711106723668,20005,M87,0.95384079217911,215103,AP-N201-F101,0.022951602935791,0.022951602935791,91.913360595703,267.75
01-MAY-2026,2.2711106723668,20005,M87,0.95384079217911,215103,AP-N202-F101,0.021406877785921,0.021406877785921,86.603034973145,267.75
01-MAY-2026,2.4434717833416,20010,3C279,1.2536445856094,215103,AP-N201-F101,0.019639054313302,0.019639054313302,89.495468139648,267.25
01-MAY-2026,2.4434717833416,20010,3C279,1.2536445856094,215103,AP-N202-F101,0.019335672259331,0.019335672259331,84.394729614258,267.25
01-MAY-2026,2.4616662270709,20014,3C279,1.2551920413971,215103,AP-N201-F101,0.019639054313302,0.019639054313302,89.495468139648,267.25
01-MAY-2026,2.4616662270709,20014,3C279,1.2551920413971,215103,AP-N202-F101,0.019335672259331,0.019335672259331,84.394729614258,267.25
01-MAY-2026,2.470555115861,20014,3C279,1.2559269666672,215103,AP-N201-F101,0.019639054313302,0.019639054313302,89.495468139648,267.25
01-MAY-2026,2.470555115861,20014,3C279,1.2559269666672,215103,AP-N202-F101,0.019335672259331,0.019335672259331,84.394729614258,267.25
01-MAY-2026,2.5206940047494,20019,M87,0.9553137421608,215103,AP-N201-F101,0.02232307754457,0.02232307754457,91.510223388672,267.35000610352
01-MAY-2026,2.5206940047494,20019,M87,0.9553137421608,215103,AP-N202-F101,0.020694926381111,0.020694926381111,86.118125915527,267.35000610352
01-MAY-2026,2.5438884485541,20023,M87,0.95511108636856,215103,AP-N201-F101,0.02232307754457,0.02232307754457,91.510223388672,267.35000610352
01-MAY-2026,2.5438884485541,20023,M87,0.95511108636856,215103,AP-N202-F101,0.020694926381111,0.020694926381111,86.118125915527,267.35000610352
01-MAY-2026,2.5527773375188,20023,M87,0.95501792430878,215103,AP-N201-F101,0.02232307754457,0.02232307754457,91.510223388672,267.35000610352
01-MAY-2026,2.5527773375188,20023,M87,0.95501792430878,215103,AP-N202-F101,0.020694926381111,0.020694926381111,86.118125915527,267.35000610352
01-MAY-2026,2.5616662261343,20023,M87,0.95491653680801,215103,AP-N201-F101,0.02232307754457,0.02232307754457,91.510223388672,267.35000610352
01-MAY-2026,2.5616662261343,20023,M87,0.95491653680801,215103,AP-N202-F101,0.020694926381111,0.020694926381111,86.118125915527,267.35000610352
01-MAY-2026,2.5705551150991,20023,M87,0.95480674505234,215103,AP-N201-F101,0.02232307754457,0.02232307754457,91.510223388672,267.35000610352
01-MAY-2026,2.5705551150991,20023,M87,0.95480674505234,215103,AP-N202-F101,0.020694926381111,0.020694926381111,86.118125915527,267.35000610352
01-MAY-2026,2.7602310026939,20031,3C279,1.2714864015579,215103,AP-N201-F101,0.020083047449589,0.020083047449589,89.286331176758,266.54998779297
01-MAY-2026,2.7602310026939,20031,3C279,1.2714864015579,215103,AP-N202-F101,0.018760656937957,0.018760656937957,84.170753479004,266.54998779297
01-MAY-2026,2.7773143359356,20035,3C279,1.2718671560287,215103,AP-N201-F101,0.020083047449589,0.020083047449589,89.286331176758,266.54998779297
01-MAY-2026,2.7773143359356,20035,3C279,1.2718671560287,215103,AP-N202-F101,0.018760656937957,0.018760656937957,84.170753479004,266.54998779297
01-MAY-2026,2.7862032249004,20035,3C279,1.2720408439636,215103,AP-N201-F101,0.020083047449589,0.020083047449589,89.286331176758,266.54998779297
01-MAY-2026,2.7862032249004,20035,3C279,1.2720408439636,215103,AP-N202-F101,0.018760656937957,0.018760656937957,84.170753479004,266.54998779297
01-MAY-2026,2.8367587797632,20040,M87,0.94763171672821,215103,AP-N201-F101,0.019975457340479,0.019975457340479,90.568954467773,266.35000610352
01-MAY-2026,2.8367587797632,20040,M87,0.94763171672821,215103,AP-N202-F101,0.018285805359483,0.018285805359483,85.317237854004,266.35000610352
01-MAY-2026,2.8616198886881,20044,M87,0.94658237695694,215103,AP-N201-F101,0.019975457340479,0.019975457340479,90.568954467773,266.35000610352
01-MAY-2026,2.8616198886881,20044,M87,0.94658237695694,215103,AP-N202-F101,0.018285805359483,0.018285805359483,85.317237854004,266.35000610352
01-MAY-2026,2.8709254457228,20044,M87,0.94617331027985,215103,AP-N201-F101,0.019975457340479,0.019975457340479,90.568954467773,266.35000610352
01-MAY-2026,2.8709254457228,20044,M87,0.94617331027985,215103,AP-N202-F101,0.018285805359483,0.018285805359483,85.317237854004,266.35000610352
01-MAY-2026,2.8798143343383,20044,M87,0.94577431678772,215103,AP-N201-F101,0.019975457340479,0.019975457340479,90.568954467773,266.35000610352
01-MAY-2026,2.8798143343383,20044,M87,0.94577431678772,215103,AP-N202-F101,0.018285805359483,0.018285805359483,85.317237854004,266.35000610352
01-MAY-2026,2.8887032231284,20044,M87,0.94536715745926,215103,AP-N201-F101,0.019975457340479,0.019975457340479,90.568954467773,266.35000610352
01-MAY-2026,2.8887032231284,20044,M87,0.94536715745926,215103,AP-N202-F101,0.018285805359483,0.018285805359483,85.317237854004,266.35000610352
01-MAY-2026,2.953286556388,20049,J1337-1257,1.3405508995056,215103,AP-N201-F101,0.019637817516923,0.019637817516923,88.947708129883,266.04998779297
01-MAY-2026,2.953286556388,20049,J1337-1257,1.3405508995056,215103,AP-N202-F101,0.018182439729571,0.018182439729571,83.821754455566,266.04998779297
01-MAY-2026,2.9775921113788,20053,J1337-1257,1.3445000648499,215103,AP-N201-F101,0.019637817516923,0.019637817516923,88.947708129883,266.04998779297
01-MAY-2026,2.9775921113788,20053,J1337-1257,1.3445000648499,215103,AP-N202-F101,0.018182439729571,0.018182439729571,83.821754455566,266.04998779297
01-MAY-2026,2.9864810003435,20053,J1337-1257,1.3459213972092,215103,AP-N201-F101,0.019637817516923,0.019637817516923,88.947708129883,266.04998779297
01-MAY-2026,2.9864810003435,20053,J1337-1257,1.3459213972092,215103,AP-N202-F101,0.018182439729571,0.018182439729571,83.821754455566,266.04998779297
01-MAY-2026,3.110508777256,20058,3C273,1.101779460907,215103,AP-N201-F101,0.019209867343307,0.019209867343307,89.447677612305,266.35000610352
01-MAY-2026,3.110508777256,20058,3C273,1.101779460907,215103,AP-N202-F101,0.017551464959979,0.017551464959979,84.21452331543,266.35000610352
01-MAY-2026,3.1275921073545,20062,3C273,1.1001226902008,215103,AP-N201-F101,0.019209867343307,0.019209867343307,89.447677612305,266.35000610352
01-MAY-2026,3.1275921073545,20062,3C273,1.1001226902008,215103,AP-N202-F101,0.017551464959979,0.017551464959979,84.21452331543,266.35000610352
01-MAY-2026,3.1364809961446,20062,3C273,1.0992469787598,215103,AP-N201-F101,0.019209867343307,0.019209867343307,89.447677612305,266.35000610352
01-MAY-2026,3.1364809961446,20062,3C273,1.0992469787598,215103,AP-N202-F101,0.017551464959979,0.017551464959979,84.21452331543,266.35000610352
01-MAY-2026,3.1866198860807,20067,M87,0.92716497182846,215103,AP-N201-F101,0.020075337961316,0.020075337961316,90.642082214355,266.25
01-MAY-2026,3.1866198860807,20067,M87,0.92716497182846,215103,AP-N202-F101,0.018510015681386,0.018510015681386,85.305320739746,266.25
01-MAY-2026,3.2120365534799,20071,M87,0.92521488666534,215103,AP-N201-F101,0.020075337961316,0.020075337961316,90.642082214355,266.25
01-MAY-2026,3.2120365534799,20071,M87,0.92521488666534,215103,AP-N202-F101,0.018510015681386,0.018510015681386,85.305320739746,266.25
01-MAY-2026,3.2209254424447,20071,M87,0.92451876401901,215103,AP-N201-F101,0.020075337961316,0.020075337961316,90.642082214355,266.25
01-MAY-2026,3.2209254424447,20071,M87,0.92451876401901,215103,AP-N202-F101,0.018510015681386,0.018510015681386,85.305320739746,266.25
01-MAY-2026,3.2298143312348,20071,M87,0.92381542921066,215103,AP-N201-F101,0.020075337961316,0.020075337961316,90.642082214355,266.25
01-MAY-2026,3.2298143312348,20071,M87,0.92381542921066,215103,AP-N202-F101,0.018510015681386,0.018510015681386,85.305320739746,266.25
01-MAY-2026,3.2389809992621,20071,M87,0.92308229207993,215103,AP-N201-F101,0.020075337961316,0.020075337961316,90.642082214355,266.25
01-MAY-2026,3.2389809992621,20071,M87,0.92308229207993,215103,AP-N202-F101,0.018510015681386,0.018510015681386,85.305320739746,266.25
01-MAY-2026,3.3041198866304,20076,M87,0.91765230894089,215103,AP-N201-F101,0.019638368859887,0.019638368859887,90.500846862793,266.14999389648
01-MAY-2026,3.3041198866304,20076,M87,0.91765230894089,215103,AP-N202-F101,0.018321566283703,0.018321566283703,85.300331115723,266.14999389648
01-MAY-2026,3.3278698878617,20080,M87,0.91557711362839,215103,AP-N201-F101,0.019638368859887,0.019638368859887,90.500846862793,266.14999389648
01-MAY-2026,3.3278698878617,20080,M87,0.91557711362839,215103,AP-N202-F101,0.018321566283703,0.018321566283703,85.300331115723,266.14999389648
01-MAY-2026,3.3367587763026,20080,M87,0.91478753089905,215103,AP-N201-F101,0.019638368859887,0.019638368859887,90.500846862793,266.14999389648
01-MAY-2026,3.3367587763026,20080,M87,0.91478753089905,215103,AP-N202-F101,0.018321566283703,0.018321566283703,85.300331115723,266.14999389648
01-MAY-2026,3.3456476652673,20080,M87,0.91399103403091,215103,AP-N201-F101,0.019638368859887,0.019638368859887,90.500846862793,266.14999389648
01-MAY-2026,3.3456476652673,20080,M87,0.91399103403091,215103,AP-N202-F101,0.018321566283703,0.018321566283703,85.300331115723,266.14999389648
01-MAY-2026,3.354536554232,20080,M87,0.91318756341934,215103,AP-N201-F101,0.019638368859887,0.019638368859887,90.500846862793,266.14999389648
01-MAY-2026,3.354536554232,20080,M87,0.91318756341934,215103,AP-N202-F101,0.018321566283703,0.018321566283703,85.300331115723,266.14999389648
01-MAY-2026,3.510786553096,20085,3C279,1.2319484949112,215103,AP-N201-F101,0.017929224297404,0.017929224297404,88.636375427246,266.75
01-MAY-2026,3.510786553096,20085,3C279,1.2319484949112,215103,AP-N202-F101,0.016717294231057,0.016717294231057,83.44123840332,266.75
01-MAY-2026,3.5270365494994,20089,3C279,1.2299711704254,215103,AP-N201-F101,0.017929224297404,0.017929224297404,88.636375427246,266.75
01-MAY-2026,3.5270365494994,20089,3C279,1.2299711704254,215103,AP-N202-F101,0.016717294231057,0.016717294231057,83.44123840332,266.75
01-MAY-2026,3.5359254382895,20089,3C279,1.2288733720779,215103,AP-N201-F101,0.017929224297404,0.017929224297404,88.636375427246,266.75
01-MAY-2026,3.5359254382895,20089,3C279,1.2288733720779,215103,AP-N202-F101,0.016717294231057,0.016717294231057,83.44123840332,266.75
01-MAY-2026,3.5868976617461,20094,M87,0.88979691267014,215103,AP-N201-F101,0.019545774906874,0.019545774906874,90.560646057129,266.04998779297
01-MAY-2026,3.5868976617461,20094,M87,0.88979691267014,215103,AP-N202-F101,0.017723720520735,0.017723720520735,85.34105682373,266.04998779297
01-MAY-2026,3.6114809931801,20098,M87,0.8870638012886,215103,AP-N201-F101,0.019545774906874,0.019545774906874,90.560646057129,266.04998779297
01-MAY-2026,3.6114809931801,20098,M87,0.8870638012886,215103,AP-N202-F101,0.017723720520735,0.017723720520735,85.34105682373,266.04998779297
01-MAY-2026,3.6203698817956,20098,M87,0.8860639333725,215103,AP-N201-F101,0.019545774906874,0.019545774906874,90.560646057129,266.04998779297
01-MAY-2026,3.6203698817956,20098,M87,0.8860639333725,215103,AP-N202-F101,0.017723720520735,0.017723720520735,85.34105682373,266.04998779297
01-MAY-2026,3.6292587709349,20098,M87,0.88505798578262,215103,AP-N201-F101,0.019545774906874,0.019545774906874,90.560646057129,266.04998779297
01-MAY-2026,3.6292587709349,20098,M87,0.88505798578262,215103,AP-N202-F101,0.017723720520735,0.017723720520735,85.34105682373,266.04998779297
01-MAY-2026,3.6381476595504,20098,M87,0.88404583930969,215103,AP-N201-F101,0.019545774906874,0.019545774906874,90.560646057129,266.04998779297
01-MAY-2026,3.6381476595504,20098,M87,0.88404583930969,215103,AP-N202-F101,0.017723720520735,0.017723720520735,85.34105682373,266.04998779297
01-MAY-2026,3.7037032151633,20103,M87,0.87639510631561,215103,AP-N201-F101,0.01933367177844,0.01933367177844,90.640411376953,266.64999389648
01-MAY-2026,3.7037032151633,20103,M87,0.87639510631561,215103,AP-N202-F101,0.017685785889626,0.017685785889626,85.24095916748,266.64999389648
01-MAY-2026,3.7278698837661,20107,M87,0.8734929561615,215103,AP-N201-F101,0.01933367177844,0.01933367177844,90.640411376953,266.64999389648
01-MAY-2026,3.7278698837661,20107,M87,0.8734929561615,215103,AP-N202-F101,0.017685785889626,0.017685785889626,85.24095916748,266.64999389648
01-MAY-2026,3.7367587729054,20107,M87,0.87241470813751,215103,AP-N201-F101,0.01933367177844,0.01933367177844,90.640411376953,266.64999389648
01-MAY-2026,3.7367587729054,20107,M87,0.87241470813751,215103,AP-N202-F101,0.017685785889626,0.017685785889626,85.24095916748,266.64999389648
01-MAY-2026,3.7456476616955,20107,M87,0.87133067846298,215103,AP-N201-F101,0.01933367177844,0.01933367177844,90.640411376953,266.64999389648
01-MAY-2026,3.7456476616955,20107,M87,0.87133067846298,215103,AP-N202-F101,0.017685785889626,0.017685785889626,85.24095916748,266.64999389648
01-MAY-2026,3.754536550311,20107,M87,0.87024086713791,215103,AP-N201-F101,0.01933367177844,0.01933367177844,90.640411376953,266.64999389648
01-MAY-2026,3.754536550311,20107,M87,0.87024086713791,215103,AP-N202-F101,0.017685785889626,0.017685785889626,85.24095916748,266.64999389648
01-MAY-2026,3.9436568790823,20115,J1337-1257,1.3735156059265,215103,AP-N201-F101,0.017933370545506,0.017933370545506,88.285301208496,267.14999389648
01-MAY-2026,3.9436568790823,20115,J1337-1257,1.3735156059265,215103,AP-N202-F101,0.016312450170517,0.016312450170517,83.134475708008,267.14999389648
01-MAY-2026,3.9612957673059,20119,J1337-1257,1.3713653087616,215103,AP-N201-F101,0.017933370545506,0.017933370545506,88.285301208496,267.14999389648
01-MAY-2026,3.9612957673059,20119,J1337-1257,1.3713653087616,215103,AP-N202-F101,0.016312450170517,0.016312450170517,83.134475708008,267.14999389648
01-MAY-2026,3.970184656096,20119,J1337-1257,1.3702541589737,215103,AP-N201-F101,0.017933370545506,0.017933370545506,88.285301208496,267.14999389648
01-MAY-2026,3.970184656096,20119,J1337-1257,1.3702541589737,215103,AP-N202-F101,0.016312450170517,0.016312450170517,83.134475708008,267.14999389648
01-MAY-2026,4.0606013239517,20124,3C273,0.96707653999329,215103,AP-N201-F101,0.018732450902462,0.018732450902462,89.873672485352,266.85000610352
01-MAY-2026,4.0606013239517,20124,3C273,0.96707653999329,215103,AP-N202-F101,0.016846496611834,0.016846496611834,84.508735656738,266.85000610352
01-MAY-2026,4.0774068786547,20128,3C273,0.96408838033676,215103,AP-N201-F101,0.018732450902462,0.018732450902462,89.873672485352,266.85000610352
01-MAY-2026,4.0774068786547,20128,3C273,0.96408838033676,215103,AP-N202-F101,0.016846496611834,0.016846496611834,84.508735656738,266.85000610352
01-MAY-2026,4.086573546682,20128,3C273,0.9624519944191,215103,AP-N201-F101,0.018732450902462,0.018732450902462,89.873672485352,266.85000610352
01-MAY-2026,4.086573546682,20128,3C273,0.9624519944191,215103,AP-N202-F101,0.016846496611834,0.016846496611834,84.508735656738,266.85000610352
01-MAY-2026,4.1372679893298,20133,M87,0.81822377443314,215103,AP-N201-F101,0.01974830776453,0.01974830776453,91.266616821289,266.54998779297
01-MAY-2026,4.1372679893298,20133,M87,0.81822377443314,215103,AP-N202-F101,0.018533373251557,0.018533373251557,86.097434997559,266.54998779297
01-MAY-2026,4.1618513244309,20137,M87,0.81456780433655,215103,AP-N201-F101,0.01974830776453,0.01974830776453,91.266616821289,266.54998779297
01-MAY-2026,4.1618513244309,20137,M87,0.81456780433655,215103,AP-N202-F101,0.018533373251557,0.018533373251557,86.097434997559,266.54998779297
01-MAY-2026,4.1707402130464,20137,M87,0.81323736906052,215103,AP-N201-F101,0.01974830776453,0.01974830776453,91.266616821289,266.54998779297
01-MAY-2026,4.1707402130464,20137,M87,0.81323736906052,215103,AP-N202-F101,0.018533373251557,0.018533373251557,86.097434997559,266.54998779297
01-MAY-2026,4.1796291018365,20137,M87,0.81190234422684,215103,AP-N201-F101,0.01974830776453,0.01974830776453,91.266616821289,266.54998779297
01-MAY-2026,4.1796291018365,20137,M87,0.81190234422684,215103,AP-N202-F101,0.018533373251557,0.018533373251557,86.097434997559,266.54998779297
01-MAY-2026,4.188656879634,20137,M87,0.81054180860519,215103,AP-N201-F101,0.01974830776453,0.01974830776453,91.266616821289,266.54998779297
01-MAY-2026,4.188656879634,20137,M87,0.81054180860519,215103,AP-N202-F101,0.018533373251557,0.018533373251557,86.097434997559,266.54998779297
01-MAY-2026,4.3106013237056,20142,3C279,1.1006730794907,215103,AP-N201-F101,0.018372474238276,0.018372474238276,89.118408203125,267.25
01-MAY-2026,4.3106013237056,20142,3C279,1.1006730794907,215103,AP-N202-F101,0.016882946714759,0.016882946714759,83.89826965332,267.25
01-MAY-2026,4.327406875964,20146,3C279,1.0973794460297,215103,AP-N201-F101,0.018372474238276,0.018372474238276,89.118408203125,267.25
01-MAY-2026,4.327406875964,20146,3C279,1.0973794460297,215103,AP-N202-F101,0.016882946714759,0.016882946714759,83.89826965332,267.25
01-MAY-2026,4.3362957649287,20146,3C279,1.095631480217,215103,AP-N201-F101,0.018372474238276,0.018372474238276,89.118408203125,267.25
01-MAY-2026,4.3362957649287,20146,3C279,1.095631480217,215103,AP-N202-F101,0.016882946714759,0.016882946714759,83.89826965332,267.25
01-MAY-2026,4.4278235446689,20151,M87,0.77288919687271,215103,AP-N201-F101,0.020347610116005,0.020347610116005,92.021667480469,266.85000610352
01-MAY-2026,4.4278235446689,20151,M87,0.77288919687271,215103,AP-N202-F101,0.019666122272611,0.019666122272611,86.834457397461,266.85000610352
01-MAY-2026,4.4443513213572,20155,M87,0.77017843723297,215103,AP-N201-F101,0.020347610116005,0.020347610116005,92.021667480469,266.85000610352
01-MAY-2026,4.4443513213572,20155,M87,0.77017843723297,215103,AP-N202-F101,0.019666122272611,0.019666122272611,86.834457397461,266.85000610352
01-MAY-2026,4.4532402101473,20155,M87,0.76871502399445,215103,AP-N201-F101,0.020347610116005,0.020347610116005,92.021667480469,266.85000610352
01-MAY-2026,4.4532402101473,20155,M87,0.76871502399445,215103,AP-N202-F101,0.019666122272611,0.019666122272611,86.834457397461,266.85000610352
01-MAY-2026,4.462129099112,20155,M87,0.7672478556633,215103,AP-N201-F101,0.020347610116005,0.020347610116005,92.021667480469,266.85000610352
01-MAY-2026,4.462129099112,20155,M87,0.7672478556633,215103,AP-N202-F101,0.019666122272611,0.019666122272611,86.834457397461,266.85000610352
01-MAY-2026,4.4710179877275,20155,M87,0.76577687263489,215103,AP-N201-F101,0.020347610116005,0.020347610116005,92.021667480469,266.85000610352
01-MAY-2026,4.4710179877275,20155,M87,0.76577687263489,215103,AP-N202-F101,0.019666122272611,0.019666122272611,86.834457397461,266.85000610352
01-MAY-2026,4.6444902076183,20160,3C279,1.0327500104904,215103,AP-N201-F101,0.018676534295082,0.018676534295082,89.515991210938,267.45001220703
01-MAY-2026,4.6444902076183,20160,3C279,1.0327500104904,215103,AP-N202-F101,0.017108263447881,0.017108263447881,84.295455932617,267.45001220703
01-MAY-2026,4.6601846518337,20164,3C279,1.0294445753098,215103,AP-N201-F101,0.018676534295082,0.018676534295082,89.515991210938,267.45001220703
01-MAY-2026,4.6601846518337,20164,3C279,1.0294445753098,215103,AP-N202-F101,0.017108263447881,0.017108263447881,84.295455932617,267.45001220703
01-MAY-2026,4.6690735407985,20164,3C279,1.0275685787201,215103,AP-N201-F101,0.018676534295082,0.018676534295082,89.515991210938,267.45001220703
01-MAY-2026,4.6690735407985,20164,3C279,1.0275685787201,215103,AP-N202-F101,0.017108263447881,0.017108263447881,84.295455932617,267.45001220703
01-MAY-2026,4.720601316443,20169,M87,0.72300857305527,215103,AP-N201-F101,0.02086329087615,0.02086329087615,92.687950134277,267.45001220703
01-MAY-2026,4.720601316443,20169,M87,0.72300857305527,215103,AP-N202-F101,0.019539343193173,0.019539343193173,87.428733825684,267.45001220703
01-MAY-2026,4.7443513185474,20173,M87,0.71879959106445,215103,AP-N201-F101,0.02086329087615,0.02086329087615,92.687950134277,267.45001220703
01-MAY-2026,4.7443513185474,20173,M87,0.71879959106445,215103,AP-N202-F101,0.019539343193173,0.019539343193173,87.428733825684,267.45001220703
01-MAY-2026,4.7532402075121,20173,M87,0.71721833944321,215103,AP-N201-F101,0.02086329087615,0.02086329087615,92.687950134277,267.45001220703
01-MAY-2026,4.7532402075121,20173,M87,0.71721833944321,215103,AP-N202-F101,0.019539343193173,0.019539343193173,87.428733825684,267.45001220703
01-MAY-2026,4.7624068734439,20173,M87,0.71558445692062,215103,AP-N201-F101,0.02086329087615,0.02086329087615,92.687950134277,267.45001220703
01-MAY-2026,4.7624068734439,20173,M87,0.71558445692062,215103,AP-N202-F101,0.019539343193173,0.019539343193173,87.428733825684,267.45001220703
01-MAY-2026,4.7712957618848,20173,M87,0.71399688720703,215103,AP-N201-F101,0.02086329087615,0.02086329087615,92.687950134277,267.45001220703
01-MAY-2026,4.7712957618848,20173,M87,0.71399688720703,215103,AP-N202-F101,0.019539343193173,0.019539343193173,87.428733825684,267.45001220703
01-MAY-2026,4.927267982734,20178,3C279,0.97198557853699,215103,AP-N201-F101,0.019176444038749,0.019176444038749,90.064186096191,267.14999389648
01-MAY-2026,4.927267982734,20178,3C279,0.97198557853699,215103,AP-N202-F101,0.017661029472947,0.017661029472947,84.821769714355,267.14999389648
01-MAY-2026,4.9437957627401,20182,3C279,0.96836298704147,215103,AP-N201-F101,0.019176444038749,0.019176444038749,90.064186096191,267.14999389648
01-MAY-2026,4.9437957627401,20182,3C279,0.96836298704147,215103,AP-N202-F101,0.017661029472947,0.017661029472947,84.821769714355,267.14999389648
01-MAY-2026,4.9526846508317,20182,3C279,0.9664118885994,215103,AP-N201-F101,0.019176444038749,0.019176444038749,90.064186096191,267.14999389648
01-MAY-2026,4.9526846508317,20182,3C279,0.9664118885994,215103,AP-N202-F101,0.017661029472947,0.017661029472947,84.821769714355,267.14999389648
01-MAY-2026,5.0115735372327,20189,J1337-1257,1.1707315444946,215103,AP-N201-F101,0.019351689144969,0.019351689144969,89.094039916992,267.35000610352
01-MAY-2026,5.0115735372327,20189,J1337-1257,1.1707315444946,215103,AP-N202-F101,0.017609851434827,0.017609851434827,83.941734313965,267.35000610352
01-MAY-2026,5.0204624260228,20189,J1337-1257,1.1687368154526,215103,AP-N201-F101,0.019351689144969,0.019351689144969,89.094039916992,267.35000610352
01-MAY-2026,5.0204624260228,20189,J1337-1257,1.1687368154526,215103,AP-N202-F101,0.017609851434827,0.017609851434827,83.941734313965,267.35000610352
01-MAY-2026,5.0939346461516,20194,M87,0.65439021587372,215103,AP-N201-F101,0.022042445838451,0.022042445838451,94.249404907227,266.95001220703
01-MAY-2026,5.0939346461516,20194,M87,0.65439021587372,215103,AP-N202-F101,0.020916284993291,0.020916284993291,88.984252929687,266.95001220703
01-MAY-2026,5.1112957589798,20198,M87,0.65108096599579,215103,AP-N201-F101,0.022042445838451,0.022042445838451,94.249404907227,266.95001220703
01-MAY-2026,5.1112957589798,20198,M87,0.65108096599579,215103,AP-N202-F101,0.020916284993291,0.020916284993291,88.984252929687,266.95001220703
01-MAY-2026,5.1201846479445,20198,M87,0.64938294887543,215103,AP-N201-F101,0.022042445838451,0.022042445838451,94.249404907227,266.95001220703
01-MAY-2026,5.1201846479445,20198,M87,0.64938294887543,215103,AP-N202-F101,0.020916284993291,0.020916284993291,88.984252929687,266.95001220703
01-MAY-2026,5.1290735369092,20198,M87,0.64768236875534,215103,AP-N201-F101,0.022042445838451,0.022042445838451,94.249404907227,266.95001220703
01-MAY-2026,5.1290735369092,20198,M87,0.64768236875534,215103,AP-N202-F101,0.020916284993291,0.020916284993291,88.984252929687,266.95001220703
01-MAY-2026,5.1379624256993,20198,M87,0.64597940444946,215103,AP-N201-F101,0.022042445838451,0.022042445838451,94.249404907227,266.95001220703
01-MAY-2026,5.1379624256993,20198,M87,0.64597940444946,215103,AP-N202-F101,0.020916284993291,0.020916284993291,88.984252929687,266.95001220703
01-MAY-2026,5.2942124242141,20203,3C273,0.71780425310135,215103,AP-N201-F101,0.021885504946113,0.021885504946113,93.261848449707,267.25
01-MAY-2026,5.2942124242141,20203,3C273,0.71780425310135,215103,AP-N202-F101,0.020723856985569,0.020723856985569,88.048202514648,267.25
01-MAY-2026,5.3115735344229,20207,3C273,0.71399158239365,215103,AP-N201-F101,0.021885504946113,0.021885504946113,93.261848449707,267.25
01-MAY-2026,5.3115735344229,20207,3C273,0.71399158239365,215103,AP-N202-F101,0.020723856985569,0.020723856985569,88.048202514648,267.25
01-MAY-2026,5.3204624233876,20207,3C273,0.71203738451004,215103,AP-N201-F101,0.021885504946113,0.021885504946113,93.261848449707,267.25
01-MAY-2026,5.3204624233876,20207,3C273,0.71203738451004,215103,AP-N202-F101,0.020723856985569,0.020723856985569,88.048202514648,267.25
01-MAY-2026,5.3706013122759,20212,M87,0.60056632757187,215103,AP-N201-F101,0.022939281538129,0.022939281538129,95.708938598633,267.14999389648
01-MAY-2026,5.3706013122759,20212,M87,0.60056632757187,215103,AP-N202-F101,0.021984651684761,0.021984651684761,90.496932983398,267.14999389648
01-MAY-2026,5.3949068670921,20216,M87,0.59573310613632,215103,AP-N201-F101,0.022939281538129,0.022939281538129,95.708938598633,267.14999389648
01-MAY-2026,5.3949068670921,20216,M87,0.59573310613632,215103,AP-N202-F101,0.021984651684761,0.021984651684761,90.496932983398,267.14999389648
01-MAY-2026,5.4037957558822,20216,M87,0.59396141767502,215103,AP-N201-F101,0.022939281538129,0.022939281538129,95.708938598633,267.14999389648
01-MAY-2026,5.4037957558822,20216,M87,0.59396141767502,215103,AP-N202-F101,0.021984651684761,0.021984651684761,90.496932983398,267.14999389648
01-MAY-2026,5.4129624239095,20216,M87,0.5921323299408,215103,AP-N201-F101,0.022939281538129,0.022939281538129,95.708938598633,267.14999389648
01-MAY-2026,5.4129624239095,20216,M87,0.5921323299408,215103,AP-N202-F101,0.021984651684761,0.021984651684761,90.496932983398,267.14999389648
01-MAY-2026,5.4218513128742,20216,M87,0.59035658836365,215103,AP-N201-F101,0.022939281538129,0.022939281538129,95.708938598633,267.14999389648
01-MAY-2026,5.4218513128742,20216,M87,0.59035658836365,215103,AP-N202-F101,0.021984651684761,0.021984651684761,90.496932983398,267.14999389648
01-MAY-2026,5.5772679761222,20221,3C279,0.82531666755676,215103,AP-N201-F101,0.021885197609663,0.021885197609663,91.964263916016,267.45001220703
01-MAY-2026,5.5772679761222,20221,3C279,0.82531666755676,215103,AP-N202-F101,0.020478820428252,0.020478820428252,86.845764160156,267.45001220703
01-MAY-2026,5.5951846399159,20225,3C279,0.82117688655853,215103,AP-N201-F101,0.021885197609663,0.021885197609663,91.964263916016,267.45001220703
01-MAY-2026,5.5951846399159,20225,3C279,0.82117688655853,215103,AP-N202-F101,0.020478820428252,0.020478820428252,86.845764160156,267.45001220703
01-MAY-2026,5.6040735285314,20225,3C279,0.81912159919739,215103,AP-N201-F101,0.021885197609663,0.021885197609663,91.964263916016,267.45001220703
01-MAY-2026,5.6040735285314,20225,3C279,0.81912159919739,215103,AP-N202-F101,0.020478820428252,0.020478820428252,86.845764160156,267.45001220703
01-MAY-2026,5.654490200324,20230,M87,0.54317581653595,215103,AP-N201-F101,0.024088159203529,0.024088159203529,97.936103820801,267.35000610352
01-MAY-2026,5.654490200324,20230,M87,0.54317581653595,215103,AP-N202-F101,0.023325391113758,0.023325391113758,92.385070800781,267.35000610352
01-MAY-2026,5.6785179746806,20234,M87,0.53822934627533,215103,AP-N201-F101,0.024088159203529,0.024088159203529,97.936103820801,267.35000610352
01-MAY-2026,5.6785179746806,20234,M87,0.53822934627533,215103,AP-N202-F101,0.023325391113758,0.023325391113758,92.385070800781,267.35000610352
01-MAY-2026,5.6874068636453,20234,M87,0.53639620542526,215103,AP-N201-F101,0.024088159203529,0.024088159203529,97.936103820801,267.35000610352
01-MAY-2026,5.6874068636453,20234,M87,0.53639620542526,215103,AP-N202-F101,0.023325391113758,0.023325391113758,92.385070800781,267.35000610352
01-MAY-2026,5.6962957526101,20234,M87,0.53456127643585,215103,AP-N201-F101,0.024088159203529,0.024088159203529,97.936103820801,267.35000610352
01-MAY-2026,5.6962957526101,20234,M87,0.53456127643585,215103,AP-N202-F101,0.023325391113758,0.023325391113758,92.385070800781,267.35000610352
01-MAY-2026,5.7051846415748,20234,M87,0.53272461891174,215103,AP-N201-F101,0.024088159203529,0.024088159203529,97.936103820801,267.35000610352
01-MAY-2026,5.7051846415748,20234,M87,0.53272461891174,215103,AP-N202-F101,0.023325391113758,0.023325391113758,92.385070800781,267.35000610352
01-MAY-2026,5.7711568624637,20239,J1337-1257,0.99475783109665,215103,AP-N201-F101,0.020904790610075,0.020904790610075,90.607078552246,267.35000610352
01-MAY-2026,5.7711568624637,20239,J1337-1257,0.99475783109665,215103,AP-N202-F101,0.01954654045403,0.01954654045403,85.34716796875,267.35000610352
01-MAY-2026,5.7947679750368,20243,J1337-1257,0.98916763067245,215103,AP-N201-F101,0.020904790610075,0.020904790610075,90.607078552246,267.35000610352
01-MAY-2026,5.7947679750368,20243,J1337-1257,0.98916763067245,215103,AP-N202-F101,0.01954654045403,0.01954654045403,85.34716796875,267.35000610352
01-MAY-2026,5.8037957524851,20243,J1337-1257,0.98702883720398,215103,AP-N201-F101,0.020904790610075,0.020904790610075,90.607078552246,267.35000610352
01-MAY-2026,5.8037957524851,20243,J1337-1257,0.98702883720398,215103,AP-N202-F101,0.01954654045403,0.01954654045403,85.34716796875,267.35000610352
