29-SEP-2026,10.058447579141,59090,3C84,0.26368814706802,91500,AP-N901-F303,0.036907508969307,0.036907508969307,126.82898712158,267.45001220703
29-SEP-2026,10.058447579141,59090,3C84,0.26368814706802,91500,AP-N902-F303,0.03976096585393,0.03976096585393,123.67865753174,267.45001220703
29-SEP-2026,10.243727195583,59095,3C111,0.40302231907845,91500,AP-N901-F303,0.024232022464275,0.024232022464275,106.57791900635,267.25
29-SEP-2026,10.243727195583,59095,3C111,0.40302231907845,91500,AP-N902-F303,0.030139243230224,0.030139243230224,103.39459991455,267.25
29-SEP-2026,10.30845006151,59097,3C111,0.39641430974007,91500,AP-N901-F303,0.024232022464275,0.024232022464275,106.57791900635,267.25
29-SEP-2026,10.30845006151,59097,3C111,0.39641430974007,91500,AP-N902-F303,0.030139243230224,0.030139243230224,103.39459991455,267.25
29-SEP-2026,10.494007458062,59102,3C111,0.37657749652863,91500,AP-N901-F303,0.034090828150511,0.034090828150511,109.92626190186,267.25
29-SEP-2026,10.494007458062,59102,3C111,0.37657749652863,91500,AP-N902-F303,0.038092453032732,0.038092453032732,106.74381256104,267.25
29-SEP-2026,10.557896984532,59104,3C111,0.36939582228661,91500,AP-N901-F303,0.034090828150511,0.034090828150511,109.92626190186,267.25
29-SEP-2026,10.557896984532,59104,3C111,0.36939582228661,91500,AP-N902-F303,0.038092453032732,0.038092453032732,106.74381256104,267.25
29-SEP-2026,10.744287724208,59109,3C111,0.34761035442352,91500,AP-N901-F303,0.042315624654293,0.042315624654293,112.24622344971,267.14999389648
29-SEP-2026,10.744287724208,59109,3C111,0.34761035442352,91500,AP-N902-F303,0.043232925236225,0.043232925236225,109.08171844482,267.14999389648
29-SEP-2026,10.808455028867,59111,3C111,0.3397813141346,91500,AP-N901-F303,0.042315624654293,0.042315624654293,112.24622344971,267.14999389648
29-SEP-2026,10.808455028867,59111,3C111,0.3397813141346,91500,AP-N902-F303,0.043232925236225,0.043232925236225,109.08171844482,267.14999389648
29-SEP-2026,10.994290206926,59116,3C111,0.31633779406548,91500,AP-N901-F303,0.027624959126115,0.027624959126115,117.14270019531,267.04998779297
29-SEP-2026,10.994290206926,59116,3C111,0.31633779406548,91500,AP-N902-F303,0.032127041369677,0.032127041369677,113.91895294189,267.04998779297
29-SEP-2026,11.058179730427,59118,3C111,0.30797564983368,91500,AP-N901-F303,0.027624959126115,0.027624959126115,117.14270019531,267.04998779297
29-SEP-2026,11.058179730427,59118,3C111,0.30797564983368,91500,AP-N902-F303,0.032127041369677,0.032127041369677,113.91895294189,267.04998779297
29-SEP-2026,11.494314162088,59136,3C111,0.2474809139967,91500,AP-N901-F303,0.039007410407066,0.039007410407066,132.95697021484,268.14999389648
29-SEP-2026,11.494314162088,59136,3C111,0.2474809139967,91500,AP-N902-F303,0.041188698261976,0.041188698261976,129.64253234863,268.14999389648
29-SEP-2026,11.558203680176,59138,3C111,0.23811508715153,91500,AP-N901-F303,0.039007410407066,0.039007410407066,132.95697021484,268.14999389648
29-SEP-2026,11.558203680176,59138,3C111,0.23811508715153,91500,AP-N902-F303,0.041188698261976,0.041188698261976,129.64253234863,268.14999389648
29-SEP-2026,11.654037966824,59143,3C111,0.22388441860676,91500,AP-N901-F303,0.034622609615326,0.034622609615326,139.0231628418,268.45001220703
29-SEP-2026,11.654037966824,59143,3C111,0.22388441860676,91500,AP-N902-F303,0.037445116788149,0.037445116788149,135.47184753418,268.45001220703
29-SEP-2026,11.808206164116,59145,3C111,0.20042680203915,91500,AP-N901-F303,0.034622609615326,0.034622609615326,139.0231628418,268.45001220703
29-SEP-2026,11.808206164116,59145,3C111,0.20042680203915,91500,AP-N902-F303,0.037445116788149,0.037445116788149,135.47184753418,268.45001220703
29-SEP-2026,6.7415079754554,58985,3C84,0.43372943997383,91500,AP-N901-F303,0.046210639178753,0.046210639178753,113.19037628174,266.25
29-SEP-2026,6.7415079754554,58985,3C84,0.43372943997383,91500,AP-N902-F303,0.050316888839006,0.050316888839006,110.45082092285,266.25
29-SEP-2026,6.9810451307352,58995,3C84,0.43970319628716,91500,AP-N901-F303,0.043662741780281,0.043662741780281,110.60119628906,266.64999389648
29-SEP-2026,6.9810451307352,58995,3C84,0.43970319628716,91500,AP-N902-F303,0.04757559671998,0.04757559671998,107.82095336914,266.64999389648
29-SEP-2026,7.0577125480399,58997,3C84,0.44096061587334,91500,AP-N901-F303,0.043662741780281,0.043662741780281,110.60119628906,266.64999389648
29-SEP-2026,7.0577125480399,58997,3C84,0.44096061587334,91500,AP-N902-F303,0.04757559671998,0.04757559671998,107.82095336914,266.64999389648
29-SEP-2026,7.2446588465402,59002,3C111,0.47242823243141,91500,AP-N901-F303,0.04975563660264,0.04975563660264,106.15755462646,266.75
29-SEP-2026,7.2446588465402,59002,3C111,0.47242823243141,91500,AP-N902-F303,0.050727773457766,0.050727773457766,103.09158325195,266.75
29-SEP-2026,7.3079928010895,59004,3C111,0.47603914141655,91500,AP-N901-F303,0.04975563660264,0.04975563660264,106.15755462646,266.75
29-SEP-2026,7.3079928010895,59004,3C111,0.47603914141655,91500,AP-N902-F303,0.050727773457766,0.050727773457766,103.09158325195,266.75
29-SEP-2026,7.4941057540202,59009,3C111,0.48552492260933,91500,AP-N901-F303,0.038485374301672,0.038485374301672,103.66590881348,266.95001220703
29-SEP-2026,7.4941057540202,59009,3C111,0.48552492260933,91500,AP-N902-F303,0.042884040623903,0.042884040623903,100.48849487305,266.95001220703
29-SEP-2026,7.5577174883305,59011,3C111,0.4883040189743,91500,AP-N901-F303,0.038485374301672,0.038485374301672,103.66590881348,266.95001220703
29-SEP-2026,7.5577174883305,59011,3C111,0.4883040189743,91500,AP-N902-F303,0.042884040623903,0.042884040623903,100.48849487305,266.95001220703
29-SEP-2026,7.7441082197999,59016,3C111,0.49527913331985,91500,AP-N901-F303,0.036408249288797,0.036408249288797,101.50563049316,267.14999389648
29-SEP-2026,7.7441082197999,59016,3C111,0.49527913331985,91500,AP-N902-F303,0.040905762463808,0.040905762463808,98.451309204102,267.14999389648
29-SEP-2026,7.8077199576027,59018,3C111,0.49718248844147,91500,AP-N901-F303,0.036408249288797,0.036408249288797,101.50563049316,267.14999389648
29-SEP-2026,7.8077199576027,59018,3C111,0.49718248844147,91500,AP-N902-F303,0.040905762463808,0.040905762463808,98.451309204102,267.14999389648
29-SEP-2026,7.9943430373467,59025,NRAO150,0.27847644686699,91500,AP-N901-F303,0.031033385545015,0.031033385545015,127.18673706055,268.04998779297
29-SEP-2026,7.9943430373467,59025,NRAO150,0.27847644686699,91500,AP-N902-F303,0.034819677472115,0.034819677472115,124.06912231445,268.04998779297
29-SEP-2026,8.0576769908483,59027,NRAO150,0.2783944606781,91500,AP-N901-F303,0.031033385545015,0.031033385545015,127.18673706055,268.04998779297
29-SEP-2026,8.0576769908483,59027,NRAO150,0.2783944606781,91500,AP-N902-F303,0.034819677472115,0.034819677472115,124.06912231445,268.04998779297
29-SEP-2026,8.2440677320966,59032,3C111,0.50431603193283,91500,AP-N901-F303,0.025353947654366,0.025353947654366,99.852630615234,268.54998779297
29-SEP-2026,8.2440677320966,59032,3C111,0.50431603193283,91500,AP-N902-F303,0.031709846109152,0.031709846109152,96.933670043945,268.54998779297
29-SEP-2026,8.3076794678039,59034,3C111,0.50442057847977,91500,AP-N901-F303,0.025353947654366,0.025353947654366,99.852630615234,268.54998779297
29-SEP-2026,8.3076794678039,59034,3C111,0.50442057847977,91500,AP-N902-F303,0.031709846109152,0.031709846109152,96.933670043945,268.54998779297
29-SEP-2026,8.4940701987494,59039,3C111,0.50350999832153,91500,AP-N901-F303,0.03667252138257,0.03667252138257,100.08647155762,268.35000610352
29-SEP-2026,8.4940701987494,59039,3C111,0.50350999832153,91500,AP-N902-F303,0.040512267500162,0.040512267500162,97.083076477051,268.35000610352
29-SEP-2026,8.5579597208534,59041,3C111,0.5027043223381,91500,AP-N901-F303,0.03667252138257,0.03667252138257,100.08647155762,268.35000610352
29-SEP-2026,8.5579597208534,59041,3C111,0.5027043223381,91500,AP-N902-F303,0.040512267500162,0.040512267500162,97.083076477051,268.35000610352
29-SEP-2026,8.7443504481319,59046,3C111,0.49914464354515,91500,AP-N901-F303,0.03503530472517,0.03503530472517,99.60326385498,268.35000610352
29-SEP-2026,8.7443504481319,59046,3C111,0.49914464354515,91500,AP-N902-F303,0.039794109761715,0.039794109761715,96.741157531738,268.35000610352
29-SEP-2026,8.8076844093169,59048,3C111,0.49745219945908,91500,AP-N901-F303,0.03503530472517,0.03503530472517,99.60326385498,268.35000610352
29-SEP-2026,8.8076844093169,59048,3C111,0.49745219945908,91500,AP-N902-F303,0.039794109761715,0.039794109761715,96.741157531738,268.35000610352
29-SEP-2026,8.9945986066998,59055,3C84,0.37333926558495,91500,AP-N901-F303,0.038896728307009,0.038896728307009,115.5465927124,267.95001220703
29-SEP-2026,8.9945986066998,59055,3C84,0.37333926558495,91500,AP-N902-F303,0.043060265481472,0.043060265481472,112.29541015625,267.95001220703
29-SEP-2026,9.0575158917822,59057,3C84,0.36809203028679,91500,AP-N901-F303,0.038896728307009,0.038896728307009,115.5465927124,267.95001220703
29-SEP-2026,9.0575158917822,59057,3C84,0.36809203028679,91500,AP-N902-F303,0.043060265481472,0.043060265481472,112.29541015625,267.95001220703
29-SEP-2026,9.2439066276172,59064,3C111,0.47999745607376,91500,AP-N901-F303,0.031651478260756,0.031651478260756,100.07324981689,268.04998779297
29-SEP-2026,9.2439066276172,59064,3C111,0.47999745607376,91500,AP-N902-F303,0.036325588822365,0.036325588822365,97.095626831055,268.04998779297
29-SEP-2026,9.3077961460541,59066,3C111,0.47654655575752,91500,AP-N901-F303,0.031651478260756,0.031651478260756,100.07324981689,268.04998779297
29-SEP-2026,9.3077961460541,59066,3C111,0.47654655575752,91500,AP-N902-F303,0.036325588822365,0.036325588822365,97.095626831055,268.04998779297
29-SEP-2026,9.4942753300006,59074,3C111,0.46535581350327,91500,AP-N901-F303,0.026752395555377,0.026752395555377,100.50556182861,267.85000610352
29-SEP-2026,9.4942753300006,59074,3C111,0.46535581350327,91500,AP-N902-F303,0.032481588423252,0.032481588423252,97.641304016113,267.85000610352
29-SEP-2026,9.5578870719944,59076,3C111,0.46109479665756,91500,AP-N901-F303,0.026752395555377,0.026752395555377,100.50556182861,267.85000610352
29-SEP-2026,9.5578870719944,59076,3C111,0.46109479665756,91500,AP-N902-F303,0.032481588423252,0.032481588423252,97.641304016113,267.85000610352
29-SEP-2026,9.7442778001459,59081,3C111,0.44754210114479,91500,AP-N901-F303,0.040433794260025,0.040433794260025,102.83688354492,267.75
29-SEP-2026,9.7442778001459,59081,3C111,0.44754210114479,91500,AP-N902-F303,0.043158836662769,0.043158836662769,100.06705474854,267.75
29-SEP-2026,9.807611766395,59083,3C111,0.44251671433449,91500,AP-N901-F303,0.040433794260025,0.040433794260025,102.83688354492,267.75
29-SEP-2026,9.807611766395,59083,3C111,0.44251671433449,91500,AP-N902-F303,0.043158836662769,0.043158836662769,100.06705474854,267.75
29-SEP-2026,9.9938636034437,59088,3C84,0.27154931426048,91500,AP-N901-F303,0.036907508969307,0.036907508969307,126.82898712158,267.45001220703
29-SEP-2026,9.9938636034437,59088,3C84,0.27154931426048,91500,AP-N902-F303,0.03976096585393,0.03976096585393,123.67865753174,267.45001220703
