27-SEP-2026,23.994196030961,58483,APLIB,0.47846052050591,88500,AP-N901-F303,0.021315261721611,0.021315261721611,93.042892456055,271.35000610352
27-SEP-2026,23.994196030961,58483,APLIB,0.47846052050591,88500,AP-N902-F303,0.027137208729982,0.027137208729982,92.93985748291,271.35000610352
28-SEP-2026,10.243981351125,58719,3C111,0.40948167443275,90800,AP-N901-F303,0.022592408582568,0.022592408582568,99.251007080078,269.75
28-SEP-2026,10.243981351125,58719,3C111,0.40948167443275,90800,AP-N902-F303,0.027257028967142,0.027257028967142,96.900856018066,269.75
28-SEP-2026,10.30842643764,58721,3C111,0.4030833542347,90800,AP-N901-F303,0.022592408582568,0.022592408582568,99.251007080078,269.75
28-SEP-2026,10.30842643764,58721,3C111,0.4030833542347,90800,AP-N902-F303,0.027257028967142,0.027257028967142,96.900856018066,269.75
28-SEP-2026,10.4939838651,58726,3C111,0.38375443220139,90800,AP-N901-F303,0.031289491802454,0.031289491802454,101.6370010376,270.64999389648
28-SEP-2026,10.4939838651,58726,3C111,0.38375443220139,90800,AP-N902-F303,0.034510437399149,0.034510437399149,99.267097473145,270.64999389648
28-SEP-2026,10.744819733726,58735,3C111,0.3553646504879,90800,AP-N901-F303,0.036827500909567,0.036827500909567,104.63339996338,270.45001220703
28-SEP-2026,10.744819733726,58735,3C111,0.3553646504879,90800,AP-N902-F303,0.037899199873209,0.037899199873209,102.04459381104,270.45001220703
28-SEP-2026,10.808431480784,58737,3C111,0.34775787591934,90800,AP-N901-F303,0.036827500909567,0.036827500909567,104.63339996338,270.45001220703
28-SEP-2026,10.808431480784,58737,3C111,0.34775787591934,90800,AP-N902-F303,0.037899199873209,0.037899199873209,102.04459381104,270.45001220703
28-SEP-2026,11.244269206695,58749,3C111,0.29186990857124,90800,AP-N901-F303,0.038444235920906,0.038444235920906,115.42178344727,270.75
28-SEP-2026,11.244269206695,58749,3C111,0.29186990857124,90800,AP-N902-F303,0.039389483630657,0.039389483630657,112.7953338623,270.75
28-SEP-2026,11.308158748881,58751,3C111,0.28311750292778,90800,AP-N901-F303,0.038444235920906,0.038444235920906,115.42178344727,270.75
28-SEP-2026,11.308158748881,58751,3C111,0.28311750292778,90800,AP-N902-F303,0.039389483630657,0.039389483630657,112.7953338623,270.75
28-SEP-2026,11.493993958023,58756,3C111,0.25699326395988,90800,AP-N901-F303,0.028886517509818,0.028886517509818,121.82530212402,270.35000610352
28-SEP-2026,11.493993958023,58756,3C111,0.25699326395988,90800,AP-N902-F303,0.032130632549524,0.032130632549524,119.04169464111,270.35000610352
28-SEP-2026,11.558439055714,58758,3C111,0.24766930937767,90800,AP-N901-F303,0.028886517509818,0.028886517509818,121.82530212402,270.35000610352
28-SEP-2026,11.558439055714,58758,3C111,0.24766930937767,90800,AP-N902-F303,0.032130632549524,0.032130632549524,119.04169464111,270.35000610352
28-SEP-2026,11.653440010239,58763,3C111,0.23374009132385,90800,AP-N901-F303,0.028415409848094,0.028415409848094,126.87831878662,271.35000610352
28-SEP-2026,11.653440010239,58763,3C111,0.23374009132385,90800,AP-N902-F303,0.031519759446383,0.031519759446383,124.16798400879,271.35000610352
28-SEP-2026,11.807886017851,58765,3C111,0.21051698923111,90800,AP-N901-F303,0.028415409848094,0.028415409848094,126.87831878662,271.35000610352
28-SEP-2026,11.807886017851,58765,3C111,0.21051698923111,90800,AP-N902-F303,0.031519759446383,0.031519759446383,124.16798400879,271.35000610352
28-SEP-2026,5.2313023079289,58575,3C111,0.25257858633995,90800,AP-N901-F303,0.026282869279385,0.026282869279385,124.77285766602,272.64999389648
28-SEP-2026,5.2313023079289,58575,3C111,0.25257858633995,90800,AP-N902-F303,0.029581550508738,0.029581550508738,121.25714874268,272.64999389648
28-SEP-2026,5.3076919625857,58577,3C111,0.26350766420364,90800,AP-N901-F303,0.026282869279385,0.026282869279385,124.77285766602,272.64999389648
28-SEP-2026,5.3076919625857,58577,3C111,0.26350766420364,90800,AP-N902-F303,0.029581550508738,0.029581550508738,121.25714874268,272.64999389648
28-SEP-2026,5.4940827277573,58582,3C111,0.28947430849075,90800,AP-N901-F303,0.031405344605446,0.031405344605446,114.46633148193,271.45001220703
28-SEP-2026,5.4940827277573,58582,3C111,0.28947430849075,90800,AP-N902-F303,0.034057285636663,0.034057285636663,111.4455871582,271.45001220703
28-SEP-2026,5.5576944891342,58584,3C111,0.29806113243103,90800,AP-N901-F303,0.031405344605446,0.031405344605446,114.46633148193,271.45001220703
28-SEP-2026,5.5576944891342,58584,3C111,0.29806113243103,90800,AP-N902-F303,0.034057285636663,0.034057285636663,111.4455871582,271.45001220703
28-SEP-2026,5.7440852530835,58589,3C111,0.32250654697418,90800,AP-N901-F303,0.031727626919746,0.031727626919746,108.2456741333,271.04998779297
28-SEP-2026,5.7440852530835,58589,3C111,0.32250654697418,90800,AP-N902-F303,0.034279674291611,0.034279674291611,105.5032119751,271.04998779297
28-SEP-2026,5.8079747977139,58591,3C111,0.33058497309685,90800,AP-N901-F303,0.031727626919746,0.031727626919746,108.2456741333,271.04998779297
28-SEP-2026,5.8079747977139,58591,3C111,0.33058497309685,90800,AP-N902-F303,0.034279674291611,0.034279674291611,105.5032119751,271.04998779297
28-SEP-2026,5.9938100007441,58596,3C84,0.39201113581657,90800,AP-N901-F303,0.020273171365261,0.020273171365261,99.640533447266,270.54998779297
28-SEP-2026,5.9938100007441,58596,3C84,0.39201113581657,90800,AP-N902-F303,0.025447849184275,0.025447849184275,97.166717529297,270.54998779297
28-SEP-2026,6.0575606520015,58598,3C84,0.39640539884567,90800,AP-N901-F303,0.020273171365261,0.020273171365261,99.640533447266,270.54998779297
28-SEP-2026,6.0575606520015,58598,3C84,0.39640539884567,90800,AP-N902-F303,0.025447849184275,0.025447849184275,97.166717529297,270.54998779297
28-SEP-2026,6.2446458819425,58603,3C111,0.38187330961227,90800,AP-N901-F303,0.023816561326385,0.023816561326385,100.80298614502,270.95001220703
28-SEP-2026,6.2446458819425,58603,3C111,0.38187330961227,90800,AP-N902-F303,0.028189063072205,0.028189063072205,98.332122802734,270.95001220703
28-SEP-2026,6.3079798529064,58605,3C111,0.38866478204727,90800,AP-N901-F303,0.023816561326385,0.023816561326385,100.80298614502,270.95001220703
28-SEP-2026,6.3079798529064,58605,3C111,0.38866478204727,90800,AP-N902-F303,0.028189063072205,0.028189063072205,98.332122802734,270.95001220703
28-SEP-2026,6.4940928463496,58610,3C111,0.40772920846939,90800,AP-N901-F303,0.025095613673329,0.025095613673329,98.561012268066,270.35000610352
28-SEP-2026,6.4940928463496,58610,3C111,0.40772920846939,90800,AP-N902-F303,0.029518265277147,0.029518265277147,96.159111022949,270.35000610352
28-SEP-2026,6.557704597773,58612,3C111,0.41387283802032,90800,AP-N901-F303,0.025095613673329,0.025095613673329,98.561012268066,270.35000610352
28-SEP-2026,6.557704597773,58612,3C111,0.41387283802032,90800,AP-N902-F303,0.029518265277147,0.029518265277147,96.159111022949,270.35000610352
28-SEP-2026,6.7443731514368,58617,3C111,0.4309401512146,90800,AP-N901-F303,0.024571159854531,0.024571159854531,96.484504699707,270.35000610352
28-SEP-2026,6.7443731514368,58617,3C111,0.4309401512146,90800,AP-N902-F303,0.028845854103565,0.028845854103565,94.175605773926,270.35000610352
28-SEP-2026,6.8077071213529,58619,3C111,0.43633514642715,90800,AP-N901-F303,0.024571159854531,0.024571159854531,96.484504699707,270.35000610352
28-SEP-2026,6.8077071213529,58619,3C111,0.43633514642715,90800,AP-N902-F303,0.028845854103565,0.028845854103565,94.175605773926,270.35000610352
28-SEP-2026,6.9948654091837,58626,NRAO150,0.25481849908829,90800,AP-N901-F303,0.03005706332624,0.03005706332624,119.3685836792,270.14999389648
28-SEP-2026,6.9948654091837,58626,NRAO150,0.25481849908829,90800,AP-N902-F303,0.032503109425306,0.032503109425306,116.44664001465,270.14999389648
28-SEP-2026,7.0576438220225,58628,NRAO150,0.25746202468872,90800,AP-N901-F303,0.03005706332624,0.03005706332624,119.3685836792,270.14999389648
28-SEP-2026,7.0576438220225,58628,NRAO150,0.25746202468872,90800,AP-N902-F303,0.032503109425306,0.032503109425306,116.44664001465,270.14999389648
28-SEP-2026,7.2443123776071,58633,3C111,0.46842393279076,90800,AP-N901-F303,0.037340328097343,0.037340328097343,94.483505249023,269.64999389648
28-SEP-2026,7.2443123776071,58633,3C111,0.46842393279076,90800,AP-N902-F303,0.038168933242559,0.038168933242559,92.393775939941,269.64999389648
28-SEP-2026,7.3076463445547,58635,3C111,0.47225257754326,90800,AP-N901-F303,0.037340328097343,0.037340328097343,94.483505249023,269.64999389648
28-SEP-2026,7.3076463445547,58635,3C111,0.47225257754326,90800,AP-N902-F303,0.038168933242559,0.038168933242559,92.393775939941,269.64999389648
28-SEP-2026,7.4943149038064,58640,3C111,0.4824166893959,90800,AP-N901-F303,0.033579975366592,0.033579975366592,93.936828613281,269.95001220703
28-SEP-2026,7.4943149038064,58640,3C111,0.4824166893959,90800,AP-N902-F303,0.036093953996897,0.036093953996897,91.740653991699,269.95001220703
28-SEP-2026,7.5576488719763,58642,3C111,0.48540744185448,90800,AP-N901-F303,0.033579975366592,0.033579975366592,93.936828613281,269.95001220703
28-SEP-2026,7.5576488719763,58642,3C111,0.48540744185448,90800,AP-N902-F303,0.036093953996897,0.036093953996897,91.740653991699,269.95001220703
28-SEP-2026,7.7445952071474,58647,3C111,0.49307271838188,90800,AP-N901-F303,0.025671506300569,0.025671506300569,93.305465698242,269.54998779297
28-SEP-2026,7.7445952071474,58647,3C111,0.49307271838188,90800,AP-N902-F303,0.030338173732162,0.030338173732162,91.168731689453,269.54998779297
28-SEP-2026,7.8079291770635,58649,3C111,0.49519696831703,90800,AP-N901-F303,0.025671506300569,0.025671506300569,93.305465698242,269.54998779297
28-SEP-2026,7.8079291770635,58649,3C111,0.49519696831703,90800,AP-N902-F303,0.030338173732162,0.030338173732162,91.168731689453,269.54998779297
28-SEP-2026,7.99431994922,58656,3C84,0.43397146463394,90800,AP-N901-F303,0.029465958476067,0.029465958476067,97.731567382812,269.75
28-SEP-2026,7.99431994922,58656,3C84,0.43397146463394,90800,AP-N902-F303,0.03350967168808,0.03350967168808,95.290435791016,269.75
28-SEP-2026,8.0579316980241,58658,3C84,0.43188914656639,90800,AP-N901-F303,0.029465958476067,0.029465958476067,97.731567382812,269.75
28-SEP-2026,8.0579316980241,58658,3C84,0.43188914656639,90800,AP-N902-F303,0.03350967168808,0.03350967168808,95.290435791016,269.75
28-SEP-2026,8.2448780356399,58663,3C111,0.5039449930191,90800,AP-N901-F303,0.021194914355874,0.021194914355874,92.777313232422,270.04998779297
28-SEP-2026,8.2448780356399,58663,3C111,0.5039449930191,90800,AP-N902-F303,0.026472419500351,0.026472419500351,90.417358398437,270.04998779297
28-SEP-2026,8.3083508922933,58665,3C111,0.50428307056427,90800,AP-N901-F303,0.021194914355874,0.021194914355874,92.777313232422,270.04998779297
28-SEP-2026,8.3083508922933,58665,3C111,0.50428307056427,90800,AP-N902-F303,0.026472419500351,0.026472419500351,90.417358398437,270.04998779297
28-SEP-2026,8.4939083111969,58670,3C111,0.50406694412231,90800,AP-N901-F303,0.037413965910673,0.037413965910673,93.306816101074,269.95001220703
28-SEP-2026,8.4939083111969,58670,3C111,0.50406694412231,90800,AP-N902-F303,0.039011251181364,0.039011251181364,91.119194030762,269.95001220703
28-SEP-2026,8.5576589600096,58672,3C111,0.50350141525269,90800,AP-N901-F303,0.037413965910673,0.037413965910673,93.306816101074,269.95001220703
28-SEP-2026,8.5576589600096,58672,3C111,0.50350141525269,90800,AP-N902-F303,0.039011251181364,0.039011251181364,91.119194030762,269.95001220703
28-SEP-2026,8.7440497274513,58677,3C111,0.50063610076904,90800,AP-N901-F303,0.028874929994345,0.028874929994345,93.475776672363,270.04998779297
28-SEP-2026,8.7440497274513,58677,3C111,0.50063610076904,90800,AP-N902-F303,0.033100008964539,0.033100008964539,91.173065185547,270.04998779297
28-SEP-2026,8.807939258985,58679,3C111,0.4991640150547,90800,AP-N901-F303,0.028874929994345,0.028874929994345,93.475776672363,270.04998779297
28-SEP-2026,8.807939258985,58679,3C111,0.4991640150547,90800,AP-N902-F303,0.033100008964539,0.033100008964539,91.173065185547,270.04998779297
28-SEP-2026,8.9946078084578,58684,NRAO150,0.26080736517906,90800,AP-N901-F303,0.03729697689414,0.03729697689414,119.87342834473,271.04998779297
28-SEP-2026,8.9946078084578,58684,NRAO150,0.26080736517906,90800,AP-N902-F303,0.038157127797604,0.038157127797604,116.98928070068,271.04998779297
28-SEP-2026,9.0576639991368,58686,NRAO150,0.25832104682922,90800,AP-N901-F303,0.03729697689414,0.03729697689414,119.87342834473,271.04998779297
28-SEP-2026,9.0576639991368,58686,NRAO150,0.25832104682922,90800,AP-N902-F303,0.038157127797604,0.038157127797604,116.98928070068,271.04998779297
28-SEP-2026,9.2446103306408,58691,3C111,0.48324969410896,90800,AP-N901-F303,0.035998031497002,0.035998031497002,94.50634765625,270.85000610352
28-SEP-2026,9.2446103306408,58691,3C111,0.48324969410896,90800,AP-N902-F303,0.038134802132845,0.038134802132845,92.131278991699,270.85000610352
28-SEP-2026,9.3076665180019,58693,3C111,0.48006224632263,90800,AP-N901-F303,0.035998031497002,0.035998031497002,94.50634765625,270.85000610352
28-SEP-2026,9.3076665180019,58693,3C111,0.48006224632263,90800,AP-N902-F303,0.038134802132845,0.038134802132845,92.131278991699,270.85000610352
28-SEP-2026,9.4940572910316,58698,3C111,0.46951586008072,90800,AP-N901-F303,0.030527014285326,0.030527014285326,95.19352722168,270.95001220703
28-SEP-2026,9.4940572910316,58698,3C111,0.46951586008072,90800,AP-N902-F303,0.034191284328699,0.034191284328699,92.897445678711,270.95001220703
28-SEP-2026,9.5576690440266,58700,3C111,0.4654683470726,90800,AP-N901-F303,0.030527014285326,0.030527014285326,95.19352722168,270.95001220703
28-SEP-2026,9.5576690440266,58700,3C111,0.4654683470726,90800,AP-N902-F303,0.034191284328699,0.034191284328699,92.897445678711,270.95001220703
28-SEP-2026,9.7443375943725,58705,3C111,0.45250684022903,90800,AP-N901-F303,0.030301794409752,0.030301794409752,96.55265045166,270.45001220703
28-SEP-2026,9.7443375943725,58705,3C111,0.45250684022903,90800,AP-N902-F303,0.033786665648222,0.033786665648222,94.038795471191,270.45001220703
28-SEP-2026,9.8076715634155,58707,3C111,0.44768264889717,90800,AP-N901-F303,0.030301794409752,0.030301794409752,96.55265045166,270.45001220703
28-SEP-2026,9.8076715634155,58707,3C111,0.44768264889717,90800,AP-N902-F303,0.033786665648222,0.033786665648222,94.038795471191,270.45001220703
