27-SEP-2025,17.994592030098,52830,1308+326,0.58971220254898,86100,AP-N901-F303,0.033579159528017,0.033579159528017,84.650497436523,273.85000610352
27-SEP-2025,17.994592030098,52830,1308+326,0.58971220254898,86100,AP-N902-F303,0.035717628896236,0.035717628896236,82.738082885742,273.85000610352
27-SEP-2025,18.009731075794,52834,1308+326,0.58899289369583,86100,AP-N901-F303,0.033579159528017,0.033579159528017,84.650497436523,273.85000610352
27-SEP-2025,18.009731075794,52834,1308+326,0.58899289369583,86100,AP-N902-F303,0.035717628896236,0.035717628896236,82.738082885742,273.85000610352
27-SEP-2025,18.01889784615,52834,1308+326,0.58855068683624,86100,AP-N901-F303,0.033579159528017,0.033579159528017,84.650497436523,273.85000610352
27-SEP-2025,18.01889784615,52834,1308+326,0.58855068683624,86100,AP-N902-F303,0.035717628896236,0.035717628896236,82.738082885742,273.85000610352
27-SEP-2025,18.027786833952,52834,1308+326,0.58811694383621,86100,AP-N901-F303,0.033579159528017,0.033579159528017,84.650497436523,273.85000610352
27-SEP-2025,18.027786833952,52834,1308+326,0.58811694383621,86100,AP-N902-F303,0.035717628896236,0.035717628896236,82.738082885742,273.85000610352
27-SEP-2025,18.03695360099,52834,1308+326,0.58766442537308,86100,AP-N901-F303,0.033579159528017,0.033579159528017,84.650497436523,273.85000610352
27-SEP-2025,18.03695360099,52834,1308+326,0.58766442537308,86100,AP-N902-F303,0.035717628896236,0.035717628896236,82.738082885742,273.85000610352
27-SEP-2025,18.045981480069,52834,1308+326,0.58721375465393,86100,AP-N901-F303,0.033579159528017,0.033579159528017,84.650497436523,273.85000610352
27-SEP-2025,18.045981480069,52834,1308+326,0.58721375465393,86100,AP-N902-F303,0.035717628896236,0.035717628896236,82.738082885742,273.85000610352
27-SEP-2025,18.055287136464,52834,1308+326,0.5867440700531,86100,AP-N901-F303,0.033579159528017,0.033579159528017,84.650497436523,273.85000610352
27-SEP-2025,18.055287136464,52834,1308+326,0.5867440700531,86100,AP-N902-F303,0.035717628896236,0.035717628896236,82.738082885742,273.85000610352
27-SEP-2025,18.1373713789,52839,1308+326,0.58237141370773,86100,AP-N901-F303,0.032535407692194,0.032535407692194,84.518058776855,274.25
27-SEP-2025,18.1373713789,52839,1308+326,0.58237141370773,86100,AP-N902-F303,0.034819461405277,0.034819461405277,82.876358032227,274.25
27-SEP-2025,20.011378488858,52889,1308+326,0.38576889038086,86100,AP-N901-F303,0,0,0,0
27-SEP-2025,20.011378488858,52889,1308+326,0.38576889038086,86100,AP-N902-F303,0,0,0,0
27-SEP-2025,20.020267473691,52889,1308+326,0.38447147607803,86100,AP-N901-F303,0,0,0,0
27-SEP-2025,20.020267473691,52889,1308+326,0.38447147607803,86100,AP-N902-F303,0,0,0,0
27-SEP-2025,20.029295354341,52889,1308+326,0.38315102458,86100,AP-N901-F303,0,0,0,0
27-SEP-2025,20.029295354341,52889,1308+326,0.38315102458,86100,AP-N902-F303,0,0,0,0
27-SEP-2025,20.038323229404,52889,1308+326,0.38182777166367,86100,AP-N901-F303,0,0,0,0
27-SEP-2025,20.038323229404,52889,1308+326,0.38182777166367,86100,AP-N902-F303,0,0,0,0
27-SEP-2025,20.04721221738,52889,1308+326,0.38052204251289,86100,AP-N901-F303,0,0,0,0
27-SEP-2025,20.04721221738,52889,1308+326,0.38052204251289,86100,AP-N902-F303,0,0,0,0
27-SEP-2025,22.982143385275,52954,2013+370,0.46792015433311,94100,AP-N901-F303,0.03181117400527,0.03181117400527,88.872116088867,270.04998779297
27-SEP-2025,22.982143385275,52954,2013+370,0.46792015433311,94100,AP-N902-F303,0.0339280590415,0.0339280590415,89.444198608398,270.04998779297
27-SEP-2025,23.00978257697,52958,2013+370,0.46995285153389,94100,AP-N901-F303,0.03181117400527,0.03181117400527,88.872116088867,270.04998779297
27-SEP-2025,23.00978257697,52958,2013+370,0.46995285153389,94100,AP-N902-F303,0.0339280590415,0.0339280590415,89.444198608398,270.04998779297
27-SEP-2025,23.018671560231,52958,2013+370,0.47059834003448,94100,AP-N901-F303,0.03181117400527,0.03181117400527,88.872116088867,270.04998779297
27-SEP-2025,23.018671560231,52958,2013+370,0.47059834003448,94100,AP-N902-F303,0.0339280590415,0.0339280590415,89.444198608398,270.04998779297
27-SEP-2025,23.027560549255,52958,2013+370,0.47123989462852,94100,AP-N901-F303,0.03181117400527,0.03181117400527,88.872116088867,270.04998779297
27-SEP-2025,23.027560549255,52958,2013+370,0.47123989462852,94100,AP-N902-F303,0.0339280590415,0.0339280590415,89.444198608398,270.04998779297
27-SEP-2025,23.03644953496,52958,2013+370,0.47187739610672,94100,AP-N901-F303,0.03181117400527,0.03181117400527,88.872116088867,270.04998779297
27-SEP-2025,23.03644953496,52958,2013+370,0.47187739610672,94100,AP-N902-F303,0.0339280590415,0.0339280590415,89.444198608398,270.04998779297
27-SEP-2025,23.045338521016,52958,2013+370,0.47251087427139,94100,AP-N901-F303,0.03181117400527,0.03181117400527,88.872116088867,270.04998779297
27-SEP-2025,23.045338521016,52958,2013+370,0.47251087427139,94100,AP-N902-F303,0.0339280590415,0.0339280590415,89.444198608398,270.04998779297
27-SEP-2025,23.054227507944,52958,2013+370,0.47314032912254,94100,AP-N901-F303,0.03181117400527,0.03181117400527,88.872116088867,270.04998779297
27-SEP-2025,23.054227507944,52958,2013+370,0.47314032912254,94100,AP-N902-F303,0.0339280590415,0.0339280590415,89.444198608398,270.04998779297
27-SEP-2025,23.06311649592,52958,2013+370,0.47376576066017,94100,AP-N901-F303,0.03181117400527,0.03181117400527,88.872116088867,270.04998779297
27-SEP-2025,23.06311649592,52958,2013+370,0.47376576066017,94100,AP-N902-F303,0.0339280590415,0.0339280590415,89.444198608398,270.04998779297
27-SEP-2025,23.244646260036,52963,BLLAC,0.23530732095242,94100,AP-N901-F303,0.030538938939571,0.030538938939571,112.30403137207,269.35000610352
27-SEP-2025,23.244646260036,52963,BLLAC,0.23530732095242,94100,AP-N902-F303,0.031561102718115,0.031561102718115,113.46533966064,269.35000610352
27-SEP-2025,23.259507542211,52967,BLLAC,0.23716507852077,94100,AP-N901-F303,0.030538938939571,0.030538938939571,112.30403137207,269.35000610352
27-SEP-2025,23.259507542211,52967,BLLAC,0.23716507852077,94100,AP-N902-F303,0.031561102718115,0.031561102718115,113.46533966064,269.35000610352
27-SEP-2025,23.268396528266,52967,BLLAC,0.23827293515205,94100,AP-N901-F303,0.030538938939571,0.030538938939571,112.30403137207,269.35000610352
27-SEP-2025,23.268396528266,52967,BLLAC,0.23827293515205,94100,AP-N902-F303,0.031561102718115,0.031561102718115,113.46533966064,269.35000610352
27-SEP-2025,23.277563294082,52967,BLLAC,0.23941272497177,94100,AP-N901-F303,0.030538938939571,0.030538938939571,112.30403137207,269.35000610352
27-SEP-2025,23.277563294082,52967,BLLAC,0.23941272497177,94100,AP-N902-F303,0.031561102718115,0.031561102718115,113.46533966064,269.35000610352
27-SEP-2025,23.28673006112,52967,BLLAC,0.24054990708828,94100,AP-N901-F303,0.030538938939571,0.030538938939571,112.30403137207,269.35000610352
27-SEP-2025,23.28673006112,52967,BLLAC,0.24054990708828,94100,AP-N902-F303,0.031561102718115,0.031561102718115,113.46533966064,269.35000610352
27-SEP-2025,23.295896831477,52967,BLLAC,0.24168440699577,94100,AP-N901-F303,0.030538938939571,0.030538938939571,112.30403137207,269.35000610352
27-SEP-2025,23.295896831477,52967,BLLAC,0.24168440699577,94100,AP-N902-F303,0.031561102718115,0.031561102718115,113.46533966064,269.35000610352
27-SEP-2025,23.30478581823,52967,BLLAC,0.24278195202351,94100,AP-N901-F303,0.030538938939571,0.030538938939571,112.30403137207,269.35000610352
27-SEP-2025,23.30478581823,52967,BLLAC,0.24278195202351,94100,AP-N902-F303,0.031561102718115,0.031561102718115,113.46533966064,269.35000610352
27-SEP-2025,23.313674803238,52967,BLLAC,0.24387696385384,94100,AP-N901-F303,0.030538938939571,0.030538938939571,112.30403137207,269.35000610352
27-SEP-2025,23.313674803238,52967,BLLAC,0.24387696385384,94100,AP-N902-F303,0.031561102718115,0.031561102718115,113.46533966064,269.35000610352
27-SEP-2025,23.493815676407,52972,BLLAC,0.26551273465157,94100,AP-N901-F303,0.029434142634273,0.029434142634273,104.79498291016,268.75
27-SEP-2025,23.493815676407,52972,BLLAC,0.26551273465157,94100,AP-N902-F303,0.030648654326797,0.030648654326797,105.45195007324,268.75
27-SEP-2025,23.509510294547,52976,BLLAC,0.26734629273415,94100,AP-N901-F303,0.029434142634273,0.029434142634273,104.79498291016,268.75
27-SEP-2025,23.509510294547,52976,BLLAC,0.26734629273415,94100,AP-N902-F303,0.030648654326797,0.030648654326797,105.45195007324,268.75
27-SEP-2025,23.518399279903,52976,BLLAC,0.26838117837906,94100,AP-N901-F303,0.029434142634273,0.029434142634273,104.79498291016,268.75
27-SEP-2025,23.518399279903,52976,BLLAC,0.26838117837906,94100,AP-N902-F303,0.030648654326797,0.030648654326797,105.45195007324,268.75
27-SEP-2025,23.527566051133,52976,BLLAC,0.26944559812546,94100,AP-N901-F303,0.029434142634273,0.029434142634273,104.79498291016,268.75
27-SEP-2025,23.527566051133,52976,BLLAC,0.26944559812546,94100,AP-N902-F303,0.030648654326797,0.030648654326797,105.45195007324,268.75
27-SEP-2025,23.536455037712,52976,BLLAC,0.27047502994537,94100,AP-N901-F303,0.029434142634273,0.029434142634273,104.79498291016,268.75
27-SEP-2025,23.536455037712,52976,BLLAC,0.27047502994537,94100,AP-N902-F303,0.030648654326797,0.030648654326797,105.45195007324,268.75
27-SEP-2025,23.545344024815,52976,BLLAC,0.27150174975395,94100,AP-N901-F303,0.029434142634273,0.029434142634273,104.79498291016,268.75
27-SEP-2025,23.545344024815,52976,BLLAC,0.27150174975395,94100,AP-N902-F303,0.030648654326797,0.030648654326797,105.45195007324,268.75
27-SEP-2025,23.554788570217,52976,BLLAC,0.27258965373039,94100,AP-N901-F303,0.029434142634273,0.029434142634273,104.79498291016,268.75
27-SEP-2025,23.554788570217,52976,BLLAC,0.27258965373039,94100,AP-N902-F303,0.030648654326797,0.030648654326797,105.45195007324,268.75
27-SEP-2025,23.563955338478,52976,BLLAC,0.27364265918732,94100,AP-N901-F303,0.029434142634273,0.029434142634273,104.79498291016,268.75
27-SEP-2025,23.563955338478,52976,BLLAC,0.27364265918732,94100,AP-N902-F303,0.030648654326797,0.030648654326797,105.45195007324,268.75
27-SEP-2025,23.744651778503,52981,BLLAC,0.29379764199257,94100,AP-N901-F303,0.030303297564387,0.030303297564387,101.26299285889,269.54998779297
27-SEP-2025,23.744651778503,52981,BLLAC,0.29379764199257,94100,AP-N902-F303,0.03109934553504,0.03109934553504,102.24098968506,269.54998779297
27-SEP-2025,23.759513045486,52985,BLLAC,0.29540321230888,94100,AP-N901-F303,0.030303297564387,0.030303297564387,101.26299285889,269.54998779297
27-SEP-2025,23.759513045486,52985,BLLAC,0.29540321230888,94100,AP-N902-F303,0.03109934553504,0.03109934553504,102.24098968506,269.54998779297
27-SEP-2025,23.76867981462,52985,BLLAC,0.29638969898224,94100,AP-N901-F303,0.030303297564387,0.030303297564387,101.26299285889,269.54998779297
27-SEP-2025,23.76867981462,52985,BLLAC,0.29638969898224,94100,AP-N902-F303,0.03109934553504,0.03109934553504,102.24098968506,269.54998779297
27-SEP-2025,23.777846583055,52985,BLLAC,0.29737302660942,94100,AP-N901-F303,0.030303297564387,0.030303297564387,101.26299285889,269.54998779297
27-SEP-2025,23.777846583055,52985,BLLAC,0.29737302660942,94100,AP-N902-F303,0.03109934553504,0.03109934553504,102.24098968506,269.54998779297
27-SEP-2025,23.786735570158,52985,BLLAC,0.29832357168198,94100,AP-N901-F303,0.030303297564387,0.030303297564387,101.26299285889,269.54998779297
27-SEP-2025,23.786735570158,52985,BLLAC,0.29832357168198,94100,AP-N902-F303,0.03109934553504,0.03109934553504,102.24098968506,269.54998779297
27-SEP-2025,23.7959023358,52985,BLLAC,0.29930093884468,94100,AP-N901-F303,0.030303297564387,0.030303297564387,101.26299285889,269.54998779297
27-SEP-2025,23.7959023358,52985,BLLAC,0.29930093884468,94100,AP-N902-F303,0.03109934553504,0.03109934553504,102.24098968506,269.54998779297
27-SEP-2025,23.804930216799,52985,BLLAC,0.30026039481163,94100,AP-N901-F303,0.030303297564387,0.030303297564387,101.26299285889,269.54998779297
27-SEP-2025,23.804930216799,52985,BLLAC,0.30026039481163,94100,AP-N902-F303,0.03109934553504,0.03109934553504,102.24098968506,269.54998779297
27-SEP-2025,23.813958094656,52985,BLLAC,0.30121678113937,94100,AP-N901-F303,0.030303297564387,0.030303297564387,101.26299285889,269.54998779297
27-SEP-2025,23.813958094656,52985,BLLAC,0.30121678113937,94100,AP-N902-F303,0.03109934553504,0.03109934553504,102.24098968506,269.54998779297
27-SEP-2025,23.994567058695,52992,BLLAC,0.31970897316933,94100,AP-N901-F303,0.030796267092228,0.030796267092228,99.091827392578,269.14999389648
27-SEP-2025,23.994567058695,52992,BLLAC,0.31970897316933,94100,AP-N902-F303,0.031986854970455,0.031986854970455,99.657577514648,269.14999389648
28-SEP-2025,0.010817455902153,52996,BLLAC,0.32131177186966,94100,AP-N901-F303,0.030796267092228,0.030796267092228,99.091827392578,269.14999389648
28-SEP-2025,0.010817455902153,52996,BLLAC,0.32131177186966,94100,AP-N902-F303,0.031986854970455,0.031986854970455,99.657577514648,269.14999389648
28-SEP-2025,0.01984533533024,52996,BLLAC,0.3221977353096,94100,AP-N901-F303,0.030796267092228,0.030796267092228,99.091827392578,269.14999389648
28-SEP-2025,0.01984533533024,52996,BLLAC,0.3221977353096,94100,AP-N902-F303,0.031986854970455,0.031986854970455,99.657577514648,269.14999389648
28-SEP-2025,0.02915099417011,52996,BLLAC,0.32310768961906,94100,AP-N901-F303,0.030796267092228,0.030796267092228,99.091827392578,269.14999389648
28-SEP-2025,0.02915099417011,52996,BLLAC,0.32310768961906,94100,AP-N902-F303,0.031986854970455,0.031986854970455,99.657577514648,269.14999389648
28-SEP-2025,0.038039981971454,52996,BLLAC,0.32397374510765,94100,AP-N901-F303,0.030796267092228,0.030796267092228,99.091827392578,269.14999389648
28-SEP-2025,0.038039981971454,52996,BLLAC,0.32397374510765,94100,AP-N902-F303,0.031986854970455,0.031986854970455,99.657577514648,269.14999389648
28-SEP-2025,0.046928967153453,52996,BLLAC,0.32483667135239,94100,AP-N901-F303,0.030796267092228,0.030796267092228,99.091827392578,269.14999389648
28-SEP-2025,0.046928967153453,52996,BLLAC,0.32483667135239,94100,AP-N902-F303,0.031986854970455,0.031986854970455,99.657577514648,269.14999389648
28-SEP-2025,0.056095736985923,52996,BLLAC,0.32572332024574,94100,AP-N901-F303,0.030796267092228,0.030796267092228,99.091827392578,269.14999389648
28-SEP-2025,0.056095736985923,52996,BLLAC,0.32572332024574,94100,AP-N902-F303,0.031986854970455,0.031986854970455,99.657577514648,269.14999389648
28-SEP-2025,0.064984724263398,52996,BLLAC,0.32657995820045,94100,AP-N901-F303,0.030796267092228,0.030796267092228,99.091827392578,269.14999389648
28-SEP-2025,0.064984724263398,52996,BLLAC,0.32657995820045,94100,AP-N902-F303,0.031986854970455,0.031986854970455,99.657577514648,269.14999389648
28-SEP-2025,0.24373669251545,53001,BLLAC,0.34313672780991,94100,AP-N901-F303,0.031095879152417,0.031095879152417,97.009666442871,269.14999389648
28-SEP-2025,0.24373669251545,53001,BLLAC,0.34313672780991,94100,AP-N902-F303,0.032523851841688,0.032523851841688,97.850524902344,269.14999389648
28-SEP-2025,0.25998687105058,53005,BLLAC,0.344577729702,94100,AP-N901-F303,0.031095879152417,0.031095879152417,97.009666442871,269.14999389648
28-SEP-2025,0.25998687105058,53005,BLLAC,0.344577729702,94100,AP-N902-F303,0.032523851841688,0.032523851841688,97.850524902344,269.14999389648
28-SEP-2025,0.2688758564072,53005,BLLAC,0.34536129236221,94100,AP-N901-F303,0.031095879152417,0.031095879152417,97.009666442871,269.14999389648
28-SEP-2025,0.2688758564072,53005,BLLAC,0.34536129236221,94100,AP-N902-F303,0.032523851841688,0.032523851841688,97.850524902344,269.14999389648
28-SEP-2025,0.27804262449344,53005,BLLAC,0.34616595506668,94100,AP-N901-F303,0.031095879152417,0.031095879152417,97.009666442871,269.14999389648
28-SEP-2025,0.27804262449344,53005,BLLAC,0.34616595506668,94100,AP-N902-F303,0.032523851841688,0.032523851841688,97.850524902344,269.14999389648
28-SEP-2025,0.28720939554827,53005,BLLAC,0.34696707129478,94100,AP-N901-F303,0.031095879152417,0.031095879152417,97.009666442871,269.14999389648
28-SEP-2025,0.28720939554827,53005,BLLAC,0.34696707129478,94100,AP-N902-F303,0.032523851841688,0.032523851841688,97.850524902344,269.14999389648
28-SEP-2025,0.29637616223753,53005,BLLAC,0.34776476025581,94100,AP-N901-F303,0.031095879152417,0.031095879152417,97.009666442871,269.14999389648
28-SEP-2025,0.29637616223753,53005,BLLAC,0.34776476025581,94100,AP-N902-F303,0.032523851841688,0.032523851841688,97.850524902344,269.14999389648
28-SEP-2025,0.30526514724491,53005,BLLAC,0.3485349714756,94100,AP-N901-F303,0.031095879152417,0.031095879152417,97.009666442871,269.14999389648
28-SEP-2025,0.30526514724491,53005,BLLAC,0.3485349714756,94100,AP-N902-F303,0.032523851841688,0.032523851841688,97.850524902344,269.14999389648
28-SEP-2025,0.31415413522087,53005,BLLAC,0.34930184483528,94100,AP-N901-F303,0.031095879152417,0.031095879152417,97.009666442871,269.14999389648
28-SEP-2025,0.31415413522087,53005,BLLAC,0.34930184483528,94100,AP-N902-F303,0.032523851841688,0.032523851841688,97.850524902344,269.14999389648
28-SEP-2025,0.49429501153308,53010,2013+370,0.51799768209457,94100,AP-N901-F303,0.034098654985428,0.034098654985428,88.236167907715,269.35000610352
28-SEP-2025,0.49429501153308,53010,2013+370,0.51799768209457,94100,AP-N902-F303,0.036709409207106,0.036709409207106,88.827674865723,269.35000610352
28-SEP-2025,0.50998962652983,53014,2013+370,0.51783353090286,94100,AP-N901-F303,0.034098654985428,0.034098654985428,88.236167907715,269.35000610352
28-SEP-2025,0.50998962652983,53014,2013+370,0.51783353090286,94100,AP-N902-F303,0.036709409207106,0.036709409207106,88.827674865723,269.35000610352
28-SEP-2025,0.51887861433117,53014,2013+370,0.51773422956467,94100,AP-N901-F303,0.034098654985428,0.034098654985428,88.236167907715,269.35000610352
28-SEP-2025,0.51887861433117,53014,2013+370,0.51773422956467,94100,AP-N902-F303,0.036709409207106,0.036709409207106,88.827674865723,269.35000610352
28-SEP-2025,0.52804538049656,53014,2013+370,0.51762712001801,94100,AP-N901-F303,0.034098654985428,0.034098654985428,88.236167907715,269.35000610352
28-SEP-2025,0.52804538049656,53014,2013+370,0.51762712001801,94100,AP-N902-F303,0.036709409207106,0.036709409207106,88.827674865723,269.35000610352
28-SEP-2025,0.5372121463127,53014,2013+370,0.51751506328583,94100,AP-N901-F303,0.034098654985428,0.034098654985428,88.236167907715,269.35000610352
28-SEP-2025,0.5372121463127,53014,2013+370,0.51751506328583,94100,AP-N902-F303,0.036709409207106,0.036709409207106,88.827674865723,269.35000610352
28-SEP-2025,0.54610113498716,53014,2013+370,0.51740181446075,94100,AP-N901-F303,0.034098654985428,0.034098654985428,88.236167907715,269.35000610352
28-SEP-2025,0.54610113498716,53014,2013+370,0.51740181446075,94100,AP-N902-F303,0.036709409207106,0.036709409207106,88.827674865723,269.35000610352
28-SEP-2025,0.55526790359727,53014,2013+370,0.51728022098541,94100,AP-N901-F303,0.034098654985428,0.034098654985428,88.236167907715,269.35000610352
28-SEP-2025,0.55526790359727,53014,2013+370,0.51728022098541,94100,AP-N902-F303,0.036709409207106,0.036709409207106,88.827674865723,269.35000610352
28-SEP-2025,0.56429578075526,53014,2013+370,0.51715564727783,94100,AP-N901-F303,0.034098654985428,0.034098654985428,88.236167907715,269.35000610352
28-SEP-2025,0.56429578075526,53014,2013+370,0.51715564727783,94100,AP-N902-F303,0.036709409207106,0.036709409207106,88.827674865723,269.35000610352
28-SEP-2025,0.74374219317119,53019,BLLAC,0.38231456279755,94100,AP-N901-F303,0.031630083918571,0.031630083918571,93.970741271973,268.04998779297
28-SEP-2025,0.74374219317119,53019,BLLAC,0.38231456279755,94100,AP-N902-F303,0.033138301223516,0.033138301223516,94.765655517578,268.04998779297
28-SEP-2025,0.75985348601676,53023,BLLAC,0.38339373469353,94100,AP-N901-F303,0.031630083918571,0.031630083918571,93.970741271973,268.04998779297
28-SEP-2025,0.75985348601676,53023,BLLAC,0.38339373469353,94100,AP-N902-F303,0.033138301223516,0.033138301223516,94.765655517578,268.04998779297
28-SEP-2025,0.76888136212701,53023,BLLAC,0.38399323821068,94100,AP-N901-F303,0.031630083918571,0.031630083918571,93.970741271973,268.04998779297
28-SEP-2025,0.76888136212701,53023,BLLAC,0.38399323821068,94100,AP-N902-F303,0.033138301223516,0.033138301223516,94.765655517578,268.04998779297
28-SEP-2025,0.7777703480075,53023,BLLAC,0.38457980751991,94100,AP-N901-F303,0.031630083918571,0.031630083918571,93.970741271973,268.04998779297
28-SEP-2025,0.7777703480075,53023,BLLAC,0.38457980751991,94100,AP-N902-F303,0.033138301223516,0.033138301223516,94.765655517578,268.04998779297
28-SEP-2025,0.78665933685658,53023,BLLAC,0.38516277074814,94100,AP-N901-F303,0.031630083918571,0.031630083918571,93.970741271973,268.04998779297
28-SEP-2025,0.78665933685658,53023,BLLAC,0.38516277074814,94100,AP-N902-F303,0.033138301223516,0.033138301223516,94.765655517578,268.04998779297
28-SEP-2025,0.79554832395944,53023,BLLAC,0.3857421875,94100,AP-N901-F303,0.031630083918571,0.031630083918571,93.970741271973,268.04998779297
28-SEP-2025,0.79554832395944,53023,BLLAC,0.3857421875,94100,AP-N902-F303,0.033138301223516,0.033138301223516,94.765655517578,268.04998779297
28-SEP-2025,0.80443730914143,53023,BLLAC,0.38631790876389,94100,AP-N901-F303,0.031630083918571,0.031630083918571,93.970741271973,268.04998779297
28-SEP-2025,0.80443730914143,53023,BLLAC,0.38631790876389,94100,AP-N902-F303,0.033138301223516,0.033138301223516,94.765655517578,268.04998779297
28-SEP-2025,0.81332629572042,53023,BLLAC,0.38689002394676,94100,AP-N901-F303,0.031630083918571,0.031630083918571,93.970741271973,268.04998779297
28-SEP-2025,0.81332629572042,53023,BLLAC,0.38689002394676,94100,AP-N902-F303,0.033138301223516,0.033138301223516,94.765655517578,268.04998779297
28-SEP-2025,0.99430051882449,53028,BLLAC,0.39773991703987,94100,AP-N901-F303,0.031215835362673,0.031215835362673,92.846672058105,270.14999389648
28-SEP-2025,0.99430051882449,53028,BLLAC,0.39773991703987,94100,AP-N902-F303,0.032856661826372,0.032856661826372,93.749794006348,270.14999389648
28-SEP-2025,1.0097173472499,53032,BLLAC,0.39859309792519,94100,AP-N901-F303,0.031215835362673,0.031215835362673,92.846672058105,270.14999389648
28-SEP-2025,1.0097173472499,53032,BLLAC,0.39859309792519,94100,AP-N902-F303,0.032856661826372,0.032856661826372,93.749794006348,270.14999389648
28-SEP-2025,1.0186063352259,53032,BLLAC,0.39907988905907,94100,AP-N901-F303,0.031215835362673,0.031215835362673,92.846672058105,270.14999389648
28-SEP-2025,1.0186063352259,53032,BLLAC,0.39907988905907,94100,AP-N902-F303,0.032856661826372,0.032856661826372,93.749794006348,270.14999389648
28-SEP-2025,1.0277731043599,53032,BLLAC,0.39957797527313,94100,AP-N901-F303,0.031215835362673,0.031215835362673,92.846672058105,270.14999389648
28-SEP-2025,1.0277731043599,53032,BLLAC,0.39957797527313,94100,AP-N902-F303,0.032856661826372,0.032856661826372,93.749794006348,270.14999389648
28-SEP-2025,1.0366620874464,53032,BLLAC,0.40005713701248,94100,AP-N901-F303,0.031215835362673,0.031215835362673,92.846672058105,270.14999389648
28-SEP-2025,1.0366620874464,53032,BLLAC,0.40005713701248,94100,AP-N902-F303,0.032856661826372,0.032856661826372,93.749794006348,270.14999389648
28-SEP-2025,1.0458288585012,53032,BLLAC,0.40054732561111,94100,AP-N901-F303,0.031215835362673,0.031215835362673,92.846672058105,270.14999389648
28-SEP-2025,1.0458288585012,53032,BLLAC,0.40054732561111,94100,AP-N902-F303,0.032856661826372,0.032856661826372,93.749794006348,270.14999389648
28-SEP-2025,1.0547178456041,53032,BLLAC,0.40101891756058,94100,AP-N901-F303,0.031215835362673,0.031215835362673,92.846672058105,270.14999389648
28-SEP-2025,1.0547178456041,53032,BLLAC,0.40101891756058,94100,AP-N902-F303,0.032856661826372,0.032856661826372,93.749794006348,270.14999389648
28-SEP-2025,1.0638846135157,53032,BLLAC,0.40150120854378,94100,AP-N901-F303,0.031215835362673,0.031215835362673,92.846672058105,270.14999389648
28-SEP-2025,1.0638846135157,53032,BLLAC,0.40150120854378,94100,AP-N902-F303,0.032856661826372,0.032856661826372,93.749794006348,270.14999389648
28-SEP-2025,1.2440254894786,53037,BLLAC,0.41015762090683,94100,AP-N901-F303,0.031653478741646,0.031653478741646,91.981101989746,270.54998779297
28-SEP-2025,1.2440254894786,53037,BLLAC,0.41015762090683,94100,AP-N902-F303,0.032933063805103,0.032933063805103,92.676628112793,270.54998779297
28-SEP-2025,1.2597201013322,53041,BLLAC,0.41083699464798,94100,AP-N901-F303,0.031653478741646,0.031653478741646,91.981101989746,270.54998779297
28-SEP-2025,1.2597201013322,53041,BLLAC,0.41083699464798,94100,AP-N902-F303,0.032933063805103,0.032933063805103,92.676628112793,270.54998779297
28-SEP-2025,1.2688868690692,53041,BLLAC,0.41122826933861,94100,AP-N901-F303,0.031653478741646,0.031653478741646,91.981101989746,270.54998779297
28-SEP-2025,1.2688868690692,53041,BLLAC,0.41122826933861,94100,AP-N902-F303,0.032933063805103,0.032933063805103,92.676628112793,270.54998779297
28-SEP-2025,1.2777758566959,53041,BLLAC,0.41160374879837,94100,AP-N901-F303,0.031653478741646,0.031653478741646,91.981101989746,270.54998779297
28-SEP-2025,1.2777758566959,53041,BLLAC,0.41160374879837,94100,AP-N902-F303,0.032933063805103,0.032933063805103,92.676628112793,270.54998779297
28-SEP-2025,1.2869426209404,53041,BLLAC,0.41198691725731,94100,AP-N901-F303,0.031653478741646,0.031653478741646,91.981101989746,270.54998779297
28-SEP-2025,1.2869426209404,53041,BLLAC,0.41198691725731,94100,AP-N902-F303,0.032933063805103,0.032933063805103,92.676628112793,270.54998779297
28-SEP-2025,1.2958316089164,53041,BLLAC,0.41235446929932,94100,AP-N901-F303,0.031653478741646,0.031653478741646,91.981101989746,270.54998779297
28-SEP-2025,1.2958316089164,53041,BLLAC,0.41235446929932,94100,AP-N902-F303,0.032933063805103,0.032933063805103,92.676628112793,270.54998779297
28-SEP-2025,1.3049983759549,53041,BLLAC,0.41272947192192,94100,AP-N901-F303,0.031653478741646,0.031653478741646,91.981101989746,270.54998779297
28-SEP-2025,1.3049983759549,53041,BLLAC,0.41272947192192,94100,AP-N902-F303,0.032933063805103,0.032933063805103,92.676628112793,270.54998779297
28-SEP-2025,1.314026251192,53041,BLLAC,0.4130947291851,94100,AP-N901-F303,0.031653478741646,0.031653478741646,91.981101989746,270.54998779297
28-SEP-2025,1.314026251192,53041,BLLAC,0.4130947291851,94100,AP-N902-F303,0.032933063805103,0.032933063805103,92.676628112793,270.54998779297
28-SEP-2025,1.494028236576,53046,BLLAC,0.41953366994858,94100,AP-N901-F303,0.031428996473551,0.031428996473551,91.421951293945,270.54998779297
28-SEP-2025,1.494028236576,53046,BLLAC,0.41953366994858,94100,AP-N902-F303,0.032762356102467,0.032762356102467,91.958892822266,270.54998779297
28-SEP-2025,1.510000630286,53050,BLLAC,0.42002671957016,94100,AP-N901-F303,0.031428996473551,0.031428996473551,91.421951293945,270.54998779297
28-SEP-2025,1.510000630286,53050,BLLAC,0.42002671957016,94100,AP-N902-F303,0.032762356102467,0.032762356102467,91.958892822266,270.54998779297
28-SEP-2025,1.5188896152934,53050,BLLAC,0.42029565572739,94100,AP-N901-F303,0.031428996473551,0.031428996473551,91.421951293945,270.54998779297
28-SEP-2025,1.5188896152934,53050,BLLAC,0.42029565572739,94100,AP-N902-F303,0.032762356102467,0.032762356102467,91.958892822266,270.54998779297
28-SEP-2025,1.5277786023963,53050,BLLAC,0.42056056857109,94100,AP-N901-F303,0.031428996473551,0.031428996473551,91.421951293945,270.54998779297
28-SEP-2025,1.5277786023963,53050,BLLAC,0.42056056857109,94100,AP-N902-F303,0.032762356102467,0.032762356102467,91.958892822266,270.54998779297
28-SEP-2025,1.5369453682124,53050,BLLAC,0.42082965373993,94100,AP-N901-F303,0.031428996473551,0.031428996473551,91.421951293945,270.54998779297
28-SEP-2025,1.5369453682124,53050,BLLAC,0.42082965373993,94100,AP-N902-F303,0.032762356102467,0.032762356102467,91.958892822266,270.54998779297
28-SEP-2025,1.5458343572361,53050,BLLAC,0.42108651995659,94100,AP-N901-F303,0.031428996473551,0.031428996473551,91.421951293945,270.54998779297
28-SEP-2025,1.5458343572361,53050,BLLAC,0.42108651995659,94100,AP-N902-F303,0.032762356102467,0.032762356102467,91.958892822266,270.54998779297
28-SEP-2025,1.5550011211314,53050,BLLAC,0.42134720087051,94100,AP-N901-F303,0.031428996473551,0.031428996473551,91.421951293945,270.54998779297
28-SEP-2025,1.5550011211314,53050,BLLAC,0.42134720087051,94100,AP-N902-F303,0.032762356102467,0.032762356102467,91.958892822266,270.54998779297
28-SEP-2025,1.5647234490889,53050,BLLAC,0.42161908745766,94100,AP-N901-F303,0.031428996473551,0.031428996473551,91.421951293945,270.54998779297
28-SEP-2025,1.5647234490889,53050,BLLAC,0.42161908745766,94100,AP-N902-F303,0.032762356102467,0.032762356102467,91.958892822266,270.54998779297
28-SEP-2025,1.7445865398776,53055,BLLAC,0.42578527331352,94100,AP-N901-F303,0.031309857964516,0.031309857964516,90.422904968262,270.54998779297
28-SEP-2025,1.7445865398776,53055,BLLAC,0.42578527331352,94100,AP-N902-F303,0.032596651464701,0.032596651464701,91.330360412598,270.54998779297
28-SEP-2025,1.7597255976223,53059,BLLAC,0.42606067657471,94100,AP-N901-F303,0.031309857964516,0.031309857964516,90.422904968262,270.54998779297
28-SEP-2025,1.7597255976223,53059,BLLAC,0.42606067657471,94100,AP-N902-F303,0.032596651464701,0.032596651464701,91.330360412598,270.54998779297
28-SEP-2025,1.768614581582,53059,BLLAC,0.42621698975563,94100,AP-N901-F303,0.031309857964516,0.031309857964516,90.422904968262,270.54998779297
28-SEP-2025,1.768614581582,53059,BLLAC,0.42621698975563,94100,AP-N902-F303,0.032596651464701,0.032596651464701,91.330360412598,270.54998779297
28-SEP-2025,1.7775035718281,53059,BLLAC,0.42636927962303,94100,AP-N901-F303,0.031309857964516,0.031309857964516,90.422904968262,270.54998779297
28-SEP-2025,1.7775035718281,53059,BLLAC,0.42636927962303,94100,AP-N902-F303,0.032596651464701,0.032596651464701,91.330360412598,270.54998779297
28-SEP-2025,1.7866703364218,53059,BLLAC,0.42652213573456,94100,AP-N901-F303,0.031309857964516,0.031309857964516,90.422904968262,270.54998779297
28-SEP-2025,1.7866703364218,53059,BLLAC,0.42652213573456,94100,AP-N902-F303,0.032596651464701,0.032596651464701,91.330360412598,270.54998779297
28-SEP-2025,1.7958371032857,53059,BLLAC,0.42667061090469,94100,AP-N901-F303,0.031309857964516,0.031309857964516,90.422904968262,270.54998779297
28-SEP-2025,1.7958371032857,53059,BLLAC,0.42667061090469,94100,AP-N902-F303,0.032596651464701,0.032596651464701,91.330360412598,270.54998779297
28-SEP-2025,1.8047260902139,53059,BLLAC,0.42681059241295,94100,AP-N901-F303,0.031309857964516,0.031309857964516,90.422904968262,270.54998779297
28-SEP-2025,1.8047260902139,53059,BLLAC,0.42681059241295,94100,AP-N902-F303,0.032596651464701,0.032596651464701,91.330360412598,270.54998779297
28-SEP-2025,1.8136150773168,53059,BLLAC,0.42694640159607,94100,AP-N901-F303,0.031309857964516,0.031309857964516,90.422904968262,270.54998779297
28-SEP-2025,1.8136150773168,53059,BLLAC,0.42694640159607,94100,AP-N902-F303,0.032596651464701,0.032596651464701,91.330360412598,270.54998779297
28-SEP-2025,1.9942514985503,53066,3C454.3,0.84138530492783,94100,AP-N901-F303,0.038646068423986,0.038646068423986,80.93106842041,270.64999389648
28-SEP-2025,1.9942514985503,53066,3C454.3,0.84138530492783,94100,AP-N902-F303,0.042869348078966,0.042869348078966,81.681907653809,270.64999389648
28-SEP-2025,2.0102238941812,53070,3C454.3,0.8427717089653,94100,AP-N901-F303,0.038646068423986,0.038646068423986,80.93106842041,270.64999389648
28-SEP-2025,2.0102238941812,53070,3C454.3,0.8427717089653,94100,AP-N902-F303,0.042869348078966,0.042869348078966,81.681907653809,270.64999389648
28-SEP-2025,2.0191128821571,53070,3C454.3,0.84353446960449,94100,AP-N901-F303,0.038646068423986,0.038646068423986,80.93106842041,270.64999389648
28-SEP-2025,2.0191128821571,53070,3C454.3,0.84353446960449,94100,AP-N902-F303,0.042869348078966,0.042869348078966,81.681907653809,270.64999389648
28-SEP-2025,2.0280018683869,53070,3C454.3,0.84429079294205,94100,AP-N901-F303,0.038646068423986,0.038646068423986,80.93106842041,270.64999389648
28-SEP-2025,2.0280018683869,53070,3C454.3,0.84429079294205,94100,AP-N902-F303,0.042869348078966,0.042869348078966,81.681907653809,270.64999389648
28-SEP-2025,2.0368908540927,53070,3C454.3,0.8450408577919,94100,AP-N901-F303,0.038646068423986,0.038646068423986,80.93106842041,270.64999389648
28-SEP-2025,2.0368908540927,53070,3C454.3,0.8450408577919,94100,AP-N902-F303,0.042869348078966,0.042869348078966,81.681907653809,270.64999389648
28-SEP-2025,2.0460576211312,53070,3C454.3,0.84580755233765,94100,AP-N901-F303,0.038646068423986,0.038646068423986,80.93106842041,270.64999389648
28-SEP-2025,2.0460576211312,53070,3C454.3,0.84580755233765,94100,AP-N902-F303,0.042869348078966,0.042869348078966,81.681907653809,270.64999389648
28-SEP-2025,2.0549466063132,53070,3C454.3,0.84654456377029,94100,AP-N901-F303,0.038646068423986,0.038646068423986,80.93106842041,270.64999389648
28-SEP-2025,2.0549466063132,53070,3C454.3,0.84654456377029,94100,AP-N902-F303,0.042869348078966,0.042869348078966,81.681907653809,270.64999389648
28-SEP-2025,2.0638355928922,53070,3C454.3,0.84727501869202,94100,AP-N901-F303,0.038646068423986,0.038646068423986,80.93106842041,270.64999389648
28-SEP-2025,2.0638355928922,53070,3C454.3,0.84727501869202,94100,AP-N902-F303,0.042869348078966,0.042869348078966,81.681907653809,270.64999389648
28-SEP-2025,2.244288601846,53077,2013+370,0.4165350496769,94100,AP-N901-F303,0.029159789904952,0.029159789904952,89.72819519043,270.45001220703
28-SEP-2025,2.244288601846,53077,2013+370,0.4165350496769,94100,AP-N902-F303,0.031221309676766,0.031221309676766,90.446334838867,270.45001220703
28-SEP-2025,2.2597054414473,53081,2013+370,0.41496261954308,94100,AP-N901-F303,0.029159789904952,0.029159789904952,89.72819519043,270.45001220703
28-SEP-2025,2.2597054414473,53081,2013+370,0.41496261954308,94100,AP-N902-F303,0.031221309676766,0.031221309676766,90.446334838867,270.45001220703
28-SEP-2025,2.2685944280263,53081,2013+370,0.41405123472214,94100,AP-N901-F303,0.029159789904952,0.029159789904952,89.72819519043,270.45001220703
28-SEP-2025,2.2685944280263,53081,2013+370,0.41405123472214,94100,AP-N902-F303,0.031221309676766,0.031221309676766,90.446334838867,270.45001220703
28-SEP-2025,2.2774834133829,53081,2013+370,0.41313645243645,94100,AP-N901-F303,0.029159789904952,0.029159789904952,89.72819519043,270.45001220703
28-SEP-2025,2.2774834133829,53081,2013+370,0.41313645243645,94100,AP-N902-F303,0.031221309676766,0.031221309676766,90.446334838867,270.45001220703
28-SEP-2025,2.2863724024066,53081,2013+370,0.41221821308136,94100,AP-N901-F303,0.029159789904952,0.029159789904952,89.72819519043,270.45001220703
28-SEP-2025,2.2863724024066,53081,2013+370,0.41221821308136,94100,AP-N902-F303,0.031221309676766,0.031221309676766,90.446334838867,270.45001220703
28-SEP-2025,2.2952613870648,53081,2013+370,0.4112965464592,94100,AP-N901-F303,0.029159789904952,0.029159789904952,89.72819519043,270.45001220703
28-SEP-2025,2.2952613870648,53081,2013+370,0.4112965464592,94100,AP-N902-F303,0.031221309676766,0.031221309676766,90.446334838867,270.45001220703
28-SEP-2025,2.3041503741676,53081,2013+370,0.41037148237228,94100,AP-N901-F303,0.029159789904952,0.029159789904952,89.72819519043,270.45001220703
28-SEP-2025,2.3041503741676,53081,2013+370,0.41037148237228,94100,AP-N902-F303,0.031221309676766,0.031221309676766,90.446334838867,270.45001220703
28-SEP-2025,2.313317140333,53081,2013+370,0.40941396355629,94100,AP-N901-F303,0.029159789904952,0.029159789904952,89.72819519043,270.45001220703
28-SEP-2025,2.313317140333,53081,2013+370,0.40941396355629,94100,AP-N902-F303,0.031221309676766,0.031221309676766,90.446334838867,270.45001220703
28-SEP-2025,2.49401356796,53086,BLLAC,0.42529419064522,94100,AP-N901-F303,0.030174506828189,0.030174506828189,89.578704833984,270.35000610352
28-SEP-2025,2.49401356796,53086,BLLAC,0.42529419064522,94100,AP-N902-F303,0.031663931906223,0.031663931906223,90.431365966797,270.35000610352
28-SEP-2025,2.5094304065136,53090,BLLAC,0.42498126626015,94100,AP-N901-F303,0.030174506828189,0.030174506828189,89.578704833984,270.35000610352
28-SEP-2025,2.5094304065136,53090,BLLAC,0.42498126626015,94100,AP-N902-F303,0.031663931906223,0.031663931906223,90.431365966797,270.35000610352
28-SEP-2025,2.5183193913463,53090,BLLAC,0.42479547858238,94100,AP-N901-F303,0.030174506828189,0.030174506828189,89.578704833984,270.35000610352
28-SEP-2025,2.5183193913463,53090,BLLAC,0.42479547858238,94100,AP-N902-F303,0.031663931906223,0.031663931906223,90.431365966797,270.35000610352
28-SEP-2025,2.5272083794969,53090,BLLAC,0.42460569739342,94100,AP-N901-F303,0.030174506828189,0.030174506828189,89.578704833984,270.35000610352
28-SEP-2025,2.5272083794969,53090,BLLAC,0.42460569739342,94100,AP-N902-F303,0.031663931906223,0.031663931906223,90.431365966797,270.35000610352
28-SEP-2025,2.5360973664251,53090,BLLAC,0.42441183328629,94100,AP-N901-F303,0.030174506828189,0.030174506828189,89.578704833984,270.35000610352
28-SEP-2025,2.5360973664251,53090,BLLAC,0.42441183328629,94100,AP-N902-F303,0.031663931906223,0.031663931906223,90.431365966797,270.35000610352
28-SEP-2025,2.5452641313682,53090,BLLAC,0.42420771718025,94100,AP-N901-F303,0.030174506828189,0.030174506828189,89.578704833984,270.35000610352
28-SEP-2025,2.5452641313682,53090,BLLAC,0.42420771718025,94100,AP-N902-F303,0.031663931906223,0.031663931906223,90.431365966797,270.35000610352
28-SEP-2025,2.5541531202172,53090,BLLAC,0.42400571703911,94100,AP-N901-F303,0.030174506828189,0.030174506828189,89.578704833984,270.35000610352
28-SEP-2025,2.5541531202172,53090,BLLAC,0.42400571703911,94100,AP-N902-F303,0.031663931906223,0.031663931906223,90.431365966797,270.35000610352
28-SEP-2025,2.5630421053992,53090,BLLAC,0.42379975318909,94100,AP-N901-F303,0.030174506828189,0.030174506828189,89.578704833984,270.35000610352
28-SEP-2025,2.5630421053992,53090,BLLAC,0.42379975318909,94100,AP-N902-F303,0.031663931906223,0.031663931906223,90.431365966797,270.35000610352
28-SEP-2025,2.7445718806912,53095,BLLAC,0.4187188744545,94100,AP-N901-F303,0.030652651563287,0.030652651563287,90.352828979492,270.14999389648
28-SEP-2025,2.7445718806912,53095,BLLAC,0.4187188744545,94100,AP-N902-F303,0.032365869730711,0.032365869730711,90.558403015137,270.14999389648
28-SEP-2025,2.7597109330227,53099,BLLAC,0.4182200729847,94100,AP-N901-F303,0.030652651563287,0.030652651563287,90.352828979492,270.14999389648
28-SEP-2025,2.7597109330227,53099,BLLAC,0.4182200729847,94100,AP-N902-F303,0.032365869730711,0.032365869730711,90.558403015137,270.14999389648
28-SEP-2025,2.7688777000612,53099,BLLAC,0.4179125726223,94100,AP-N901-F303,0.030652651563287,0.030652651563287,90.352828979492,270.14999389648
28-SEP-2025,2.7688777000612,53099,BLLAC,0.4179125726223,94100,AP-N902-F303,0.032365869730711,0.032365869730711,90.558403015137,270.14999389648
28-SEP-2025,2.7780444677982,53099,BLLAC,0.41760087013245,94100,AP-N901-F303,0.030652651563287,0.030652651563287,90.352828979492,270.14999389648
28-SEP-2025,2.7780444677982,53099,BLLAC,0.41760087013245,94100,AP-N902-F303,0.032365869730711,0.032365869730711,90.558403015137,270.14999389648
28-SEP-2025,2.7869334564726,53099,BLLAC,0.41729462146759,94100,AP-N901-F303,0.030652651563287,0.030652651563287,90.352828979492,270.14999389648
28-SEP-2025,2.7869334564726,53099,BLLAC,0.41729462146759,94100,AP-N902-F303,0.032365869730711,0.032365869730711,90.558403015137,270.14999389648
28-SEP-2025,2.7958224416546,53099,BLLAC,0.41698440909386,94100,AP-N901-F303,0.030652651563287,0.030652651563287,90.352828979492,270.14999389648
28-SEP-2025,2.7958224416546,53099,BLLAC,0.41698440909386,94100,AP-N902-F303,0.032365869730711,0.032365869730711,90.558403015137,270.14999389648
28-SEP-2025,2.8047114285829,53099,BLLAC,0.41667026281357,94100,AP-N901-F303,0.030652651563287,0.030652651563287,90.352828979492,270.14999389648
28-SEP-2025,2.8047114285829,53099,BLLAC,0.41667026281357,94100,AP-N902-F303,0.032365869730711,0.032365869730711,90.558403015137,270.14999389648
28-SEP-2025,2.8138781968437,53099,BLLAC,0.4163421690464,94100,AP-N901-F303,0.030652651563287,0.030652651563287,90.352828979492,270.14999389648
28-SEP-2025,2.8138781968437,53099,BLLAC,0.4163421690464,94100,AP-N902-F303,0.032365869730711,0.032365869730711,90.558403015137,270.14999389648
28-SEP-2025,2.9940190670441,53104,BLLAC,0.40905174612999,94100,AP-N901-F303,0.030249955132604,0.030249955132604,90.535850524902,270.54998779297
28-SEP-2025,2.9940190670441,53104,BLLAC,0.40905174612999,94100,AP-N902-F303,0.031385648995638,0.031385648995638,90.94019317627,270.54998779297
28-SEP-2025,3.0099914649451,53108,BLLAC,0.40832811594009,94100,AP-N901-F303,0.030249955132604,0.030249955132604,90.535850524902,270.54998779297
28-SEP-2025,3.0099914649451,53108,BLLAC,0.40832811594009,94100,AP-N902-F303,0.031385648995638,0.031385648995638,90.94019317627,270.54998779297
28-SEP-2025,3.0188804527465,53108,BLLAC,0.40792021155357,94100,AP-N901-F303,0.030249955132604,0.030249955132604,90.535850524902,270.54998779297
28-SEP-2025,3.0188804527465,53108,BLLAC,0.40792021155357,94100,AP-N902-F303,0.031385648995638,0.031385648995638,90.94019317627,270.54998779297
28-SEP-2025,3.028047221182,53108,BLLAC,0.4074954688549,94100,AP-N901-F303,0.030249955132604,0.030249955132604,90.535850524902,270.54998779297
28-SEP-2025,3.028047221182,53108,BLLAC,0.4074954688549,94100,AP-N902-F303,0.031385648995638,0.031385648995638,90.94019317627,270.54998779297
28-SEP-2025,3.036936204967,53108,BLLAC,0.40707975625992,94100,AP-N901-F303,0.030249955132604,0.030249955132604,90.535850524902,270.54998779297
28-SEP-2025,3.036936204967,53108,BLLAC,0.40707975625992,94100,AP-N902-F303,0.031385648995638,0.031385648995638,90.94019317627,270.54998779297
28-SEP-2025,3.0458251927683,53108,BLLAC,0.40666016936302,94100,AP-N901-F303,0.030249955132604,0.030249955132604,90.535850524902,270.54998779297
28-SEP-2025,3.0458251927683,53108,BLLAC,0.40666016936302,94100,AP-N902-F303,0.031385648995638,0.031385648995638,90.94019317627,270.54998779297
28-SEP-2025,3.0547141798712,53108,BLLAC,0.40623673796654,94100,AP-N901-F303,0.030249955132604,0.030249955132604,90.535850524902,270.54998779297
28-SEP-2025,3.0547141798712,53108,BLLAC,0.40623673796654,94100,AP-N902-F303,0.031385648995638,0.031385648995638,90.94019317627,270.54998779297
28-SEP-2025,3.0636031650532,53108,BLLAC,0.40580955147743,94100,AP-N901-F303,0.030249955132604,0.030249955132604,90.535850524902,270.54998779297
28-SEP-2025,3.0636031650532,53108,BLLAC,0.40580955147743,94100,AP-N902-F303,0.031385648995638,0.031385648995638,90.94019317627,270.54998779297
28-SEP-2025,3.2442995998397,53113,BLLAC,0.39630231261253,94100,AP-N901-F303,0.029363248497248,0.029363248497248,90.682510375977,270.64999389648
28-SEP-2025,3.2442995998397,53113,BLLAC,0.39630231261253,94100,AP-N902-F303,0.030348442494869,0.030348442494869,91.346397399902,270.64999389648
28-SEP-2025,3.2599942143126,53117,BLLAC,0.39540320634842,94100,AP-N901-F303,0.029363248497248,0.029363248497248,90.682510375977,270.64999389648
28-SEP-2025,3.2599942143126,53117,BLLAC,0.39540320634842,94100,AP-N902-F303,0.030348442494869,0.030348442494869,91.346397399902,270.64999389648
28-SEP-2025,3.2688832014154,53117,BLLAC,0.39488887786865,94100,AP-N901-F303,0.029363248497248,0.029363248497248,90.682510375977,270.64999389648
28-SEP-2025,3.2688832014154,53117,BLLAC,0.39488887786865,94100,AP-N902-F303,0.030348442494869,0.030348442494869,91.346397399902,270.64999389648
28-SEP-2025,3.2780499717718,53117,BLLAC,0.39435458183289,94100,AP-N901-F303,0.029363248497248,0.029363248497248,90.682510375977,270.64999389648
28-SEP-2025,3.2780499717718,53117,BLLAC,0.39435458183289,94100,AP-N902-F303,0.030348442494869,0.030348442494869,91.346397399902,270.64999389648
28-SEP-2025,3.2872167375879,53117,BLLAC,0.39381635189056,94100,AP-N901-F303,0.029363248497248,0.029363248497248,90.682510375977,270.64999389648
28-SEP-2025,3.2872167375879,53117,BLLAC,0.39381635189056,94100,AP-N902-F303,0.030348442494869,0.030348442494869,91.346397399902,270.64999389648
28-SEP-2025,3.2961057248654,53117,BLLAC,0.39329066872597,94100,AP-N901-F303,0.029363248497248,0.029363248497248,90.682510375977,270.64999389648
28-SEP-2025,3.2961057248654,53117,BLLAC,0.39329066872597,94100,AP-N902-F303,0.030348442494869,0.030348442494869,91.346397399902,270.64999389648
28-SEP-2025,3.304994711619,53117,BLLAC,0.39276126027107,94100,AP-N901-F303,0.029363248497248,0.029363248497248,90.682510375977,270.64999389648
28-SEP-2025,3.304994711619,53117,BLLAC,0.39276126027107,94100,AP-N902-F303,0.030348442494869,0.030348442494869,91.346397399902,270.64999389648
28-SEP-2025,3.3138836994203,53117,BLLAC,0.39222818613052,94100,AP-N901-F303,0.029363248497248,0.029363248497248,90.682510375977,270.64999389648
28-SEP-2025,3.3138836994203,53117,BLLAC,0.39222818613052,94100,AP-N902-F303,0.030348442494869,0.030348442494869,91.346397399902,270.64999389648
28-SEP-2025,3.4932837735327,53124,2013+370,0.25928008556366,94100,AP-N901-F303,0.026292910799384,0.026292910799384,100.25958251953,270.75
28-SEP-2025,3.4932837735327,53124,2013+370,0.25928008556366,94100,AP-N902-F303,0.026968277990818,0.026968277990818,101.08222961426,270.75
28-SEP-2025,3.5095339552111,53128,2013+370,0.25688478350639,94100,AP-N901-F303,0.026292910799384,0.026292910799384,100.25958251953,270.75
28-SEP-2025,3.5095339552111,53128,2013+370,0.25688478350639,94100,AP-N902-F303,0.026968277990818,0.026968277990818,101.08222961426,270.75
28-SEP-2025,3.5187007259167,53128,2013+370,0.25553032755852,94100,AP-N901-F303,0.026292910799384,0.026292910799384,100.25958251953,270.75
28-SEP-2025,3.5187007259167,53128,2013+370,0.25553032755852,94100,AP-N902-F303,0.026968277990818,0.026968277990818,101.08222961426,270.75
28-SEP-2025,3.5278674920821,53128,2013+370,0.25417339801788,94100,AP-N901-F303,0.026292910799384,0.026292910799384,100.25958251953,270.75
28-SEP-2025,3.5278674920821,53128,2013+370,0.25417339801788,94100,AP-N902-F303,0.026968277990818,0.026968277990818,101.08222961426,270.75
28-SEP-2025,3.536756480058,53128,2013+370,0.25285533070564,94100,AP-N901-F303,0.026292910799384,0.026292910799384,100.25958251953,270.75
28-SEP-2025,3.536756480058,53128,2013+370,0.25285533070564,94100,AP-N902-F303,0.026968277990818,0.026968277990818,101.08222961426,270.75
28-SEP-2025,3.5459232451757,53128,2013+370,0.2514936029911,94100,AP-N901-F303,0.026292910799384,0.026292910799384,100.25958251953,270.75
28-SEP-2025,3.5459232451757,53128,2013+370,0.2514936029911,94100,AP-N902-F303,0.026968277990818,0.026968277990818,101.08222961426,270.75
28-SEP-2025,3.5548122338501,53128,2013+370,0.25017085671425,94100,AP-N901-F303,0.026292910799384,0.026292910799384,100.25958251953,270.75
28-SEP-2025,3.5548122338501,53128,2013+370,0.25017085671425,94100,AP-N902-F303,0.026968277990818,0.026968277990818,101.08222961426,270.75
28-SEP-2025,3.5637012216515,53128,2013+370,0.24884584546089,94100,AP-N901-F303,0.026292910799384,0.026292910799384,100.25958251953,270.75
28-SEP-2025,3.5637012216515,53128,2013+370,0.24884584546089,94100,AP-N902-F303,0.026968277990818,0.026968277990818,101.08222961426,270.75
28-SEP-2025,3.743842103377,53133,BLLAC,0.36214447021484,94100,AP-N901-F303,0.028238497674465,0.028238497674465,92.488548278809,270.64999389648
28-SEP-2025,3.743842103377,53133,BLLAC,0.36214447021484,94100,AP-N902-F303,0.029465166851878,0.029465166851878,92.615112304688,270.64999389648
28-SEP-2025,3.7598144944677,53137,BLLAC,0.36086890101433,94100,AP-N901-F303,0.028238497674465,0.028238497674465,92.488548278809,270.64999389648
28-SEP-2025,3.7598144944677,53137,BLLAC,0.36086890101433,94100,AP-N902-F303,0.029465166851878,0.029465166851878,92.615112304688,270.64999389648
28-SEP-2025,3.7687034796497,53137,BLLAC,0.36015436053276,94100,AP-N901-F303,0.028238497674465,0.028238497674465,92.488548278809,270.64999389648
28-SEP-2025,3.7687034796497,53137,BLLAC,0.36015436053276,94100,AP-N902-F303,0.029465166851878,0.029465166851878,92.615112304688,270.64999389648
28-SEP-2025,3.7775924676256,53137,BLLAC,0.35943642258644,94100,AP-N901-F303,0.028238497674465,0.028238497674465,92.488548278809,270.64999389648
28-SEP-2025,3.7775924676256,53137,BLLAC,0.35943642258644,94100,AP-N902-F303,0.029465166851878,0.029465166851878,92.615112304688,270.64999389648
28-SEP-2025,3.7867592346642,53137,BLLAC,0.35869252681732,94100,AP-N901-F303,0.028238497674465,0.028238497674465,92.488548278809,270.64999389648
28-SEP-2025,3.7867592346642,53137,BLLAC,0.35869252681732,94100,AP-N902-F303,0.029465166851878,0.029465166851878,92.615112304688,270.64999389648
28-SEP-2025,3.795648223164,53137,BLLAC,0.35796770453453,94100,AP-N901-F303,0.028238497674465,0.028238497674465,92.488548278809,270.64999389648
28-SEP-2025,3.795648223164,53137,BLLAC,0.35796770453453,94100,AP-N902-F303,0.029465166851878,0.029465166851878,92.615112304688,270.64999389648
28-SEP-2025,3.804537208346,53137,BLLAC,0.35723954439163,94100,AP-N901-F303,0.028238497674465,0.028238497674465,92.488548278809,270.64999389648
28-SEP-2025,3.804537208346,53137,BLLAC,0.35723954439163,94100,AP-N902-F303,0.029465166851878,0.029465166851878,92.615112304688,270.64999389648
28-SEP-2025,3.8137039752099,53137,BLLAC,0.35648506879807,94100,AP-N901-F303,0.028238497674465,0.028238497674465,92.488548278809,270.64999389648
28-SEP-2025,3.8137039752099,53137,BLLAC,0.35648506879807,94100,AP-N902-F303,0.029465166851878,0.029465166851878,92.615112304688,270.64999389648
28-SEP-2025,3.9944004065039,53142,BLLAC,0.34089282155037,94100,AP-N901-F303,0.027789629995823,0.027789629995823,93.512115478516,270.75
28-SEP-2025,3.9944004065039,53142,BLLAC,0.34089282155037,94100,AP-N902-F303,0.029577203094959,0.029577203094959,93.969352722168,270.75
28-SEP-2025,4.0095394673919,53146,BLLAC,0.339525192976,94100,AP-N901-F303,0.027789629995823,0.027789629995823,93.512115478516,270.75
28-SEP-2025,4.0095394673919,53146,BLLAC,0.339525192976,94100,AP-N902-F303,0.029577203094959,0.029577203094959,93.969352722168,270.75
28-SEP-2025,4.0184284515262,53146,BLLAC,0.33871781826019,94100,AP-N901-F303,0.027789629995823,0.027789629995823,93.512115478516,270.75
28-SEP-2025,4.0184284515262,53146,BLLAC,0.33871781826019,94100,AP-N902-F303,0.029577203094959,0.029577203094959,93.969352722168,270.75
28-SEP-2025,4.0273174396768,53146,BLLAC,0.33790725469589,94100,AP-N901-F303,0.027789629995823,0.027789629995823,93.512115478516,270.75
28-SEP-2025,4.0273174396768,53146,BLLAC,0.33790725469589,94100,AP-N902-F303,0.029577203094959,0.029577203094959,93.969352722168,270.75
28-SEP-2025,4.0364842061914,53146,BLLAC,0.33706799149513,94100,AP-N901-F303,0.027789629995823,0.027789629995823,93.512115478516,270.75
28-SEP-2025,4.0364842061914,53146,BLLAC,0.33706799149513,94100,AP-N902-F303,0.029577203094959,0.029577203094959,93.969352722168,270.75
28-SEP-2025,4.0453731941674,53146,BLLAC,0.33625093102455,94100,AP-N901-F303,0.027789629995823,0.027789629995823,93.512115478516,270.75
28-SEP-2025,4.0453731941674,53146,BLLAC,0.33625093102455,94100,AP-N902-F303,0.029577203094959,0.029577203094959,93.969352722168,270.75
28-SEP-2025,4.0545399594597,53146,BLLAC,0.33540496230125,94100,AP-N901-F303,0.027789629995823,0.027789629995823,93.512115478516,270.75
28-SEP-2025,4.0545399594597,53146,BLLAC,0.33540496230125,94100,AP-N902-F303,0.029577203094959,0.029577203094959,93.969352722168,270.75
28-SEP-2025,4.0634289470864,53146,BLLAC,0.33458137512207,94100,AP-N901-F303,0.027789629995823,0.027789629995823,93.512115478516,270.75
28-SEP-2025,4.0634289470864,53146,BLLAC,0.33458137512207,94100,AP-N902-F303,0.029577203094959,0.029577203094959,93.969352722168,270.75
28-SEP-2025,4.2435698225255,53151,BLLAC,0.31721657514572,94100,AP-N901-F303,0.027461649850011,0.027461649850011,95.318580627441,270.64999389648
28-SEP-2025,4.2435698225255,53151,BLLAC,0.31721657514572,94100,AP-N902-F303,0.028811991214752,0.028811991214752,95.804618835449,270.64999389648
28-SEP-2025,4.259820000886,53155,BLLAC,0.31558790802956,94100,AP-N901-F303,0.027461649850011,0.027461649850011,95.318580627441,270.64999389648
28-SEP-2025,4.259820000886,53155,BLLAC,0.31558790802956,94100,AP-N902-F303,0.028811991214752,0.028811991214752,95.804618835449,270.64999389648
28-SEP-2025,4.2687089857187,53155,BLLAC,0.31469270586967,94100,AP-N901-F303,0.027461649850011,0.027461649850011,95.318580627441,270.64999389648
28-SEP-2025,4.2687089857187,53155,BLLAC,0.31469270586967,94100,AP-N902-F303,0.028811991214752,0.028811991214752,95.804618835449,270.64999389648
28-SEP-2025,4.277597972647,53155,BLLAC,0.31379452347755,94100,AP-N901-F303,0.027461649850011,0.027461649850011,95.318580627441,270.64999389648
28-SEP-2025,4.277597972647,53155,BLLAC,0.31379452347755,94100,AP-N902-F303,0.028811991214752,0.028811991214752,95.804618835449,270.64999389648
28-SEP-2025,4.2864869607976,53155,BLLAC,0.31289330124855,94100,AP-N901-F303,0.027461649850011,0.027461649850011,95.318580627441,270.64999389648
28-SEP-2025,4.2864869607976,53155,BLLAC,0.31289330124855,94100,AP-N902-F303,0.028811991214752,0.028811991214752,95.804618835449,270.64999389648
28-SEP-2025,4.2953759485989,53155,BLLAC,0.31198909878731,94100,AP-N901-F303,0.027461649850011,0.027461649850011,95.318580627441,270.64999389648
28-SEP-2025,4.2953759485989,53155,BLLAC,0.31198909878731,94100,AP-N902-F303,0.028811991214752,0.028811991214752,95.804618835449,270.64999389648
28-SEP-2025,4.3042649357018,53155,BLLAC,0.3110818862915,94100,AP-N901-F303,0.027461649850011,0.027461649850011,95.318580627441,270.64999389648
28-SEP-2025,4.3042649357018,53155,BLLAC,0.3110818862915,94100,AP-N902-F303,0.028811991214752,0.028811991214752,95.804618835449,270.64999389648
28-SEP-2025,4.3131539205345,53155,BLLAC,0.31017166376114,94100,AP-N901-F303,0.027461649850011,0.027461649850011,95.318580627441,270.64999389648
28-SEP-2025,4.3131539205345,53155,BLLAC,0.31017166376114,94100,AP-N902-F303,0.028811991214752,0.028811991214752,95.804618835449,270.64999389648
28-SEP-2025,4.4949614878111,53160,BLLAC,0.2909097969532,94100,AP-N901-F303,0.027236137539148,0.027236137539148,97.482818603516,270.85000610352
28-SEP-2025,4.4949614878111,53160,BLLAC,0.2909097969532,94100,AP-N902-F303,0.027882631868124,0.027882631868124,98.104187011719,270.85000610352
28-SEP-2025,4.5101005359516,53164,BLLAC,0.28925120830536,94100,AP-N901-F303,0.027236137539148,0.027236137539148,97.482818603516,270.85000610352
28-SEP-2025,4.5101005359516,53164,BLLAC,0.28925120830536,94100,AP-N902-F303,0.027882631868124,0.027882631868124,98.104187011719,270.85000610352
28-SEP-2025,4.5189895248007,53164,BLLAC,0.2882736325264,94100,AP-N901-F303,0.027236137539148,0.027236137539148,97.482818603516,270.85000610352
28-SEP-2025,4.5189895248007,53164,BLLAC,0.2882736325264,94100,AP-N902-F303,0.027882631868124,0.027882631868124,98.104187011719,270.85000610352
28-SEP-2025,4.5281562902676,53164,BLLAC,0.28726252913475,94100,AP-N901-F303,0.027236137539148,0.027236137539148,97.482818603516,270.85000610352
28-SEP-2025,4.5281562902676,53164,BLLAC,0.28726252913475,94100,AP-N902-F303,0.027882631868124,0.027882631868124,98.104187011719,270.85000610352
28-SEP-2025,4.5370452782436,53164,BLLAC,0.28627917170525,94100,AP-N901-F303,0.027236137539148,0.027236137539148,97.482818603516,270.85000610352
28-SEP-2025,4.5370452782436,53164,BLLAC,0.28627917170525,94100,AP-N902-F303,0.027882631868124,0.027882631868124,98.104187011719,270.85000610352
28-SEP-2025,4.5459342653464,53164,BLLAC,0.28529301285744,94100,AP-N901-F303,0.027236137539148,0.027236137539148,97.482818603516,270.85000610352
28-SEP-2025,4.5459342653464,53164,BLLAC,0.28529301285744,94100,AP-N902-F303,0.027882631868124,0.027882631868124,98.104187011719,270.85000610352
28-SEP-2025,4.5548232522747,53164,BLLAC,0.28430411219597,94100,AP-N901-F303,0.027236137539148,0.027236137539148,97.482818603516,270.85000610352
28-SEP-2025,4.5548232522747,53164,BLLAC,0.28430411219597,94100,AP-N902-F303,0.027882631868124,0.027882631868124,98.104187011719,270.85000610352
28-SEP-2025,4.5637122374567,53164,BLLAC,0.28331232070923,94100,AP-N901-F303,0.027236137539148,0.027236137539148,97.482818603516,270.85000610352
28-SEP-2025,4.5637122374567,53164,BLLAC,0.28331232070923,94100,AP-N902-F303,0.027882631868124,0.027882631868124,98.104187011719,270.85000610352
28-SEP-2025,4.7444086781804,53169,BLLAC,0.26255583763123,94100,AP-N901-F303,0.027407987043262,0.027407987043262,100.24156188965,270.45001220703
28-SEP-2025,4.7444086781804,53169,BLLAC,0.26255583763123,94100,AP-N902-F303,0.027528109028935,0.027528109028935,101.01036071777,270.45001220703
28-SEP-2025,4.7595477301626,53173,BLLAC,0.26076632738113,94100,AP-N901-F303,0.027407987043262,0.027407987043262,100.24156188965,270.45001220703
28-SEP-2025,4.7595477301626,53173,BLLAC,0.26076632738113,94100,AP-N902-F303,0.027528109028935,0.027528109028935,101.01036071777,270.45001220703
28-SEP-2025,4.7684367184878,53173,BLLAC,0.2597119808197,94100,AP-N901-F303,0.027407987043262,0.027407987043262,100.24156188965,270.45001220703
28-SEP-2025,4.7684367184878,53173,BLLAC,0.2597119808197,94100,AP-N902-F303,0.027528109028935,0.027528109028935,101.01036071777,270.45001220703
28-SEP-2025,4.7776034872725,53173,BLLAC,0.25862196087837,94100,AP-N901-F303,0.027407987043262,0.027407987043262,100.24156188965,270.45001220703
28-SEP-2025,4.7776034872725,53173,BLLAC,0.25862196087837,94100,AP-N902-F303,0.027528109028935,0.027528109028935,101.01036071777,270.45001220703
28-SEP-2025,4.7864924729784,53173,BLLAC,0.25756224989891,94100,AP-N901-F303,0.027407987043262,0.027407987043262,100.24156188965,270.45001220703
28-SEP-2025,4.7864924729784,53173,BLLAC,0.25756224989891,94100,AP-N902-F303,0.027528109028935,0.027528109028935,101.01036071777,270.45001220703
28-SEP-2025,4.7953814602559,53173,BLLAC,0.25649991631508,94100,AP-N901-F303,0.027407987043262,0.027407987043262,100.24156188965,270.45001220703
28-SEP-2025,4.7953814602559,53173,BLLAC,0.25649991631508,94100,AP-N902-F303,0.027528109028935,0.027528109028935,101.01036071777,270.45001220703
28-SEP-2025,4.804270446311,53173,BLLAC,0.25543501973152,94100,AP-N901-F303,0.027407987043262,0.027407987043262,100.24156188965,270.45001220703
28-SEP-2025,4.804270446311,53173,BLLAC,0.25543501973152,94100,AP-N902-F303,0.027528109028935,0.027528109028935,101.01036071777,270.45001220703
28-SEP-2025,4.8131594344616,53173,BLLAC,0.25436750054359,94100,AP-N901-F303,0.027407987043262,0.027407987043262,100.24156188965,270.45001220703
28-SEP-2025,4.8131594344616,53173,BLLAC,0.25436750054359,94100,AP-N902-F303,0.027528109028935,0.027528109028935,101.01036071777,270.45001220703
28-SEP-2025,4.9938558713436,53178,BLLAC,0.23211215436459,94100,AP-N901-F303,0.025933910161257,0.025933910161257,104.07373046875,270.64999389648
28-SEP-2025,4.9938558713436,53178,BLLAC,0.23211215436459,94100,AP-N902-F303,0.02665931545198,0.02665931545198,104.42743682861,270.64999389648
28-SEP-2025,5.0095504873881,53182,BLLAC,0.2301299571991,94100,AP-N901-F303,0.025933910161257,0.025933910161257,104.07373046875,270.64999389648
28-SEP-2025,5.0095504873881,53182,BLLAC,0.2301299571991,94100,AP-N902-F303,0.02665931545198,0.02665931545198,104.42743682861,270.64999389648
28-SEP-2025,5.018717254252,53182,BLLAC,0.22896887362003,94100,AP-N901-F303,0.025933910161257,0.025933910161257,104.07373046875,270.64999389648
28-SEP-2025,5.018717254252,53182,BLLAC,0.22896887362003,94100,AP-N902-F303,0.02665931545198,0.02665931545198,104.42743682861,270.64999389648
28-SEP-2025,5.0276062443234,53182,BLLAC,0.22784042358398,94100,AP-N901-F303,0.025933910161257,0.025933910161257,104.07373046875,270.64999389648
28-SEP-2025,5.0276062443234,53182,BLLAC,0.22784042358398,94100,AP-N902-F303,0.02665931545198,0.02665931545198,104.42743682861,270.64999389648
28-SEP-2025,5.0367730110127,53182,BLLAC,0.22667419910431,94100,AP-N901-F303,0.025933910161257,0.025933910161257,104.07373046875,270.64999389648
28-SEP-2025,5.0367730110127,53182,BLLAC,0.22667419910431,94100,AP-N902-F303,0.02665931545198,0.02665931545198,104.42743682861,270.64999389648
28-SEP-2025,5.0456619979409,53182,BLLAC,0.22554083168507,94100,AP-N901-F303,0.025933910161257,0.025933910161257,104.07373046875,270.64999389648
28-SEP-2025,5.0456619979409,53182,BLLAC,0.22554083168507,94100,AP-N902-F303,0.02665931545198,0.02665931545198,104.42743682861,270.64999389648
28-SEP-2025,5.0545509838214,53182,BLLAC,0.22440502047539,94100,AP-N901-F303,0.025933910161257,0.025933910161257,104.07373046875,270.64999389648
28-SEP-2025,5.0545509838214,53182,BLLAC,0.22440502047539,94100,AP-N902-F303,0.02665931545198,0.02665931545198,104.42743682861,270.64999389648
28-SEP-2025,5.0634399709242,53182,BLLAC,0.22326682507992,94100,AP-N901-F303,0.025933910161257,0.025933910161257,104.07373046875,270.64999389648
28-SEP-2025,5.0634399709242,53182,BLLAC,0.22326682507992,94100,AP-N902-F303,0.02665931545198,0.02665931545198,104.42743682861,270.64999389648
28-SEP-2025,5.1544132036064,53187,BLLAC,0.21148018538952,94100,AP-N901-F303,0.02588421665132,0.02588421665132,107.42115783691,270.45001220703
28-SEP-2025,5.1544132036064,53187,BLLAC,0.21148018538952,94100,AP-N902-F303,0.025901472195983,0.025901472195983,107.62970733643,270.45001220703
28-SEP-2025,5.2601088072788,53191,BLLAC,0.19747814536095,94100,AP-N901-F303,0.02588421665132,0.02588421665132,107.42115783691,270.45001220703
28-SEP-2025,5.2601088072788,53191,BLLAC,0.19747814536095,94100,AP-N902-F303,0.025901472195983,0.025901472195983,107.62970733643,270.45001220703
28-SEP-2025,5.2689977950802,53191,BLLAC,0.19628582894802,94100,AP-N901-F303,0.02588421665132,0.02588421665132,107.42115783691,270.45001220703
28-SEP-2025,5.2689977950802,53191,BLLAC,0.19628582894802,94100,AP-N902-F303,0.025901472195983,0.025901472195983,107.62970733643,270.45001220703
28-SEP-2025,5.2778867793891,53191,BLLAC,0.19509115815163,94100,AP-N901-F303,0.02588421665132,0.02588421665132,107.42115783691,270.45001220703
28-SEP-2025,5.2778867793891,53191,BLLAC,0.19509115815163,94100,AP-N902-F303,0.025901472195983,0.025901472195983,107.62970733643,270.45001220703
28-SEP-2025,5.2867757684128,53191,BLLAC,0.19389434158802,94100,AP-N901-F303,0.02588421665132,0.02588421665132,107.42115783691,270.45001220703
28-SEP-2025,5.2867757684128,53191,BLLAC,0.19389434158802,94100,AP-N902-F303,0.025901472195983,0.025901472195983,107.62970733643,270.45001220703
28-SEP-2025,5.2959425389437,53191,BLLAC,0.1926577091217,94100,AP-N901-F303,0.02588421665132,0.02588421665132,107.42115783691,270.45001220703
28-SEP-2025,5.2959425389437,53191,BLLAC,0.1926577091217,94100,AP-N902-F303,0.025901472195983,0.025901472195983,107.62970733643,270.45001220703
28-SEP-2025,5.3049704154032,53191,BLLAC,0.19143742322922,94100,AP-N901-F303,0.02588421665132,0.02588421665132,107.42115783691,270.45001220703
28-SEP-2025,5.3049704154032,53191,BLLAC,0.19143742322922,94100,AP-N902-F303,0.025901472195983,0.025901472195983,107.62970733643,270.45001220703
28-SEP-2025,5.3139982939582,53191,BLLAC,0.19021493196487,94100,AP-N901-F303,0.02588421665132,0.02588421665132,107.42115783691,270.45001220703
28-SEP-2025,5.3139982939582,53191,BLLAC,0.19021493196487,94100,AP-N902-F303,0.025901472195983,0.025901472195983,107.62970733643,270.45001220703
