03-OCT-2025,0.51122160475853,54642,CTA102,0.81124794483185,261084,AP-N201-F101,0.22116534411907,0.22116534411907,198.53881835938,269.75
03-OCT-2025,0.51122160475853,54642,CTA102,0.81124794483185,261084,AP-N202-F101,0.23682501912117,0.23682501912117,211.98989868164,269.75
03-OCT-2025,0.51122160475853,54642,CTA102,0.81124794483185,273084,AP-N203-F102,0.30634438991547,0.30634438991547,254.53660583496,269.75
03-OCT-2025,0.51122160475853,54642,CTA102,0.81124794483185,273084,AP-N204-F102,0.31705901026726,0.31705901026726,257.80746459961,269.75
03-OCT-2025,0.52038827330968,54642,CTA102,0.81265473365784,261084,AP-N201-F101,0.22116534411907,0.22116534411907,198.53881835938,269.75
03-OCT-2025,0.52038827330968,54642,CTA102,0.81265473365784,261084,AP-N202-F101,0.23682501912117,0.23682501912117,211.98989868164,269.75
03-OCT-2025,0.52038827330968,54642,CTA102,0.81265473365784,273084,AP-N203-F102,0.30634438991547,0.30634438991547,254.53660583496,269.75
03-OCT-2025,0.52038827330968,54642,CTA102,0.81265473365784,273084,AP-N204-F102,0.31705901026726,0.31705901026726,257.80746459961,269.75
03-OCT-2025,0.52927716244904,54642,CTA102,0.81401431560516,261084,AP-N201-F101,0.22116534411907,0.22116534411907,198.53881835938,269.75
03-OCT-2025,0.52927716244904,54642,CTA102,0.81401431560516,261084,AP-N202-F101,0.23682501912117,0.23682501912117,211.98989868164,269.75
03-OCT-2025,0.52927716244904,54642,CTA102,0.81401431560516,273084,AP-N203-F102,0.30634438991547,0.30634438991547,254.53660583496,269.75
03-OCT-2025,0.52927716244904,54642,CTA102,0.81401431560516,273084,AP-N204-F102,0.31705901026726,0.31705901026726,257.80746459961,269.75
03-OCT-2025,0.5942771625562,54649,3C454.3,0.70789563655853,261084,AP-N201-F101,0.20471051335335,0.20471051335335,203.53607177734,269.95001220703
03-OCT-2025,0.5942771625562,54649,3C454.3,0.70789563655853,261084,AP-N202-F101,0.21574249863625,0.21574249863625,214.28080749512,269.95001220703
03-OCT-2025,0.5942771625562,54649,3C454.3,0.70789563655853,273084,AP-N203-F102,0.28102353215218,0.28102353215218,259.41528320313,269.95001220703
03-OCT-2025,0.5942771625562,54649,3C454.3,0.70789563655853,273084,AP-N204-F102,0.28861853480339,0.28861853480339,260.31237792969,269.95001220703
03-OCT-2025,0.60344382883724,54649,3C454.3,0.70932155847549,261084,AP-N201-F101,0.20471051335335,0.20471051335335,203.53607177734,269.95001220703
03-OCT-2025,0.60344382883724,54649,3C454.3,0.70932155847549,261084,AP-N202-F101,0.21574249863625,0.21574249863625,214.28080749512,269.95001220703
03-OCT-2025,0.60344382883724,54649,3C454.3,0.70932155847549,273084,AP-N203-F102,0.28102353215218,0.28102353215218,259.41528320313,269.95001220703
03-OCT-2025,0.60344382883724,54649,3C454.3,0.70932155847549,273084,AP-N204-F102,0.28861853480339,0.28861853480339,260.31237792969,269.95001220703
03-OCT-2025,0.61247160576164,54649,3C454.3,0.7107218503952,261084,AP-N201-F101,0.20471051335335,0.20471051335335,203.53607177734,269.95001220703
03-OCT-2025,0.61247160576164,54649,3C454.3,0.7107218503952,261084,AP-N202-F101,0.21574249863625,0.21574249863625,214.28080749512,269.95001220703
03-OCT-2025,0.61247160576164,54649,3C454.3,0.7107218503952,273084,AP-N203-F102,0.28102353215218,0.28102353215218,259.41528320313,269.95001220703
03-OCT-2025,0.61247160576164,54649,3C454.3,0.7107218503952,273084,AP-N204-F102,0.28861853480339,0.28861853480339,260.31237792969,269.95001220703
03-OCT-2025,0.67733271581367,54656,CTA102,0.83598750829697,261084,AP-N201-F101,0.22424180805683,0.22424180805683,197.88557434082,269.85000610352
03-OCT-2025,0.67733271581367,54656,CTA102,0.83598750829697,261084,AP-N202-F101,0.24063642323017,0.24063642323017,210.74113464355,269.85000610352
03-OCT-2025,0.67733271581367,54656,CTA102,0.83598750829697,273084,AP-N203-F102,0.31205952167511,0.31205952167511,253.95457458496,269.85000610352
03-OCT-2025,0.67733271581367,54656,CTA102,0.83598750829697,273084,AP-N204-F102,0.32254806160927,0.32254806160927,256.19589233398,269.85000610352
03-OCT-2025,0.68636049273807,54656,CTA102,0.8372848033905,261084,AP-N201-F101,0.22424180805683,0.22424180805683,197.88557434082,269.85000610352
03-OCT-2025,0.68636049273807,54656,CTA102,0.8372848033905,261084,AP-N202-F101,0.24063642323017,0.24063642323017,210.74113464355,269.85000610352
03-OCT-2025,0.68636049273807,54656,CTA102,0.8372848033905,273084,AP-N203-F102,0.31205952167511,0.31205952167511,253.95457458496,269.85000610352
03-OCT-2025,0.68636049273807,54656,CTA102,0.8372848033905,273084,AP-N204-F102,0.32254806160927,0.32254806160927,256.19589233398,269.85000610352
03-OCT-2025,0.69552715884449,54656,CTA102,0.83859694004059,261084,AP-N201-F101,0.22424180805683,0.22424180805683,197.88557434082,269.85000610352
03-OCT-2025,0.69552715884449,54656,CTA102,0.83859694004059,261084,AP-N202-F101,0.24063642323017,0.24063642323017,210.74113464355,269.85000610352
03-OCT-2025,0.69552715884449,54656,CTA102,0.83859694004059,273084,AP-N203-F102,0.31205952167511,0.31205952167511,253.95457458496,269.85000610352
03-OCT-2025,0.69552715884449,54656,CTA102,0.83859694004059,273084,AP-N204-F102,0.32254806160927,0.32254806160927,256.19589233398,269.85000610352
03-OCT-2025,0.76094382772008,54663,3C454.3,0.73316866159439,261084,AP-N201-F101,0.20910403132439,0.20910403132439,201.91304016113,269.64999389648
03-OCT-2025,0.76094382772008,54663,3C454.3,0.73316866159439,261084,AP-N202-F101,0.22181108593941,0.22181108593941,213.87445068359,269.64999389648
03-OCT-2025,0.76094382772008,54663,3C454.3,0.73316866159439,273084,AP-N203-F102,0.28785139322281,0.28785139322281,257.84188842773,269.64999389648
03-OCT-2025,0.76094382772008,54663,3C454.3,0.73316866159439,273084,AP-N204-F102,0.29682785272598,0.29682785272598,260.27777099609,269.64999389648
03-OCT-2025,0.76997160499372,54663,3C454.3,0.73449701070786,261084,AP-N201-F101,0.20910403132439,0.20910403132439,201.91304016113,269.64999389648
03-OCT-2025,0.76997160499372,54663,3C454.3,0.73449701070786,261084,AP-N202-F101,0.22181108593941,0.22181108593941,213.87445068359,269.64999389648
03-OCT-2025,0.76997160499372,54663,3C454.3,0.73449701070786,273084,AP-N203-F102,0.28785139322281,0.28785139322281,257.84188842773,269.64999389648
03-OCT-2025,0.76997160499372,54663,3C454.3,0.73449701070786,273084,AP-N204-F102,0.29682785272598,0.29682785272598,260.27777099609,269.64999389648
03-OCT-2025,0.77899938244199,54663,3C454.3,0.73582100868225,261084,AP-N201-F101,0.20910403132439,0.20910403132439,201.91304016113,269.64999389648
03-OCT-2025,0.77899938244199,54663,3C454.3,0.73582100868225,261084,AP-N202-F101,0.22181108593941,0.22181108593941,213.87445068359,269.64999389648
03-OCT-2025,0.77899938244199,54663,3C454.3,0.73582100868225,273084,AP-N203-F102,0.28785139322281,0.28785139322281,257.84188842773,269.64999389648
03-OCT-2025,0.77899938244199,54663,3C454.3,0.73582100868225,273084,AP-N204-F102,0.29682785272598,0.29682785272598,260.27777099609,269.64999389648
03-OCT-2025,0.84427715794461,54670,CTA102,0.85913795232773,261084,AP-N201-F101,0.22905752062798,0.22905752062798,196.70463562012,269.45001220703
03-OCT-2025,0.84427715794461,54670,CTA102,0.85913795232773,261084,AP-N202-F101,0.24678547680378,0.24678547680378,210.82778930664,269.45001220703
03-OCT-2025,0.84427715794461,54670,CTA102,0.85913795232773,273084,AP-N203-F102,0.31856697797775,0.31856697797775,252.73539733887,269.45001220703
03-OCT-2025,0.84427715794461,54670,CTA102,0.85913795232773,273084,AP-N204-F102,0.33032068610191,0.33032068610191,256.44689941406,269.45001220703
03-OCT-2025,0.8531660465601,54670,CTA102,0.8603190779686,261084,AP-N201-F101,0.22905752062798,0.22905752062798,196.70463562012,269.45001220703
03-OCT-2025,0.8531660465601,54670,CTA102,0.8603190779686,261084,AP-N202-F101,0.24678547680378,0.24678547680378,210.82778930664,269.45001220703
03-OCT-2025,0.8531660465601,54670,CTA102,0.8603190779686,273084,AP-N203-F102,0.31856697797775,0.31856697797775,252.73539733887,269.45001220703
03-OCT-2025,0.8531660465601,54670,CTA102,0.8603190779686,273084,AP-N204-F102,0.33032068610191,0.33032068610191,256.44689941406,269.45001220703
03-OCT-2025,0.86219382400837,54670,CTA102,0.86151325702667,261084,AP-N201-F101,0.22905752062798,0.22905752062798,196.70463562012,269.45001220703
03-OCT-2025,0.86219382400837,54670,CTA102,0.86151325702667,261084,AP-N202-F101,0.24678547680378,0.24678547680378,210.82778930664,269.45001220703
03-OCT-2025,0.86219382400837,54670,CTA102,0.86151325702667,273084,AP-N203-F102,0.31856697797775,0.31856697797775,252.73539733887,269.45001220703
03-OCT-2025,0.86219382400837,54670,CTA102,0.86151325702667,273084,AP-N204-F102,0.33032068610191,0.33032068610191,256.44689941406,269.45001220703
03-OCT-2025,1.011082712989,54675,CTA102,0.88038122653961,261084,AP-N201-F101,0.23048013448715,0.23048013448715,195.353515625,269.25
03-OCT-2025,1.011082712989,54675,CTA102,0.88038122653961,261084,AP-N202-F101,0.24892556667328,0.24892556667328,209.22589111328,269.25
03-OCT-2025,1.011082712989,54675,CTA102,0.88038122653961,273084,AP-N203-F102,0.32169654965401,0.32169654965401,250.84562683105,269.25
03-OCT-2025,1.011082712989,54675,CTA102,0.88038122653961,273084,AP-N204-F102,0.33359244465828,0.33359244465828,254.40805053711,269.25
03-OCT-2025,1.0273327128848,54679,CTA102,0.88234269618988,261084,AP-N201-F101,0.23048013448715,0.23048013448715,195.353515625,269.25
03-OCT-2025,1.0273327128848,54679,CTA102,0.88234269618988,261084,AP-N202-F101,0.24892556667328,0.24892556667328,209.22589111328,269.25
03-OCT-2025,1.0273327128848,54679,CTA102,0.88234269618988,273084,AP-N203-F102,0.32169654965401,0.32169654965401,250.84562683105,269.25
03-OCT-2025,1.0273327128848,54679,CTA102,0.88234269618988,273084,AP-N204-F102,0.33359244465828,0.33359244465828,254.40805053711,269.25
03-OCT-2025,1.0364993807375,54679,CTA102,0.88344061374664,261084,AP-N201-F101,0.23048013448715,0.23048013448715,195.353515625,269.25
03-OCT-2025,1.0364993807375,54679,CTA102,0.88344061374664,261084,AP-N202-F101,0.24892556667328,0.24892556667328,209.22589111328,269.25
03-OCT-2025,1.0364993807375,54679,CTA102,0.88344061374664,273084,AP-N203-F102,0.32169654965401,0.32169654965401,250.84562683105,269.25
03-OCT-2025,1.0364993807375,54679,CTA102,0.88344061374664,273084,AP-N204-F102,0.33359244465828,0.33359244465828,254.40805053711,269.25
03-OCT-2025,1.0453882697022,54679,CTA102,0.8844992518425,261084,AP-N201-F101,0.23048013448715,0.23048013448715,195.353515625,269.25
03-OCT-2025,1.0453882697022,54679,CTA102,0.8844992518425,261084,AP-N202-F101,0.24892556667328,0.24892556667328,209.22589111328,269.25
03-OCT-2025,1.0453882697022,54679,CTA102,0.8844992518425,273084,AP-N203-F102,0.32169654965401,0.32169654965401,250.84562683105,269.25
03-OCT-2025,1.0453882697022,54679,CTA102,0.8844992518425,273084,AP-N204-F102,0.33359244465828,0.33359244465828,254.40805053711,269.25
03-OCT-2025,1.1109438221719,54686,3C454.3,0.78131920099258,261084,AP-N201-F101,0.21440920233727,0.21440920233727,199.23533630371,269.25
03-OCT-2025,1.1109438221719,54686,3C454.3,0.78131920099258,261084,AP-N202-F101,0.22816786170006,0.22816786170006,210.6711730957,269.25
03-OCT-2025,1.1109438221719,54686,3C454.3,0.78131920099258,273084,AP-N203-F102,0.29746645689011,0.29746645689011,254.92994689941,269.25
03-OCT-2025,1.1109438221719,54686,3C454.3,0.78131920099258,273084,AP-N204-F102,0.30669170618057,0.30669170618057,256.25787353516,269.25
03-OCT-2025,1.1199715996202,54686,3C454.3,0.78246468305588,261084,AP-N201-F101,0.21440920233727,0.21440920233727,199.23533630371,269.25
03-OCT-2025,1.1199715996202,54686,3C454.3,0.78246468305588,261084,AP-N202-F101,0.22816786170006,0.22816786170006,210.6711730957,269.25
03-OCT-2025,1.1199715996202,54686,3C454.3,0.78246468305588,273084,AP-N203-F102,0.29746645689011,0.29746645689011,254.92994689941,269.25
03-OCT-2025,1.1199715996202,54686,3C454.3,0.78246468305588,273084,AP-N204-F102,0.30669170618057,0.30669170618057,256.25787353516,269.25
03-OCT-2025,1.1289993770684,54686,3C454.3,0.78360503911972,261084,AP-N201-F101,0.21440920233727,0.21440920233727,199.23533630371,269.25
03-OCT-2025,1.1289993770684,54686,3C454.3,0.78360503911972,261084,AP-N202-F101,0.22816786170006,0.22816786170006,210.6711730957,269.25
03-OCT-2025,1.1289993770684,54686,3C454.3,0.78360503911972,273084,AP-N203-F102,0.29746645689011,0.29746645689011,254.92994689941,269.25
03-OCT-2025,1.1289993770684,54686,3C454.3,0.78360503911972,273084,AP-N204-F102,0.30669170618057,0.30669170618057,256.25787353516,269.25
03-OCT-2025,1.1945549342529,54693,CTA102,0.90135127305984,261084,AP-N201-F101,0.23121318221092,0.23121318221092,194.42430114746,269.64999389648
03-OCT-2025,1.1945549342529,54693,CTA102,0.90135127305984,261084,AP-N202-F101,0.25039881467819,0.25039881467819,208.21731567383,269.64999389648
03-OCT-2025,1.1945549342529,54693,CTA102,0.90135127305984,273084,AP-N203-F102,0.32415360212326,0.32415360212326,250.03024291992,269.64999389648
03-OCT-2025,1.1945549342529,54693,CTA102,0.90135127305984,273084,AP-N204-F102,0.33648958802223,0.33648958802223,253.16044616699,269.64999389648
03-OCT-2025,1.2037216001847,54693,CTA102,0.90232908725739,261084,AP-N201-F101,0.23121318221092,0.23121318221092,194.42430114746,269.64999389648
03-OCT-2025,1.2037216001847,54693,CTA102,0.90232908725739,261084,AP-N202-F101,0.25039881467819,0.25039881467819,208.21731567383,269.64999389648
03-OCT-2025,1.2037216001847,54693,CTA102,0.90232908725739,273084,AP-N203-F102,0.32415360212326,0.32415360212326,250.03024291992,269.64999389648
03-OCT-2025,1.2037216001847,54693,CTA102,0.90232908725739,273084,AP-N204-F102,0.33648958802223,0.33648958802223,253.16044616699,269.64999389648
03-OCT-2025,1.2131660434328,54693,CTA102,0.90332931280136,261084,AP-N201-F101,0.23121318221092,0.23121318221092,194.42430114746,269.64999389648
03-OCT-2025,1.2131660434328,54693,CTA102,0.90332931280136,261084,AP-N202-F101,0.25039881467819,0.25039881467819,208.21731567383,269.64999389648
03-OCT-2025,1.2131660434328,54693,CTA102,0.90332931280136,273084,AP-N203-F102,0.32415360212326,0.32415360212326,250.03024291992,269.64999389648
03-OCT-2025,1.2131660434328,54693,CTA102,0.90332931280136,273084,AP-N204-F102,0.33648958802223,0.33648958802223,253.16044616699,269.64999389648
03-OCT-2025,1.278166046334,54700,3C454.3,0.80168056488037,261084,AP-N201-F101,0.21577686071396,0.21577686071396,197.76167297363,270.04998779297
03-OCT-2025,1.278166046334,54700,3C454.3,0.80168056488037,261084,AP-N202-F101,0.23087710142136,0.23087710142136,209.36288452148,270.04998779297
03-OCT-2025,1.278166046334,54700,3C454.3,0.80168056488037,273084,AP-N203-F102,0.29998365044594,0.29998365044594,252.90324401855,270.04998779297
03-OCT-2025,1.278166046334,54700,3C454.3,0.80168056488037,273084,AP-N204-F102,0.31011965870857,0.31011965870857,254.67677307129,270.04998779297
03-OCT-2025,1.2871938237822,54700,3C454.3,0.8027269244194,261084,AP-N201-F101,0.21577686071396,0.21577686071396,197.76167297363,270.04998779297
03-OCT-2025,1.2871938237822,54700,3C454.3,0.8027269244194,261084,AP-N202-F101,0.23087710142136,0.23087710142136,209.36288452148,270.04998779297
03-OCT-2025,1.2871938237822,54700,3C454.3,0.8027269244194,273084,AP-N203-F102,0.29998365044594,0.29998365044594,252.90324401855,270.04998779297
03-OCT-2025,1.2871938237822,54700,3C454.3,0.8027269244194,273084,AP-N204-F102,0.31011965870857,0.31011965870857,254.67677307129,270.04998779297
03-OCT-2025,1.2964993785468,54700,3C454.3,0.80379968881607,261084,AP-N201-F101,0.21577686071396,0.21577686071396,197.76167297363,270.04998779297
03-OCT-2025,1.2964993785468,54700,3C454.3,0.80379968881607,261084,AP-N202-F101,0.23087710142136,0.23087710142136,209.36288452148,270.04998779297
03-OCT-2025,1.2964993785468,54700,3C454.3,0.80379968881607,273084,AP-N203-F102,0.29998365044594,0.29998365044594,252.90324401855,270.04998779297
03-OCT-2025,1.2964993785468,54700,3C454.3,0.80379968881607,273084,AP-N204-F102,0.31011965870857,0.31011965870857,254.67677307129,270.04998779297
03-OCT-2025,1.3612215967975,54707,CTA102,0.91802883148193,261084,AP-N201-F101,0.232486769557,0.232486769557,193.40728759766,269.85000610352
03-OCT-2025,1.3612215967975,54707,CTA102,0.91802883148193,261084,AP-N202-F101,0.25234311819077,0.25234311819077,207.4736328125,269.85000610352
03-OCT-2025,1.3612215967975,54707,CTA102,0.91802883148193,273084,AP-N203-F102,0.3267710506916,0.3267710506916,249.10797119141,269.85000610352
03-OCT-2025,1.3612215967975,54707,CTA102,0.91802883148193,273084,AP-N204-F102,0.33917143940926,0.33917143940926,252.12261962891,269.85000610352
03-OCT-2025,1.3706660423157,54707,CTA102,0.91890239715576,261084,AP-N201-F101,0.232486769557,0.232486769557,193.40728759766,269.85000610352
03-OCT-2025,1.3706660423157,54707,CTA102,0.91890239715576,261084,AP-N202-F101,0.25234311819077,0.25234311819077,207.4736328125,269.85000610352
03-OCT-2025,1.3706660423157,54707,CTA102,0.91890239715576,273084,AP-N203-F102,0.3267710506916,0.3267710506916,249.10797119141,269.85000610352
03-OCT-2025,1.3706660423157,54707,CTA102,0.91890239715576,273084,AP-N204-F102,0.33917143940926,0.33917143940926,252.12261962891,269.85000610352
03-OCT-2025,1.3795549316296,54707,CTA102,0.91971743106842,261084,AP-N201-F101,0.232486769557,0.232486769557,193.40728759766,269.85000610352
03-OCT-2025,1.3795549316296,54707,CTA102,0.91971743106842,261084,AP-N202-F101,0.25234311819077,0.25234311819077,207.4736328125,269.85000610352
03-OCT-2025,1.3795549316296,54707,CTA102,0.91971743106842,273084,AP-N203-F102,0.3267710506916,0.3267710506916,249.10797119141,269.85000610352
03-OCT-2025,1.3795549316296,54707,CTA102,0.91971743106842,273084,AP-N204-F102,0.33917143940926,0.33917143940926,252.12261962891,269.85000610352
03-OCT-2025,1.5618077358198,54716,BLLAC,0.42793574929237,261084,AP-N201-F101,0.14946804940701,0.14946804940701,223.61878967285,269.95001220703
03-OCT-2025,1.5618077358198,54716,BLLAC,0.42793574929237,261084,AP-N202-F101,0.15130858123302,0.15130858123302,229.95967102051,269.95001220703
03-OCT-2025,1.5618077358198,54716,BLLAC,0.42793574929237,273084,AP-N203-F102,0.19885304570198,0.19885304570198,280.73031616211,269.95001220703
03-OCT-2025,1.5618077358198,54716,BLLAC,0.42793574929237,273084,AP-N204-F102,0.20058272778988,0.20058272778988,278.75833129883,269.95001220703
03-OCT-2025,1.5780577350171,54720,BLLAC,0.42811036109924,261084,AP-N201-F101,0.14946804940701,0.14946804940701,223.61878967285,269.95001220703
03-OCT-2025,1.5780577350171,54720,BLLAC,0.42811036109924,261084,AP-N202-F101,0.15130858123302,0.15130858123302,229.95967102051,269.95001220703
03-OCT-2025,1.5780577350171,54720,BLLAC,0.42811036109924,273084,AP-N203-F102,0.19885304570198,0.19885304570198,280.73031616211,269.95001220703
03-OCT-2025,1.5780577350171,54720,BLLAC,0.42811036109924,273084,AP-N204-F102,0.20058272778988,0.20058272778988,278.75833129883,269.95001220703
03-OCT-2025,1.5875021780906,54720,BLLAC,0.42820566892624,261084,AP-N201-F101,0.14946804940701,0.14946804940701,223.61878967285,269.95001220703
03-OCT-2025,1.5875021780906,54720,BLLAC,0.42820566892624,261084,AP-N202-F101,0.15130858123302,0.15130858123302,229.95967102051,269.95001220703
03-OCT-2025,1.5875021780906,54720,BLLAC,0.42820566892624,273084,AP-N203-F102,0.19885304570198,0.19885304570198,280.73031616211,269.95001220703
03-OCT-2025,1.5875021780906,54720,BLLAC,0.42820566892624,273084,AP-N204-F102,0.20058272778988,0.20058272778988,278.75833129883,269.95001220703
03-OCT-2025,1.5969466237834,54720,BLLAC,0.42829641699791,261084,AP-N201-F101,0.14946804940701,0.14946804940701,223.61878967285,269.95001220703
03-OCT-2025,1.5969466237834,54720,BLLAC,0.42829641699791,261084,AP-N202-F101,0.15130858123302,0.15130858123302,229.95967102051,269.95001220703
03-OCT-2025,1.5969466237834,54720,BLLAC,0.42829641699791,273084,AP-N203-F102,0.19885304570198,0.19885304570198,280.73031616211,269.95001220703
03-OCT-2025,1.5969466237834,54720,BLLAC,0.42829641699791,273084,AP-N204-F102,0.20058272778988,0.20058272778988,278.75833129883,269.95001220703
03-OCT-2025,1.6063910687777,54720,BLLAC,0.42838251590729,261084,AP-N201-F101,0.14946804940701,0.14946804940701,223.61878967285,269.95001220703
03-OCT-2025,1.6063910687777,54720,BLLAC,0.42838251590729,261084,AP-N202-F101,0.15130858123302,0.15130858123302,229.95967102051,269.95001220703
03-OCT-2025,1.6063910687777,54720,BLLAC,0.42838251590729,273084,AP-N203-F102,0.19885304570198,0.19885304570198,280.73031616211,269.95001220703
03-OCT-2025,1.6063910687777,54720,BLLAC,0.42838251590729,273084,AP-N204-F102,0.20058272778988,0.20058272778988,278.75833129883,269.95001220703
03-OCT-2025,1.6156966242408,54720,BLLAC,0.42846289277077,261084,AP-N201-F101,0.14946804940701,0.14946804940701,223.61878967285,269.95001220703
03-OCT-2025,1.6156966242408,54720,BLLAC,0.42846289277077,261084,AP-N202-F101,0.15130858123302,0.15130858123302,229.95967102051,269.95001220703
03-OCT-2025,1.6156966242408,54720,BLLAC,0.42846289277077,273084,AP-N203-F102,0.19885304570198,0.19885304570198,280.73031616211,269.95001220703
03-OCT-2025,1.6156966242408,54720,BLLAC,0.42846289277077,273084,AP-N204-F102,0.20058272778988,0.20058272778988,278.75833129883,269.95001220703
03-OCT-2025,1.6250021783069,54720,BLLAC,0.42853891849518,261084,AP-N201-F101,0.14946804940701,0.14946804940701,223.61878967285,269.95001220703
03-OCT-2025,1.6250021783069,54720,BLLAC,0.42853891849518,261084,AP-N202-F101,0.15130858123302,0.15130858123302,229.95967102051,269.95001220703
03-OCT-2025,1.6250021783069,54720,BLLAC,0.42853891849518,273084,AP-N203-F102,0.19885304570198,0.19885304570198,280.73031616211,269.95001220703
03-OCT-2025,1.6250021783069,54720,BLLAC,0.42853891849518,273084,AP-N204-F102,0.20058272778988,0.20058272778988,278.75833129883,269.95001220703
03-OCT-2025,1.6344466238251,54720,BLLAC,0.42861139774323,261084,AP-N201-F101,0.14946804940701,0.14946804940701,223.61878967285,269.95001220703
03-OCT-2025,1.6344466238251,54720,BLLAC,0.42861139774323,261084,AP-N202-F101,0.15130858123302,0.15130858123302,229.95967102051,269.95001220703
03-OCT-2025,1.6344466238251,54720,BLLAC,0.42861139774323,273084,AP-N203-F102,0.19885304570198,0.19885304570198,280.73031616211,269.95001220703
03-OCT-2025,1.6344466238251,54720,BLLAC,0.42861139774323,273084,AP-N204-F102,0.20058272778988,0.20058272778988,278.75833129883,269.95001220703
03-OCT-2025,1.643891068994,54720,BLLAC,0.42867928743362,261084,AP-N201-F101,0.14946804940701,0.14946804940701,223.61878967285,269.95001220703
03-OCT-2025,1.643891068994,54720,BLLAC,0.42867928743362,261084,AP-N202-F101,0.15130858123302,0.15130858123302,229.95967102051,269.95001220703
03-OCT-2025,1.643891068994,54720,BLLAC,0.42867928743362,273084,AP-N203-F102,0.19885304570198,0.19885304570198,280.73031616211,269.95001220703
03-OCT-2025,1.643891068994,54720,BLLAC,0.42867928743362,273084,AP-N204-F102,0.20058272778988,0.20058272778988,278.75833129883,269.95001220703
03-OCT-2025,1.6533355122421,54720,BLLAC,0.42874264717102,261084,AP-N201-F101,0.14946804940701,0.14946804940701,223.61878967285,269.95001220703
03-OCT-2025,1.6533355122421,54720,BLLAC,0.42874264717102,261084,AP-N202-F101,0.15130858123302,0.15130858123302,229.95967102051,269.95001220703
03-OCT-2025,1.6533355122421,54720,BLLAC,0.42874264717102,273084,AP-N203-F102,0.19885304570198,0.19885304570198,280.73031616211,269.95001220703
03-OCT-2025,1.6533355122421,54720,BLLAC,0.42874264717102,273084,AP-N204-F102,0.20058272778988,0.20058272778988,278.75833129883,269.95001220703
03-OCT-2025,1.6625021783486,54720,BLLAC,0.42879974842072,261084,AP-N201-F101,0.14946804940701,0.14946804940701,223.61878967285,269.95001220703
03-OCT-2025,1.6625021783486,54720,BLLAC,0.42879974842072,261084,AP-N202-F101,0.15130858123302,0.15130858123302,229.95967102051,269.95001220703
03-OCT-2025,1.6625021783486,54720,BLLAC,0.42879974842072,273084,AP-N203-F102,0.19885304570198,0.19885304570198,280.73031616211,269.95001220703
03-OCT-2025,1.6625021783486,54720,BLLAC,0.42879974842072,273084,AP-N204-F102,0.20058272778988,0.20058272778988,278.75833129883,269.95001220703
03-OCT-2025,1.6719466268353,54720,BLLAC,0.42885398864746,261084,AP-N201-F101,0.14946804940701,0.14946804940701,223.61878967285,269.95001220703
03-OCT-2025,1.6719466268353,54720,BLLAC,0.42885398864746,261084,AP-N202-F101,0.15130858123302,0.15130858123302,229.95967102051,269.95001220703
03-OCT-2025,1.6719466268353,54720,BLLAC,0.42885398864746,273084,AP-N203-F102,0.19885304570198,0.19885304570198,280.73031616211,269.95001220703
03-OCT-2025,1.6719466268353,54720,BLLAC,0.42885398864746,273084,AP-N204-F102,0.20058272778988,0.20058272778988,278.75833129883,269.95001220703
03-OCT-2025,1.779307733512,54725,BLLAC,0.42914843559265,261084,AP-N201-F101,0,0,239.9716796875,269.25
03-OCT-2025,1.779307733512,54725,BLLAC,0.42914843559265,261084,AP-N202-F101,0,0,246.86610412598,269.25
03-OCT-2025,1.779307733512,54725,BLLAC,0.42914843559265,273084,AP-N203-F102,0,0,302.10418701172,269.25
03-OCT-2025,1.779307733512,54725,BLLAC,0.42914843559265,273084,AP-N204-F102,0,0,301.14514160156,269.25
03-OCT-2025,1.7947244016335,54729,BLLAC,0.42914196848869,261084,AP-N201-F101,0,0,239.9716796875,269.25
03-OCT-2025,1.7947244016335,54729,BLLAC,0.42914196848869,261084,AP-N202-F101,0,0,246.86610412598,269.25
03-OCT-2025,1.7947244016335,54729,BLLAC,0.42914196848869,273084,AP-N203-F102,0,0,302.10418701172,269.25
03-OCT-2025,1.7947244016335,54729,BLLAC,0.42914196848869,273084,AP-N204-F102,0,0,301.14514160156,269.25
03-OCT-2025,1.804029956922,54729,BLLAC,0.42913210391998,261084,AP-N201-F101,0,0,239.9716796875,269.25
03-OCT-2025,1.804029956922,54729,BLLAC,0.42913210391998,261084,AP-N202-F101,0,0,246.86610412598,269.25
03-OCT-2025,1.804029956922,54729,BLLAC,0.42913210391998,273084,AP-N203-F102,0,0,302.10418701172,269.25
03-OCT-2025,1.804029956922,54729,BLLAC,0.42913210391998,273084,AP-N204-F102,0,0,301.14514160156,269.25
03-OCT-2025,1.8136132881297,54729,BLLAC,0.42911732196808,261084,AP-N201-F101,0,0,239.9716796875,269.25
03-OCT-2025,1.8136132881297,54729,BLLAC,0.42911732196808,261084,AP-N202-F101,0,0,246.86610412598,269.25
03-OCT-2025,1.8136132881297,54729,BLLAC,0.42911732196808,273084,AP-N203-F102,0,0,302.10418701172,269.25
03-OCT-2025,1.8136132881297,54729,BLLAC,0.42911732196808,273084,AP-N204-F102,0,0,301.14514160156,269.25
03-OCT-2025,1.8229188477837,54729,BLLAC,0.42909839749336,261084,AP-N201-F101,0,0,239.9716796875,269.25
03-OCT-2025,1.8229188477837,54729,BLLAC,0.42909839749336,261084,AP-N202-F101,0,0,246.86610412598,269.25
03-OCT-2025,1.8229188477837,54729,BLLAC,0.42909839749336,273084,AP-N203-F102,0,0,302.10418701172,269.25
03-OCT-2025,1.8229188477837,54729,BLLAC,0.42909839749336,273084,AP-N204-F102,0,0,301.14514160156,269.25
03-OCT-2025,1.8325021791661,54729,BLLAC,0.42907431721687,261084,AP-N201-F101,0,0,239.9716796875,269.25
03-OCT-2025,1.8325021791661,54729,BLLAC,0.42907431721687,261084,AP-N202-F101,0,0,246.86610412598,269.25
03-OCT-2025,1.8325021791661,54729,BLLAC,0.42907431721687,273084,AP-N203-F102,0,0,302.10418701172,269.25
03-OCT-2025,1.8325021791661,54729,BLLAC,0.42907431721687,273084,AP-N204-F102,0,0,301.14514160156,269.25
03-OCT-2025,1.8416688454472,54729,BLLAC,0.42904680967331,261084,AP-N201-F101,0,0,239.9716796875,269.25
03-OCT-2025,1.8416688454472,54729,BLLAC,0.42904680967331,261084,AP-N202-F101,0,0,246.86610412598,269.25
03-OCT-2025,1.8416688454472,54729,BLLAC,0.42904680967331,273084,AP-N203-F102,0,0,302.10418701172,269.25
03-OCT-2025,1.8416688454472,54729,BLLAC,0.42904680967331,273084,AP-N204-F102,0,0,301.14514160156,269.25
03-OCT-2025,1.850835511379,54729,BLLAC,0.429014980793,261084,AP-N201-F101,0,0,239.9716796875,269.25
03-OCT-2025,1.850835511379,54729,BLLAC,0.429014980793,261084,AP-N202-F101,0,0,246.86610412598,269.25
03-OCT-2025,1.850835511379,54729,BLLAC,0.429014980793,273084,AP-N203-F102,0,0,302.10418701172,269.25
03-OCT-2025,1.850835511379,54729,BLLAC,0.429014980793,273084,AP-N204-F102,0,0,301.14514160156,269.25
03-OCT-2025,1.8602799544525,54729,BLLAC,0.42897772789001,261084,AP-N201-F101,0,0,239.9716796875,269.25
03-OCT-2025,1.8602799544525,54729,BLLAC,0.42897772789001,261084,AP-N202-F101,0,0,246.86610412598,269.25
03-OCT-2025,1.8602799544525,54729,BLLAC,0.42897772789001,273084,AP-N203-F102,0,0,302.10418701172,269.25
03-OCT-2025,1.8602799544525,54729,BLLAC,0.42897772789001,273084,AP-N204-F102,0,0,301.14514160156,269.25
03-OCT-2025,1.8697243973513,54729,BLLAC,0.42893582582474,261084,AP-N201-F101,0,0,239.9716796875,269.25
03-OCT-2025,1.8697243973513,54729,BLLAC,0.42893582582474,261084,AP-N202-F101,0,0,246.86610412598,269.25
03-OCT-2025,1.8697243973513,54729,BLLAC,0.42893582582474,273084,AP-N203-F102,0,0,302.10418701172,269.25
03-OCT-2025,1.8697243973513,54729,BLLAC,0.42893582582474,273084,AP-N204-F102,0,0,301.14514160156,269.25
03-OCT-2025,1.878891063807,54729,BLLAC,0.42889070510864,261084,AP-N201-F101,0,0,239.9716796875,269.25
03-OCT-2025,1.878891063807,54729,BLLAC,0.42889070510864,261084,AP-N202-F101,0,0,246.86610412598,269.25
03-OCT-2025,1.878891063807,54729,BLLAC,0.42889070510864,273084,AP-N203-F102,0,0,302.10418701172,269.25
03-OCT-2025,1.878891063807,54729,BLLAC,0.42889070510864,273084,AP-N204-F102,0,0,301.14514160156,269.25
03-OCT-2025,1.8880577295641,54729,BLLAC,0.42884138226509,261084,AP-N201-F101,0,0,239.9716796875,269.25
03-OCT-2025,1.8880577295641,54729,BLLAC,0.42884138226509,261084,AP-N202-F101,0,0,246.86610412598,269.25
03-OCT-2025,1.8880577295641,54729,BLLAC,0.42884138226509,273084,AP-N203-F102,0,0,302.10418701172,269.25
03-OCT-2025,1.8880577295641,54729,BLLAC,0.42884138226509,273084,AP-N204-F102,0,0,301.14514160156,269.25
03-OCT-2025,2.1274509527249,54738,CTA102,0.96092015504837,261084,AP-N201-F101,0.23488883674145,0.23488883674145,189.83474731445,268.64999389648
03-OCT-2025,2.1274509527249,54738,CTA102,0.96092015504837,261084,AP-N202-F101,0.25633031129837,0.25633031129837,205.48027038574,268.64999389648
03-OCT-2025,2.1274509527249,54738,CTA102,0.96092015504837,273084,AP-N203-F102,0.33252689242363,0.33252689242363,245.01455688477,268.64999389648
03-OCT-2025,2.1274509527249,54738,CTA102,0.96092015504837,273084,AP-N204-F102,0.34549883008003,0.34549883008003,249.37950134277,268.64999389648
03-OCT-2025,2.1455065065737,54742,CTA102,0.96119892597198,261084,AP-N201-F101,0.23488883674145,0.23488883674145,189.83474731445,268.64999389648
03-OCT-2025,2.1455065065737,54742,CTA102,0.96119892597198,261084,AP-N202-F101,0.25633031129837,0.25633031129837,205.48027038574,268.64999389648
03-OCT-2025,2.1455065065737,54742,CTA102,0.96119892597198,273084,AP-N203-F102,0.33252689242363,0.33252689242363,245.01455688477,268.64999389648
03-OCT-2025,2.1455065065737,54742,CTA102,0.96119892597198,273084,AP-N204-F102,0.34549883008003,0.34549883008003,249.37950134277,268.64999389648
03-OCT-2025,2.1546731751248,54742,CTA102,0.96132719516754,261084,AP-N201-F101,0.23488883674145,0.23488883674145,189.83474731445,268.64999389648
03-OCT-2025,2.1546731751248,54742,CTA102,0.96132719516754,261084,AP-N202-F101,0.25633031129837,0.25633031129837,205.48027038574,268.64999389648
03-OCT-2025,2.1546731751248,54742,CTA102,0.96132719516754,273084,AP-N203-F102,0.33252689242363,0.33252689242363,245.01455688477,268.64999389648
03-OCT-2025,2.1546731751248,54742,CTA102,0.96132719516754,273084,AP-N204-F102,0.34549883008003,0.34549883008003,249.37950134277,268.64999389648
03-OCT-2025,2.1638398415805,54742,CTA102,0.96144640445709,261084,AP-N201-F101,0.23488883674145,0.23488883674145,189.83474731445,268.64999389648
03-OCT-2025,2.1638398415805,54742,CTA102,0.96144640445709,261084,AP-N202-F101,0.25633031129837,0.25633031129837,205.48027038574,268.64999389648
03-OCT-2025,2.1638398415805,54742,CTA102,0.96144640445709,273084,AP-N203-F102,0.33252689242363,0.33252689242363,245.01455688477,268.64999389648
03-OCT-2025,2.1638398415805,54742,CTA102,0.96144640445709,273084,AP-N204-F102,0.34549883008003,0.34549883008003,249.37950134277,268.64999389648
03-OCT-2025,2.1728676188541,54742,CTA102,0.96155476570129,261084,AP-N201-F101,0.23488883674145,0.23488883674145,189.83474731445,268.64999389648
03-OCT-2025,2.1728676188541,54742,CTA102,0.96155476570129,261084,AP-N202-F101,0.25633031129837,0.25633031129837,205.48027038574,268.64999389648
03-OCT-2025,2.1728676188541,54742,CTA102,0.96155476570129,273084,AP-N203-F102,0.33252689242363,0.33252689242363,245.01455688477,268.64999389648
03-OCT-2025,2.1728676188541,54742,CTA102,0.96155476570129,273084,AP-N204-F102,0.34549883008003,0.34549883008003,249.37950134277,268.64999389648
03-OCT-2025,2.1824509532051,54742,CTA102,0.96166038513184,261084,AP-N201-F101,0.23488883674145,0.23488883674145,189.83474731445,268.64999389648
03-OCT-2025,2.1824509532051,54742,CTA102,0.96166038513184,261084,AP-N202-F101,0.25633031129837,0.25633031129837,205.48027038574,268.64999389648
03-OCT-2025,2.1824509532051,54742,CTA102,0.96166038513184,273084,AP-N203-F102,0.33252689242363,0.33252689242363,245.01455688477,268.64999389648
03-OCT-2025,2.1824509532051,54742,CTA102,0.96166038513184,273084,AP-N204-F102,0.34549883008003,0.34549883008003,249.37950134277,268.64999389648
03-OCT-2025,2.2616176180971,54749,3C454.3,0.87835204601288,261084,AP-N201-F101,0.22516058385372,0.22516058385372,191.49836730957,267.54998779297
03-OCT-2025,2.2616176180971,54749,3C454.3,0.87835204601288,261084,AP-N202-F101,0.24409839510918,0.24409839510918,206.79321289063,267.54998779297
03-OCT-2025,2.2616176180971,54749,3C454.3,0.87835204601288,273084,AP-N203-F102,0.31611886620522,0.31611886620522,246.29354858398,267.54998779297
03-OCT-2025,2.2616176180971,54749,3C454.3,0.87835204601288,273084,AP-N204-F102,0.32876417040825,0.32876417040825,251.1703338623,267.54998779297
03-OCT-2025,2.2706453958946,54749,3C454.3,0.87866830825806,261084,AP-N201-F101,0.22516058385372,0.22516058385372,191.49836730957,267.54998779297
03-OCT-2025,2.2706453958946,54749,3C454.3,0.87866830825806,261084,AP-N202-F101,0.24409839510918,0.24409839510918,206.79321289063,267.54998779297
03-OCT-2025,2.2706453958946,54749,3C454.3,0.87866830825806,273084,AP-N203-F102,0.31611886620522,0.31611886620522,246.29354858398,267.54998779297
03-OCT-2025,2.2706453958946,54749,3C454.3,0.87866830825806,273084,AP-N204-F102,0.32876417040825,0.32876417040825,251.1703338623,267.54998779297
03-OCT-2025,2.2798120618264,54749,3C454.3,0.87898176908493,261084,AP-N201-F101,0.22516058385372,0.22516058385372,191.49836730957,267.54998779297
03-OCT-2025,2.2798120618264,54749,3C454.3,0.87898176908493,261084,AP-N202-F101,0.24409839510918,0.24409839510918,206.79321289063,267.54998779297
03-OCT-2025,2.2798120618264,54749,3C454.3,0.87898176908493,273084,AP-N203-F102,0.31611886620522,0.31611886620522,246.29354858398,267.54998779297
03-OCT-2025,2.2798120618264,54749,3C454.3,0.87898176908493,273084,AP-N204-F102,0.32876417040825,0.32876417040825,251.1703338623,267.54998779297
03-OCT-2025,2.2889787277582,54749,3C454.3,0.87928730249405,261084,AP-N201-F101,0.22516058385372,0.22516058385372,191.49836730957,267.54998779297
03-OCT-2025,2.2889787277582,54749,3C454.3,0.87928730249405,261084,AP-N202-F101,0.24409839510918,0.24409839510918,206.79321289063,267.54998779297
03-OCT-2025,2.2889787277582,54749,3C454.3,0.87928730249405,273084,AP-N203-F102,0.31611886620522,0.31611886620522,246.29354858398,267.54998779297
03-OCT-2025,2.2889787277582,54749,3C454.3,0.87928730249405,273084,AP-N204-F102,0.32876417040825,0.32876417040825,251.1703338623,267.54998779297
03-OCT-2025,2.3621731730155,54756,CTA102,0.9617937207222,261084,AP-N201-F101,0.23332771658897,0.23332771658897,189.36785888672,270.25
03-OCT-2025,2.3621731730155,54756,CTA102,0.9617937207222,261084,AP-N202-F101,0.25462117791176,0.25462117791176,205.0301361084,270.25
03-OCT-2025,2.3621731730155,54756,CTA102,0.9617937207222,273084,AP-N203-F102,0.33010116219521,0.33010116219521,244.16030883789,270.25
03-OCT-2025,2.3621731730155,54756,CTA102,0.9617937207222,273084,AP-N204-F102,0.34248006343842,0.34248006343842,248.40698242188,270.25
03-OCT-2025,2.3713398389473,54756,CTA102,0.96170657873154,261084,AP-N201-F101,0.23332771658897,0.23332771658897,189.36785888672,270.25
03-OCT-2025,2.3713398389473,54756,CTA102,0.96170657873154,261084,AP-N202-F101,0.25462117791176,0.25462117791176,205.0301361084,270.25
03-OCT-2025,2.3713398389473,54756,CTA102,0.96170657873154,273084,AP-N203-F102,0.33010116219521,0.33010116219521,244.16030883789,270.25
03-OCT-2025,2.3713398389473,54756,CTA102,0.96170657873154,273084,AP-N204-F102,0.34248006343842,0.34248006343842,248.40698242188,270.25
03-OCT-2025,2.3806453938865,54756,CTA102,0.96160882711411,261084,AP-N201-F101,0.23332771658897,0.23332771658897,189.36785888672,270.25
03-OCT-2025,2.3806453938865,54756,CTA102,0.96160882711411,261084,AP-N202-F101,0.25462117791176,0.25462117791176,205.0301361084,270.25
03-OCT-2025,2.3806453938865,54756,CTA102,0.96160882711411,273084,AP-N203-F102,0.33010116219521,0.33010116219521,244.16030883789,270.25
03-OCT-2025,2.3806453938865,54756,CTA102,0.96160882711411,273084,AP-N204-F102,0.34248006343842,0.34248006343842,248.40698242188,270.25
03-OCT-2025,2.3899509488257,54756,CTA102,0.96150171756744,261084,AP-N201-F101,0.23332771658897,0.23332771658897,189.36785888672,270.25
03-OCT-2025,2.3899509488257,54756,CTA102,0.96150171756744,261084,AP-N202-F101,0.25462117791176,0.25462117791176,205.0301361084,270.25
03-OCT-2025,2.3899509488257,54756,CTA102,0.96150171756744,273084,AP-N203-F102,0.33010116219521,0.33010116219521,244.16030883789,270.25
03-OCT-2025,2.3899509488257,54756,CTA102,0.96150171756744,273084,AP-N204-F102,0.34248006343842,0.34248006343842,248.40698242188,270.25
03-OCT-2025,2.462312062134,54763,3C454.3,0.88357162475586,261084,AP-N201-F101,0.22353363037109,0.22353363037109,191.37292480469,269.54998779297
03-OCT-2025,2.462312062134,54763,3C454.3,0.88357162475586,261084,AP-N202-F101,0.24221612513065,0.24221612513065,206.1018371582,269.54998779297
03-OCT-2025,2.462312062134,54763,3C454.3,0.88357162475586,273084,AP-N203-F102,0.31475698947906,0.31475698947906,246.22845458984,269.54998779297
03-OCT-2025,2.462312062134,54763,3C454.3,0.88357162475586,273084,AP-N204-F102,0.32627305388451,0.32627305388451,250.24938964844,269.54998779297
03-OCT-2025,2.4714787280658,54763,3C454.3,0.88371872901917,261084,AP-N201-F101,0.22353363037109,0.22353363037109,191.37292480469,269.54998779297
03-OCT-2025,2.4714787280658,54763,3C454.3,0.88371872901917,261084,AP-N202-F101,0.24221612513065,0.24221612513065,206.1018371582,269.54998779297
03-OCT-2025,2.4714787280658,54763,3C454.3,0.88371872901917,273084,AP-N203-F102,0.31475698947906,0.31475698947906,246.22845458984,269.54998779297
03-OCT-2025,2.4714787280658,54763,3C454.3,0.88371872901917,273084,AP-N204-F102,0.32627305388451,0.32627305388451,250.24938964844,269.54998779297
03-OCT-2025,2.4809231718378,54763,3C454.3,0.88386178016663,261084,AP-N201-F101,0.22353363037109,0.22353363037109,191.37292480469,269.54998779297
03-OCT-2025,2.4809231718378,54763,3C454.3,0.88386178016663,261084,AP-N202-F101,0.24221612513065,0.24221612513065,206.1018371582,269.54998779297
03-OCT-2025,2.4809231718378,54763,3C454.3,0.88386178016663,273084,AP-N203-F102,0.31475698947906,0.31475698947906,246.22845458984,269.54998779297
03-OCT-2025,2.4809231718378,54763,3C454.3,0.88386178016663,273084,AP-N204-F102,0.32627305388451,0.32627305388451,250.24938964844,269.54998779297
03-OCT-2025,2.4900898377696,54763,3C454.3,0.88399255275726,261084,AP-N201-F101,0.22353363037109,0.22353363037109,191.37292480469,269.54998779297
03-OCT-2025,2.4900898377696,54763,3C454.3,0.88399255275726,261084,AP-N202-F101,0.24221612513065,0.24221612513065,206.1018371582,269.54998779297
03-OCT-2025,2.4900898377696,54763,3C454.3,0.88399255275726,273084,AP-N203-F102,0.31475698947906,0.31475698947906,246.22845458984,269.54998779297
03-OCT-2025,2.4900898377696,54763,3C454.3,0.88399255275726,273084,AP-N204-F102,0.32627305388451,0.32627305388451,250.24938964844,269.54998779297
03-OCT-2025,2.6775898369303,54768,3C454.3,0.88489764928818,261084,AP-N201-F101,0.22266465425491,0.22266465425491,190.76159667969,269.85000610352
03-OCT-2025,2.6775898369303,54768,3C454.3,0.88489764928818,261084,AP-N202-F101,0.24110069870949,0.24110069870949,205.4847869873,269.85000610352
03-OCT-2025,2.6775898369303,54768,3C454.3,0.88489764928818,273084,AP-N203-F102,0.31324627995491,0.31324627995491,245.37010192871,269.85000610352
03-OCT-2025,2.6775898369303,54768,3C454.3,0.88489764928818,273084,AP-N204-F102,0.32491746544838,0.32491746544838,249.3549041748,269.85000610352
03-OCT-2025,2.6945342804661,54772,3C454.3,0.88481265306473,261084,AP-N201-F101,0.22266465425491,0.22266465425491,190.76159667969,269.85000610352
03-OCT-2025,2.6945342804661,54772,3C454.3,0.88481265306473,261084,AP-N202-F101,0.24110069870949,0.24110069870949,205.4847869873,269.85000610352
03-OCT-2025,2.6945342804661,54772,3C454.3,0.88481265306473,273084,AP-N203-F102,0.31324627995491,0.31324627995491,245.37010192871,269.85000610352
03-OCT-2025,2.6945342804661,54772,3C454.3,0.88481265306473,273084,AP-N204-F102,0.32491746544838,0.32491746544838,249.3549041748,269.85000610352
03-OCT-2025,2.7038398347068,54772,3C454.3,0.88475435972214,261084,AP-N201-F101,0.22266465425491,0.22266465425491,190.76159667969,269.85000610352
03-OCT-2025,2.7038398347068,54772,3C454.3,0.88475435972214,261084,AP-N202-F101,0.24110069870949,0.24110069870949,205.4847869873,269.85000610352
03-OCT-2025,2.7038398347068,54772,3C454.3,0.88475435972214,273084,AP-N203-F102,0.31324627995491,0.31324627995491,245.37010192871,269.85000610352
03-OCT-2025,2.7038398347068,54772,3C454.3,0.88475435972214,273084,AP-N204-F102,0.32491746544838,0.32491746544838,249.3549041748,269.85000610352
03-OCT-2025,2.7128676123297,54772,3C454.3,0.88468998670578,261084,AP-N201-F101,0.22266465425491,0.22266465425491,190.76159667969,269.85000610352
03-OCT-2025,2.7128676123297,54772,3C454.3,0.88468998670578,261084,AP-N202-F101,0.24110069870949,0.24110069870949,205.4847869873,269.85000610352
03-OCT-2025,2.7128676123297,54772,3C454.3,0.88468998670578,273084,AP-N203-F102,0.31324627995491,0.31324627995491,245.37010192871,269.85000610352
03-OCT-2025,2.7128676123297,54772,3C454.3,0.88468998670578,273084,AP-N204-F102,0.32491746544838,0.32491746544838,249.3549041748,269.85000610352
03-OCT-2025,2.7220342786107,54772,3C454.3,0.88461649417877,261084,AP-N201-F101,0.22266465425491,0.22266465425491,190.76159667969,269.85000610352
03-OCT-2025,2.7220342786107,54772,3C454.3,0.88461649417877,261084,AP-N202-F101,0.24110069870949,0.24110069870949,205.4847869873,269.85000610352
03-OCT-2025,2.7220342786107,54772,3C454.3,0.88461649417877,273084,AP-N203-F102,0.31324627995491,0.31324627995491,245.37010192871,269.85000610352
03-OCT-2025,2.7220342786107,54772,3C454.3,0.88461649417877,273084,AP-N204-F102,0.32491746544838,0.32491746544838,249.3549041748,269.85000610352
03-OCT-2025,2.79467316941,54779,CTA102,0.94790726900101,261084,AP-N201-F101,0.23269709944725,0.23269709944725,189.6416015625,269.54998779297
03-OCT-2025,2.79467316941,54779,CTA102,0.94790726900101,261084,AP-N202-F101,0.25411334633827,0.25411334633827,205.65478515625,269.54998779297
03-OCT-2025,2.79467316941,54779,CTA102,0.94790726900101,273084,AP-N203-F102,0.32895612716675,0.32895612716675,244.69613647461,269.54998779297
03-OCT-2025,2.79467316941,54779,CTA102,0.94790726900101,273084,AP-N204-F102,0.3417631983757,0.3417631983757,249.44366455078,269.54998779297
03-OCT-2025,2.8037009466836,54779,CTA102,0.94740945100784,261084,AP-N201-F101,0.23269709944725,0.23269709944725,189.6416015625,269.54998779297
03-OCT-2025,2.8037009466836,54779,CTA102,0.94740945100784,261084,AP-N202-F101,0.25411334633827,0.25411334633827,205.65478515625,269.54998779297
03-OCT-2025,2.8037009466836,54779,CTA102,0.94740945100784,273084,AP-N203-F102,0.32895612716675,0.32895612716675,244.69613647461,269.54998779297
03-OCT-2025,2.8037009466836,54779,CTA102,0.94740945100784,273084,AP-N204-F102,0.3417631983757,0.3417631983757,249.44366455078,269.54998779297
03-OCT-2025,2.8128676129647,54779,CTA102,0.94689553976059,261084,AP-N201-F101,0.23269709944725,0.23269709944725,189.6416015625,269.54998779297
03-OCT-2025,2.8128676129647,54779,CTA102,0.94689553976059,261084,AP-N202-F101,0.25411334633827,0.25411334633827,205.65478515625,269.54998779297
03-OCT-2025,2.8128676129647,54779,CTA102,0.94689553976059,273084,AP-N203-F102,0.32895612716675,0.32895612716675,244.69613647461,269.54998779297
03-OCT-2025,2.8128676129647,54779,CTA102,0.94689553976059,273084,AP-N204-F102,0.3417631983757,0.3417631983757,249.44366455078,269.54998779297
03-OCT-2025,2.8221731680785,54779,CTA102,0.94636517763138,261084,AP-N201-F101,0.23269709944725,0.23269709944725,189.6416015625,269.54998779297
03-OCT-2025,2.8221731680785,54779,CTA102,0.94636517763138,261084,AP-N202-F101,0.25411334633827,0.25411334633827,205.65478515625,269.54998779297
03-OCT-2025,2.8221731680785,54779,CTA102,0.94636517763138,273084,AP-N203-F102,0.32895612716675,0.32895612716675,244.69613647461,269.54998779297
03-OCT-2025,2.8221731680785,54779,CTA102,0.94636517763138,273084,AP-N204-F102,0.3417631983757,0.3417631983757,249.44366455078,269.54998779297
03-OCT-2025,2.896339833419,54786,3C454.3,0.88168966770172,261084,AP-N201-F101,0.22326292097569,0.22326292097569,190.3874206543,269.85000610352
03-OCT-2025,2.896339833419,54786,3C454.3,0.88168966770172,261084,AP-N202-F101,0.24202205240726,0.24202205240726,205.99598693848,269.85000610352
03-OCT-2025,2.896339833419,54786,3C454.3,0.88168966770172,273084,AP-N203-F102,0.31354463100433,0.31354463100433,244.95903015137,269.85000610352
03-OCT-2025,2.896339833419,54786,3C454.3,0.88168966770172,273084,AP-N204-F102,0.32587644457817,0.32587644457817,249.94512939453,269.85000610352
03-OCT-2025,2.9055064995254,54786,3C454.3,0.88145565986633,261084,AP-N201-F101,0.22326292097569,0.22326292097569,190.3874206543,269.85000610352
03-OCT-2025,2.9055064995254,54786,3C454.3,0.88145565986633,261084,AP-N202-F101,0.24202205240726,0.24202205240726,205.99598693848,269.85000610352
03-OCT-2025,2.9055064995254,54786,3C454.3,0.88145565986633,273084,AP-N203-F102,0.31354463100433,0.31354463100433,244.95903015137,269.85000610352
03-OCT-2025,2.9055064995254,54786,3C454.3,0.88145565986633,273084,AP-N204-F102,0.32587644457817,0.32587644457817,249.94512939453,269.85000610352
03-OCT-2025,2.9146731658064,54786,3C454.3,0.88121372461319,261084,AP-N201-F101,0.22326292097569,0.22326292097569,190.3874206543,269.85000610352
03-OCT-2025,2.9146731658064,54786,3C454.3,0.88121372461319,261084,AP-N202-F101,0.24202205240726,0.24202205240726,205.99598693848,269.85000610352
03-OCT-2025,2.9146731658064,54786,3C454.3,0.88121372461319,273084,AP-N203-F102,0.31354463100433,0.31354463100433,244.95903015137,269.85000610352
03-OCT-2025,2.9146731658064,54786,3C454.3,0.88121372461319,273084,AP-N204-F102,0.32587644457817,0.32587644457817,249.94512939453,269.85000610352
03-OCT-2025,2.9239787230157,54786,3C454.3,0.88095998764038,261084,AP-N201-F101,0.22326292097569,0.22326292097569,190.3874206543,269.85000610352
03-OCT-2025,2.9239787230157,54786,3C454.3,0.88095998764038,261084,AP-N202-F101,0.24202205240726,0.24202205240726,205.99598693848,269.85000610352
03-OCT-2025,2.9239787230157,54786,3C454.3,0.88095998764038,273084,AP-N203-F102,0.31354463100433,0.31354463100433,244.95903015137,269.85000610352
03-OCT-2025,2.9239787230157,54786,3C454.3,0.88095998764038,273084,AP-N204-F102,0.32587644457817,0.32587644457817,249.94512939453,269.85000610352
03-OCT-2025,2.9956453902394,54793,CTA102,0.93490970134735,261084,AP-N201-F101,0.23181767761707,0.23181767761707,189.32432556152,268.95001220703
03-OCT-2025,2.9956453902394,54793,CTA102,0.93490970134735,261084,AP-N202-F101,0.25307503342628,0.25307503342628,205.85469055176,268.95001220703
03-OCT-2025,2.9956453902394,54793,CTA102,0.93490970134735,273084,AP-N203-F102,0.32686239480972,0.32686239480972,243.91374206543,268.95001220703
03-OCT-2025,2.9956453902394,54793,CTA102,0.93490970134735,273084,AP-N204-F102,0.34022763371468,0.34022763371468,249.60801696777,268.95001220703
03-OCT-2025,3.0048120565204,54793,CTA102,0.93422329425812,261084,AP-N201-F101,0.23181767761707,0.23181767761707,189.32432556152,268.95001220703
03-OCT-2025,3.0048120565204,54793,CTA102,0.93422329425812,261084,AP-N202-F101,0.25307503342628,0.25307503342628,205.85469055176,268.95001220703
03-OCT-2025,3.0048120565204,54793,CTA102,0.93422329425812,273084,AP-N203-F102,0.32686239480972,0.32686239480972,243.91374206543,268.95001220703
03-OCT-2025,3.0048120565204,54793,CTA102,0.93422329425812,273084,AP-N204-F102,0.34022763371468,0.34022763371468,249.60801696777,268.95001220703
03-OCT-2025,3.0139787224522,54793,CTA102,0.93352884054184,261084,AP-N201-F101,0.23181767761707,0.23181767761707,189.32432556152,268.95001220703
03-OCT-2025,3.0139787224522,54793,CTA102,0.93352884054184,261084,AP-N202-F101,0.25307503342628,0.25307503342628,205.85469055176,268.95001220703
03-OCT-2025,3.0139787224522,54793,CTA102,0.93352884054184,273084,AP-N203-F102,0.32686239480972,0.32686239480972,243.91374206543,268.95001220703
03-OCT-2025,3.0139787224522,54793,CTA102,0.93352884054184,273084,AP-N204-F102,0.34022763371468,0.34022763371468,249.60801696777,268.95001220703
03-OCT-2025,3.0231453890825,54793,CTA102,0.93282639980316,261084,AP-N201-F101,0.23181767761707,0.23181767761707,189.32432556152,268.95001220703
03-OCT-2025,3.0231453890825,54793,CTA102,0.93282639980316,261084,AP-N202-F101,0.25307503342628,0.25307503342628,205.85469055176,268.95001220703
03-OCT-2025,3.0231453890825,54793,CTA102,0.93282639980316,273084,AP-N203-F102,0.32686239480972,0.32686239480972,243.91374206543,268.95001220703
03-OCT-2025,3.0231453890825,54793,CTA102,0.93282639980316,273084,AP-N204-F102,0.34022763371468,0.34022763371468,249.60801696777,268.95001220703
03-OCT-2025,3.2120896702983,54802,BLLAC,0.37745451927185,261084,AP-N201-F101,0.13557395339012,0.13557395339012,226.03103637695,269.45001220703
03-OCT-2025,3.2120896702983,54802,BLLAC,0.37745451927185,261084,AP-N202-F101,0.13654391467571,0.13654391467571,231.21826171875,269.45001220703
03-OCT-2025,3.2120896702983,54802,BLLAC,0.37745451927185,273084,AP-N203-F102,0.17948061227798,0.17948061227798,282.68783569336,269.45001220703
03-OCT-2025,3.2120896702983,54802,BLLAC,0.37745451927185,273084,AP-N204-F102,0.181038454175,0.181038454175,280.61001586914,269.45001220703
03-OCT-2025,3.2294507827772,54806,BLLAC,0.37622314691544,261084,AP-N201-F101,0.13557395339012,0.13557395339012,226.03103637695,269.45001220703
03-OCT-2025,3.2294507827772,54806,BLLAC,0.37622314691544,261084,AP-N202-F101,0.13654391467571,0.13654391467571,231.21826171875,269.45001220703
03-OCT-2025,3.2294507827772,54806,BLLAC,0.37622314691544,273084,AP-N203-F102,0.17948061227798,0.17948061227798,282.68783569336,269.45001220703
03-OCT-2025,3.2294507827772,54806,BLLAC,0.37622314691544,273084,AP-N204-F102,0.181038454175,0.181038454175,280.61001586914,269.45001220703
03-OCT-2025,3.2388952255015,54806,BLLAC,0.37554773688316,261084,AP-N201-F101,0.13557395339012,0.13557395339012,226.03103637695,269.45001220703
03-OCT-2025,3.2388952255015,54806,BLLAC,0.37554773688316,261084,AP-N202-F101,0.13654391467571,0.13654391467571,231.21826171875,269.45001220703
03-OCT-2025,3.2388952255015,54806,BLLAC,0.37554773688316,273084,AP-N203-F102,0.17948061227798,0.17948061227798,282.68783569336,269.45001220703
03-OCT-2025,3.2388952255015,54806,BLLAC,0.37554773688316,273084,AP-N204-F102,0.181038454175,0.181038454175,280.61001586914,269.45001220703
03-OCT-2025,3.2480618916079,54806,BLLAC,0.37488842010498,261084,AP-N201-F101,0.13557395339012,0.13557395339012,226.03103637695,269.45001220703
03-OCT-2025,3.2480618916079,54806,BLLAC,0.37488842010498,261084,AP-N202-F101,0.13654391467571,0.13654391467571,231.21826171875,269.45001220703
03-OCT-2025,3.2480618916079,54806,BLLAC,0.37488842010498,273084,AP-N203-F102,0.17948061227798,0.17948061227798,282.68783569336,269.45001220703
03-OCT-2025,3.2480618916079,54806,BLLAC,0.37488842010498,273084,AP-N204-F102,0.181038454175,0.181038454175,280.61001586914,269.45001220703
03-OCT-2025,3.2572285575397,54806,BLLAC,0.37422531843185,261084,AP-N201-F101,0.13557395339012,0.13557395339012,226.03103637695,269.45001220703
03-OCT-2025,3.2572285575397,54806,BLLAC,0.37422531843185,261084,AP-N202-F101,0.13654391467571,0.13654391467571,231.21826171875,269.45001220703
03-OCT-2025,3.2572285575397,54806,BLLAC,0.37422531843185,273084,AP-N203-F102,0.17948061227798,0.17948061227798,282.68783569336,269.45001220703
03-OCT-2025,3.2572285575397,54806,BLLAC,0.37422531843185,273084,AP-N204-F102,0.181038454175,0.181038454175,280.61001586914,269.45001220703
03-OCT-2025,3.2665341124789,54806,BLLAC,0.37354841828346,261084,AP-N201-F101,0.13557395339012,0.13557395339012,226.03103637695,269.45001220703
03-OCT-2025,3.2665341124789,54806,BLLAC,0.37354841828346,261084,AP-N202-F101,0.13654391467571,0.13654391467571,231.21826171875,269.45001220703
03-OCT-2025,3.2665341124789,54806,BLLAC,0.37354841828346,273084,AP-N203-F102,0.17948061227798,0.17948061227798,282.68783569336,269.45001220703
03-OCT-2025,3.2665341124789,54806,BLLAC,0.37354841828346,273084,AP-N204-F102,0.181038454175,0.181038454175,280.61001586914,269.45001220703
03-OCT-2025,3.2758396667196,54806,BLLAC,0.37286755442619,261084,AP-N201-F101,0.13557395339012,0.13557395339012,226.03103637695,269.45001220703
03-OCT-2025,3.2758396667196,54806,BLLAC,0.37286755442619,261084,AP-N202-F101,0.13654391467571,0.13654391467571,231.21826171875,269.45001220703
03-OCT-2025,3.2758396667196,54806,BLLAC,0.37286755442619,273084,AP-N203-F102,0.17948061227798,0.17948061227798,282.68783569336,269.45001220703
03-OCT-2025,3.2758396667196,54806,BLLAC,0.37286755442619,273084,AP-N204-F102,0.181038454175,0.181038454175,280.61001586914,269.45001220703
03-OCT-2025,3.2852841103169,54806,BLLAC,0.37217271327972,261084,AP-N201-F101,0.13557395339012,0.13557395339012,226.03103637695,269.45001220703
03-OCT-2025,3.2852841103169,54806,BLLAC,0.37217271327972,261084,AP-N202-F101,0.13654391467571,0.13654391467571,231.21826171875,269.45001220703
03-OCT-2025,3.2852841103169,54806,BLLAC,0.37217271327972,273084,AP-N203-F102,0.17948061227798,0.17948061227798,282.68783569336,269.45001220703
03-OCT-2025,3.2852841103169,54806,BLLAC,0.37217271327972,273084,AP-N204-F102,0.181038454175,0.181038454175,280.61001586914,269.45001220703
03-OCT-2025,3.2947285532158,54806,BLLAC,0.37147387862206,261084,AP-N201-F101,0.13557395339012,0.13557395339012,226.03103637695,269.45001220703
03-OCT-2025,3.2947285532158,54806,BLLAC,0.37147387862206,261084,AP-N202-F101,0.13654391467571,0.13654391467571,231.21826171875,269.45001220703
03-OCT-2025,3.2947285532158,54806,BLLAC,0.37147387862206,273084,AP-N203-F102,0.17948061227798,0.17948061227798,282.68783569336,269.45001220703
03-OCT-2025,3.2947285532158,54806,BLLAC,0.37147387862206,273084,AP-N204-F102,0.181038454175,0.181038454175,280.61001586914,269.45001220703
03-OCT-2025,3.3038952205446,54806,BLLAC,0.37079182267189,261084,AP-N201-F101,0.13557395339012,0.13557395339012,226.03103637695,269.45001220703
03-OCT-2025,3.3038952205446,54806,BLLAC,0.37079182267189,261084,AP-N202-F101,0.13654391467571,0.13654391467571,231.21826171875,269.45001220703
03-OCT-2025,3.3038952205446,54806,BLLAC,0.37079182267189,273084,AP-N203-F102,0.17948061227798,0.17948061227798,282.68783569336,269.45001220703
03-OCT-2025,3.3038952205446,54806,BLLAC,0.37079182267189,273084,AP-N204-F102,0.181038454175,0.181038454175,280.61001586914,269.45001220703
03-OCT-2025,3.3133396667613,54806,BLLAC,0.37008529901505,261084,AP-N201-F101,0.13557395339012,0.13557395339012,226.03103637695,269.45001220703
03-OCT-2025,3.3133396667613,54806,BLLAC,0.37008529901505,261084,AP-N202-F101,0.13654391467571,0.13654391467571,231.21826171875,269.45001220703
03-OCT-2025,3.3133396667613,54806,BLLAC,0.37008529901505,273084,AP-N203-F102,0.17948061227798,0.17948061227798,282.68783569336,269.45001220703
03-OCT-2025,3.3133396667613,54806,BLLAC,0.37008529901505,273084,AP-N204-F102,0.181038454175,0.181038454175,280.61001586914,269.45001220703
03-OCT-2025,3.322784110184,54806,BLLAC,0.36937469244003,261084,AP-N201-F101,0.13557395339012,0.13557395339012,226.03103637695,269.45001220703
03-OCT-2025,3.322784110184,54806,BLLAC,0.36937469244003,261084,AP-N202-F101,0.13654391467571,0.13654391467571,231.21826171875,269.45001220703
03-OCT-2025,3.322784110184,54806,BLLAC,0.36937469244003,273084,AP-N203-F102,0.17948061227798,0.17948061227798,282.68783569336,269.45001220703
03-OCT-2025,3.322784110184,54806,BLLAC,0.36937469244003,273084,AP-N204-F102,0.181038454175,0.181038454175,280.61001586914,269.45001220703
03-OCT-2025,3.4372285600797,54811,BLLAC,0.36045560240746,261084,AP-N201-F101,0,0,248.78239440918,269.95001220703
03-OCT-2025,3.4372285600797,54811,BLLAC,0.36045560240746,261084,AP-N202-F101,0,0,253.40238952637,269.95001220703
03-OCT-2025,3.4372285600797,54811,BLLAC,0.36045560240746,273084,AP-N203-F102,0,0,312.62979125977,269.95001220703
03-OCT-2025,3.4372285600797,54811,BLLAC,0.36045560240746,273084,AP-N204-F102,0,0,309.30633544922,269.95001220703
03-OCT-2025,3.4527841114461,54815,BLLAC,0.35919937491417,261084,AP-N201-F101,0,0,248.78239440918,269.95001220703
03-OCT-2025,3.4527841114461,54815,BLLAC,0.35919937491417,261084,AP-N202-F101,0,0,253.40238952637,269.95001220703
03-OCT-2025,3.4527841114461,54815,BLLAC,0.35919937491417,273084,AP-N203-F102,0,0,312.62979125977,269.95001220703
03-OCT-2025,3.4527841114461,54815,BLLAC,0.35919937491417,273084,AP-N204-F102,0,0,309.30633544922,269.95001220703
03-OCT-2025,3.4619507775525,54815,BLLAC,0.35845431685448,261084,AP-N201-F101,0,0,248.78239440918,269.95001220703
03-OCT-2025,3.4619507775525,54815,BLLAC,0.35845431685448,261084,AP-N202-F101,0,0,253.40238952637,269.95001220703
03-OCT-2025,3.4619507775525,54815,BLLAC,0.35845431685448,273084,AP-N203-F102,0,0,312.62979125977,269.95001220703
03-OCT-2025,3.4619507775525,54815,BLLAC,0.35845431685448,273084,AP-N204-F102,0,0,309.30633544922,269.95001220703
03-OCT-2025,3.4713952204513,54815,BLLAC,0.35768297314644,261084,AP-N201-F101,0,0,248.78239440918,269.95001220703
03-OCT-2025,3.4713952204513,54815,BLLAC,0.35768297314644,261084,AP-N202-F101,0,0,253.40238952637,269.95001220703
03-OCT-2025,3.4713952204513,54815,BLLAC,0.35768297314644,273084,AP-N203-F102,0,0,312.62979125977,269.95001220703
03-OCT-2025,3.4713952204513,54815,BLLAC,0.35768297314644,273084,AP-N204-F102,0,0,309.30633544922,269.95001220703
03-OCT-2025,3.4807007757398,54815,BLLAC,0.35691925883293,261084,AP-N201-F101,0,0,248.78239440918,269.95001220703
03-OCT-2025,3.4807007757398,54815,BLLAC,0.35691925883293,261084,AP-N202-F101,0,0,253.40238952637,269.95001220703
03-OCT-2025,3.4807007757398,54815,BLLAC,0.35691925883293,273084,AP-N203-F102,0,0,312.62979125977,269.95001220703
03-OCT-2025,3.4807007757398,54815,BLLAC,0.35691925883293,273084,AP-N204-F102,0,0,309.30633544922,269.95001220703
03-OCT-2025,3.4902841072968,54815,BLLAC,0.35612887144089,261084,AP-N201-F101,0,0,248.78239440918,269.95001220703
03-OCT-2025,3.4902841072968,54815,BLLAC,0.35612887144089,261084,AP-N202-F101,0,0,253.40238952637,269.95001220703
03-OCT-2025,3.4902841072968,54815,BLLAC,0.35612887144089,273084,AP-N203-F102,0,0,312.62979125977,269.95001220703
03-OCT-2025,3.4902841072968,54815,BLLAC,0.35612887144089,273084,AP-N204-F102,0,0,309.30633544922,269.95001220703
03-OCT-2025,3.4997285543866,54815,BLLAC,0.3553461432457,261084,AP-N201-F101,0,0,248.78239440918,269.95001220703
03-OCT-2025,3.4997285543866,54815,BLLAC,0.3553461432457,261084,AP-N202-F101,0,0,253.40238952637,269.95001220703
03-OCT-2025,3.4997285543866,54815,BLLAC,0.3553461432457,273084,AP-N203-F102,0,0,312.62979125977,269.95001220703
03-OCT-2025,3.4997285543866,54815,BLLAC,0.3553461432457,273084,AP-N204-F102,0,0,309.30633544922,269.95001220703
03-OCT-2025,3.5091729978093,54815,BLLAC,0.35455960035324,261084,AP-N201-F101,0,0,248.78239440918,269.95001220703
03-OCT-2025,3.5091729978093,54815,BLLAC,0.35455960035324,261084,AP-N202-F101,0,0,253.40238952637,269.95001220703
03-OCT-2025,3.5091729978093,54815,BLLAC,0.35455960035324,273084,AP-N203-F102,0,0,312.62979125977,269.95001220703
03-OCT-2025,3.5091729978093,54815,BLLAC,0.35455960035324,273084,AP-N204-F102,0,0,309.30633544922,269.95001220703
03-OCT-2025,3.518617441232,54815,BLLAC,0.35376930236816,261084,AP-N201-F101,0,0,248.78239440918,269.95001220703
03-OCT-2025,3.518617441232,54815,BLLAC,0.35376930236816,261084,AP-N202-F101,0,0,253.40238952637,269.95001220703
03-OCT-2025,3.518617441232,54815,BLLAC,0.35376930236816,273084,AP-N203-F102,0,0,312.62979125977,269.95001220703
03-OCT-2025,3.518617441232,54815,BLLAC,0.35376930236816,273084,AP-N204-F102,0,0,309.30633544922,269.95001220703
03-OCT-2025,3.5280618893696,54815,BLLAC,0.35297524929047,261084,AP-N201-F101,0,0,248.78239440918,269.95001220703
03-OCT-2025,3.5280618893696,54815,BLLAC,0.35297524929047,261084,AP-N202-F101,0,0,253.40238952637,269.95001220703
03-OCT-2025,3.5280618893696,54815,BLLAC,0.35297524929047,273084,AP-N203-F102,0,0,312.62979125977,269.95001220703
03-OCT-2025,3.5280618893696,54815,BLLAC,0.35297524929047,273084,AP-N204-F102,0,0,309.30633544922,269.95001220703
03-OCT-2025,3.5373674439595,54815,BLLAC,0.35218918323517,261084,AP-N201-F101,0,0,248.78239440918,269.95001220703
03-OCT-2025,3.5373674439595,54815,BLLAC,0.35218918323517,261084,AP-N202-F101,0,0,253.40238952637,269.95001220703
03-OCT-2025,3.5373674439595,54815,BLLAC,0.35218918323517,273084,AP-N203-F102,0,0,312.62979125977,269.95001220703
03-OCT-2025,3.5373674439595,54815,BLLAC,0.35218918323517,273084,AP-N204-F102,0,0,309.30633544922,269.95001220703
03-OCT-2025,3.5466729980256,54815,BLLAC,0.35139948129654,261084,AP-N201-F101,0,0,248.78239440918,269.95001220703
03-OCT-2025,3.5466729980256,54815,BLLAC,0.35139948129654,261084,AP-N202-F101,0,0,253.40238952637,269.95001220703
03-OCT-2025,3.5466729980256,54815,BLLAC,0.35139948129654,273084,AP-N203-F102,0,0,312.62979125977,269.95001220703
03-OCT-2025,3.5466729980256,54815,BLLAC,0.35139948129654,273084,AP-N204-F102,0,0,309.30633544922,269.95001220703
03-OCT-2025,3.8307077706523,54824,0420-014,0.41949442028999,261084,AP-N201-F101,0.14651125669479,0.14651125669479,224.01542663574,268.75
03-OCT-2025,3.8307077706523,54824,0420-014,0.41949442028999,261084,AP-N202-F101,0.14788134396076,0.14788134396076,232.92036437988,268.75
03-OCT-2025,3.8307077706523,54824,0420-014,0.41949442028999,273084,AP-N203-F102,0.19463810324669,0.19463810324669,280.52536010742,268.75
03-OCT-2025,3.8307077706523,54824,0420-014,0.41949442028999,273084,AP-N204-F102,0.19564582407475,0.19564582407475,281.12115478516,268.75
03-OCT-2025,4.047791103767,54831,3C120,0.38018813729286,261084,AP-N201-F101,0.13880695402622,0.13880695402622,232.17938232422,269.35000610352
03-OCT-2025,4.047791103767,54831,3C120,0.38018813729286,261084,AP-N202-F101,0.1394911557436,0.1394911557436,240.17677307129,269.35000610352
03-OCT-2025,4.047791103767,54831,3C120,0.38018813729286,273084,AP-N203-F102,0.18351456522942,0.18351456522942,290.65411376953,269.35000610352
03-OCT-2025,4.047791103767,54831,3C120,0.38018813729286,273084,AP-N204-F102,0.18410575389862,0.18410575389862,290.35934448242,269.35000610352
03-OCT-2025,4.0572355464913,54831,3C120,0.38237860798836,261084,AP-N201-F101,0.13880695402622,0.13880695402622,232.17938232422,269.35000610352
03-OCT-2025,4.0572355464913,54831,3C120,0.38237860798836,261084,AP-N202-F101,0.1394911557436,0.1394911557436,240.17677307129,269.35000610352
03-OCT-2025,4.0572355464913,54831,3C120,0.38237860798836,273084,AP-N203-F102,0.18351456522942,0.18351456522942,290.65411376953,269.35000610352
03-OCT-2025,4.0572355464913,54831,3C120,0.38237860798836,273084,AP-N204-F102,0.18410575389862,0.18410575389862,290.35934448242,269.35000610352
03-OCT-2025,4.0664022127723,54831,3C120,0.38450387120247,261084,AP-N201-F101,0.13880695402622,0.13880695402622,232.17938232422,269.35000610352
03-OCT-2025,4.0664022127723,54831,3C120,0.38450387120247,261084,AP-N202-F101,0.1394911557436,0.1394911557436,240.17677307129,269.35000610352
03-OCT-2025,4.0664022127723,54831,3C120,0.38450387120247,273084,AP-N203-F102,0.18351456522942,0.18351456522942,290.65411376953,269.35000610352
03-OCT-2025,4.0664022127723,54831,3C120,0.38450387120247,273084,AP-N204-F102,0.18410575389862,0.18410575389862,290.35934448242,269.35000610352
03-OCT-2025,4.0758466556712,54831,3C120,0.38669273257256,261084,AP-N201-F101,0.13880695402622,0.13880695402622,232.17938232422,269.35000610352
03-OCT-2025,4.0758466556712,54831,3C120,0.38669273257256,261084,AP-N202-F101,0.1394911557436,0.1394911557436,240.17677307129,269.35000610352
03-OCT-2025,4.0758466556712,54831,3C120,0.38669273257256,273084,AP-N203-F102,0.18351456522942,0.18351456522942,290.65411376953,269.35000610352
03-OCT-2025,4.0758466556712,54831,3C120,0.38669273257256,273084,AP-N204-F102,0.18410575389862,0.18410575389862,290.35934448242,269.35000610352
03-OCT-2025,4.1483466544945,54838,0420-014,0.49496048688889,261084,AP-N201-F101,0.16256146132946,0.16256146132946,216.33457946777,269.14999389648
03-OCT-2025,4.1483466544945,54838,0420-014,0.49496048688889,261084,AP-N202-F101,0.16565795242786,0.16565795242786,226.52523803711,269.14999389648
03-OCT-2025,4.1483466544945,54838,0420-014,0.49496048688889,273084,AP-N203-F102,0.21795348823071,0.21795348823071,272.4485168457,269.14999389648
03-OCT-2025,4.1483466544945,54838,0420-014,0.49496048688889,273084,AP-N204-F102,0.22033080458641,0.22033080458641,273.79705810547,269.14999389648
03-OCT-2025,4.1575133232202,54838,0420-014,0.49712970852852,261084,AP-N201-F101,0.16256146132946,0.16256146132946,216.33457946777,269.14999389648
03-OCT-2025,4.1575133232202,54838,0420-014,0.49712970852852,261084,AP-N202-F101,0.16565795242786,0.16565795242786,226.52523803711,269.14999389648
03-OCT-2025,4.1575133232202,54838,0420-014,0.49712970852852,273084,AP-N203-F102,0.21795348823071,0.21795348823071,272.4485168457,269.14999389648
03-OCT-2025,4.1575133232202,54838,0420-014,0.49712970852852,273084,AP-N204-F102,0.22033080458641,0.22033080458641,273.79705810547,269.14999389648
03-OCT-2025,4.1669577661191,54838,0420-014,0.49936419725418,261084,AP-N201-F101,0.16256146132946,0.16256146132946,216.33457946777,269.14999389648
03-OCT-2025,4.1669577661191,54838,0420-014,0.49936419725418,261084,AP-N202-F101,0.16565795242786,0.16565795242786,226.52523803711,269.14999389648
03-OCT-2025,4.1669577661191,54838,0420-014,0.49936419725418,273084,AP-N203-F102,0.21795348823071,0.21795348823071,272.4485168457,269.14999389648
03-OCT-2025,4.1669577661191,54838,0420-014,0.49936419725418,273084,AP-N204-F102,0.22033080458641,0.22033080458641,273.79705810547,269.14999389648
03-OCT-2025,4.1761244320509,54838,0420-014,0.50153231620789,261084,AP-N201-F101,0.16256146132946,0.16256146132946,216.33457946777,269.14999389648
03-OCT-2025,4.1761244320509,54838,0420-014,0.50153231620789,261084,AP-N202-F101,0.16565795242786,0.16565795242786,226.52523803711,269.14999389648
03-OCT-2025,4.1761244320509,54838,0420-014,0.50153231620789,273084,AP-N203-F102,0.21795348823071,0.21795348823071,272.4485168457,269.14999389648
03-OCT-2025,4.1761244320509,54838,0420-014,0.50153231620789,273084,AP-N204-F102,0.22033080458641,0.22033080458641,273.79705810547,269.14999389648
03-OCT-2025,4.2475133195135,54845,3C120,0.42633470892906,261084,AP-N201-F101,0.14913181960583,0.14913181960583,224.74209594727,268.45001220703
03-OCT-2025,4.2475133195135,54845,3C120,0.42633470892906,261084,AP-N202-F101,0.15062329173088,0.15062329173088,233.71253967285,268.45001220703
03-OCT-2025,4.2475133195135,54845,3C120,0.42633470892906,273084,AP-N203-F102,0.19821245968342,0.19821245968342,281.91696166992,268.45001220703
03-OCT-2025,4.2475133195135,54845,3C120,0.42633470892906,273084,AP-N204-F102,0.19939662516117,0.19939662516117,282.56979370117,268.45001220703
03-OCT-2025,4.2566799882392,54845,3C120,0.42844352126122,261084,AP-N201-F101,0.14913181960583,0.14913181960583,224.74209594727,268.45001220703
03-OCT-2025,4.2566799882392,54845,3C120,0.42844352126122,261084,AP-N202-F101,0.15062329173088,0.15062329173088,233.71253967285,268.45001220703
03-OCT-2025,4.2566799882392,54845,3C120,0.42844352126122,273084,AP-N203-F102,0.19821245968342,0.19821245968342,281.91696166992,268.45001220703
03-OCT-2025,4.2566799882392,54845,3C120,0.42844352126122,273084,AP-N204-F102,0.19939662516117,0.19939662516117,282.56979370117,268.45001220703
03-OCT-2025,4.2661244335828,54845,3C120,0.43061527609825,261084,AP-N201-F101,0.14913181960583,0.14913181960583,224.74209594727,268.45001220703
03-OCT-2025,4.2661244335828,54845,3C120,0.43061527609825,261084,AP-N202-F101,0.15062329173088,0.15062329173088,233.71253967285,268.45001220703
03-OCT-2025,4.2661244335828,54845,3C120,0.43061527609825,273084,AP-N203-F102,0.19821245968342,0.19821245968342,281.91696166992,268.45001220703
03-OCT-2025,4.2661244335828,54845,3C120,0.43061527609825,273084,AP-N204-F102,0.19939662516117,0.19939662516117,282.56979370117,268.45001220703
03-OCT-2025,4.2755688766563,54845,3C120,0.43278616666794,261084,AP-N201-F101,0.14913181960583,0.14913181960583,224.74209594727,268.45001220703
03-OCT-2025,4.2755688766563,54845,3C120,0.43278616666794,261084,AP-N202-F101,0.15062329173088,0.15062329173088,233.71253967285,268.45001220703
03-OCT-2025,4.2755688766563,54845,3C120,0.43278616666794,273084,AP-N203-F102,0.19821245968342,0.19821245968342,281.91696166992,268.45001220703
03-OCT-2025,4.2755688766563,54845,3C120,0.43278616666794,273084,AP-N204-F102,0.19939662516117,0.19939662516117,282.56979370117,268.45001220703
03-OCT-2025,4.4648744330877,54850,0420-014,0.5695293545723,261084,AP-N201-F101,0.17551901936531,0.17551901936531,207.74816894531,269.14999389648
03-OCT-2025,4.4648744330877,54850,0420-014,0.5695293545723,261084,AP-N202-F101,0.1817632317543,0.1817632317543,220.11294555664,269.14999389648
03-OCT-2025,4.4648744330877,54850,0420-014,0.5695293545723,273084,AP-N203-F102,0.23850874602795,0.23850874602795,263.01425170898,269.14999389648
03-OCT-2025,4.4648744330877,54850,0420-014,0.5695293545723,273084,AP-N204-F102,0.24236930906773,0.24236930906773,265.6591796875,269.14999389648
03-OCT-2025,4.4819577644086,54854,0420-014,0.57353222370148,261084,AP-N201-F101,0.17551901936531,0.17551901936531,207.74816894531,269.14999389648
03-OCT-2025,4.4819577644086,54854,0420-014,0.57353222370148,261084,AP-N202-F101,0.1817632317543,0.1817632317543,220.11294555664,269.14999389648
03-OCT-2025,4.4819577644086,54854,0420-014,0.57353222370148,273084,AP-N203-F102,0.23850874602795,0.23850874602795,263.01425170898,269.14999389648
03-OCT-2025,4.4819577644086,54854,0420-014,0.57353222370148,273084,AP-N204-F102,0.24236930906773,0.24236930906773,265.6591796875,269.14999389648
03-OCT-2025,4.4912633195224,54854,0420-014,0.57571172714233,261084,AP-N201-F101,0.17551901936531,0.17551901936531,207.74816894531,269.14999389648
03-OCT-2025,4.4912633195224,54854,0420-014,0.57571172714233,261084,AP-N202-F101,0.1817632317543,0.1817632317543,220.11294555664,269.14999389648
03-OCT-2025,4.4912633195224,54854,0420-014,0.57571172714233,273084,AP-N203-F102,0.23850874602795,0.23850874602795,263.01425170898,269.14999389648
03-OCT-2025,4.4912633195224,54854,0420-014,0.57571172714233,273084,AP-N204-F102,0.24236930906773,0.24236930906773,265.6591796875,269.14999389648
03-OCT-2025,4.5005688781287,54854,0420-014,0.57789045572281,261084,AP-N201-F101,0.17551901936531,0.17551901936531,207.74816894531,269.14999389648
03-OCT-2025,4.5005688781287,54854,0420-014,0.57789045572281,261084,AP-N202-F101,0.1817632317543,0.1817632317543,220.11294555664,269.14999389648
03-OCT-2025,4.5005688781287,54854,0420-014,0.57789045572281,273084,AP-N203-F102,0.23850874602795,0.23850874602795,263.01425170898,269.14999389648
03-OCT-2025,4.5005688781287,54854,0420-014,0.57789045572281,273084,AP-N204-F102,0.24236930906773,0.24236930906773,265.6591796875,269.14999389648
03-OCT-2025,4.5100133215514,54854,0420-014,0.5801008939743,261084,AP-N201-F101,0.17551901936531,0.17551901936531,207.74816894531,269.14999389648
03-OCT-2025,4.5100133215514,54854,0420-014,0.5801008939743,261084,AP-N202-F101,0.1817632317543,0.1817632317543,220.11294555664,269.14999389648
03-OCT-2025,4.5100133215514,54854,0420-014,0.5801008939743,273084,AP-N203-F102,0.23850874602795,0.23850874602795,263.01425170898,269.14999389648
03-OCT-2025,4.5100133215514,54854,0420-014,0.5801008939743,273084,AP-N204-F102,0.24236930906773,0.24236930906773,265.6591796875,269.14999389648
03-OCT-2025,4.5812633210544,54861,3C120,0.50252449512482,261084,AP-N201-F101,0.16251558065414,0.16251558065414,213.13619995117,269.45001220703
03-OCT-2025,4.5812633210544,54861,3C120,0.50252449512482,261084,AP-N202-F101,0.16582006216049,0.16582006216049,224.0403137207,269.45001220703
03-OCT-2025,4.5812633210544,54861,3C120,0.50252449512482,273084,AP-N203-F102,0.21844658255577,0.21844658255577,268.73162841797,269.45001220703
03-OCT-2025,4.5812633210544,54861,3C120,0.50252449512482,273084,AP-N204-F102,0.22112382948399,0.22112382948399,271.25958251953,269.45001220703
03-OCT-2025,4.5905688752951,54861,3C120,0.50463008880615,261084,AP-N201-F101,0.16251558065414,0.16251558065414,213.13619995117,269.45001220703
03-OCT-2025,4.5905688752951,54861,3C120,0.50463008880615,261084,AP-N202-F101,0.16582006216049,0.16582006216049,224.0403137207,269.45001220703
03-OCT-2025,4.5905688752951,54861,3C120,0.50463008880615,273084,AP-N203-F102,0.21844658255577,0.21844658255577,268.73162841797,269.45001220703
03-OCT-2025,4.5905688752951,54861,3C120,0.50463008880615,273084,AP-N204-F102,0.22112382948399,0.22112382948399,271.25958251953,269.45001220703
03-OCT-2025,4.5997355408776,54861,3C120,0.50670319795609,261084,AP-N201-F101,0.16251558065414,0.16251558065414,213.13619995117,269.45001220703
03-OCT-2025,4.5997355408776,54861,3C120,0.50670319795609,261084,AP-N202-F101,0.16582006216049,0.16582006216049,224.0403137207,269.45001220703
03-OCT-2025,4.5997355408776,54861,3C120,0.50670319795609,273084,AP-N203-F102,0.21844658255577,0.21844658255577,268.73162841797,269.45001220703
03-OCT-2025,4.5997355408776,54861,3C120,0.50670319795609,273084,AP-N204-F102,0.22112382948399,0.22112382948399,271.25958251953,269.45001220703
03-OCT-2025,4.6089022071587,54861,3C120,0.50877517461777,261084,AP-N201-F101,0.16251558065414,0.16251558065414,213.13619995117,269.45001220703
03-OCT-2025,4.6089022071587,54861,3C120,0.50877517461777,261084,AP-N202-F101,0.16582006216049,0.16582006216049,224.0403137207,269.45001220703
03-OCT-2025,4.6089022071587,54861,3C120,0.50877517461777,273084,AP-N203-F102,0.21844658255577,0.21844658255577,268.73162841797,269.45001220703
03-OCT-2025,4.6089022071587,54861,3C120,0.50877517461777,273084,AP-N204-F102,0.22112382948399,0.22112382948399,271.25958251953,269.45001220703
03-OCT-2025,4.6816799832983,54868,0420-014,0.62014043331146,261084,AP-N201-F101,0.18393588066101,0.18393588066101,203.48536682129,269.45001220703
03-OCT-2025,4.6816799832983,54868,0420-014,0.62014043331146,261084,AP-N202-F101,0.19138710200787,0.19138710200787,216.67687988281,269.45001220703
03-OCT-2025,4.6816799832983,54868,0420-014,0.62014043331146,273084,AP-N203-F102,0.25075763463974,0.25075763463974,257.98980712891,269.45001220703
03-OCT-2025,4.6816799832983,54868,0420-014,0.62014043331146,273084,AP-N204-F102,0.25629261136055,0.25629261136055,262.05844116211,269.45001220703
03-OCT-2025,4.6908466515002,54868,0420-014,0.62227064371109,261084,AP-N201-F101,0.18393588066101,0.18393588066101,203.48536682129,269.45001220703
03-OCT-2025,4.6908466515002,54868,0420-014,0.62227064371109,261084,AP-N202-F101,0.19138710200787,0.19138710200787,216.67687988281,269.45001220703
03-OCT-2025,4.6908466515002,54868,0420-014,0.62227064371109,273084,AP-N203-F102,0.25075763463974,0.25075763463974,257.98980712891,269.45001220703
03-OCT-2025,4.6908466515002,54868,0420-014,0.62227064371109,273084,AP-N204-F102,0.25629261136055,0.25629261136055,262.05844116211,269.45001220703
03-OCT-2025,4.7000133177812,54868,0420-014,0.62440001964569,261084,AP-N201-F101,0.18393588066101,0.18393588066101,203.48536682129,269.45001220703
03-OCT-2025,4.7000133177812,54868,0420-014,0.62440001964569,261084,AP-N202-F101,0.19138710200787,0.19138710200787,216.67687988281,269.45001220703
03-OCT-2025,4.7000133177812,54868,0420-014,0.62440001964569,273084,AP-N203-F102,0.25075763463974,0.25075763463974,257.98980712891,269.45001220703
03-OCT-2025,4.7000133177812,54868,0420-014,0.62440001964569,273084,AP-N204-F102,0.25629261136055,0.25629261136055,262.05844116211,269.45001220703
03-OCT-2025,4.7091799833638,54868,0420-014,0.62652850151062,261084,AP-N201-F101,0.18393588066101,0.18393588066101,203.48536682129,269.45001220703
03-OCT-2025,4.7091799833638,54868,0420-014,0.62652850151062,261084,AP-N202-F101,0.19138710200787,0.19138710200787,216.67687988281,269.45001220703
03-OCT-2025,4.7091799833638,54868,0420-014,0.62652850151062,273084,AP-N203-F102,0.25075763463974,0.25075763463974,257.98980712891,269.45001220703
03-OCT-2025,4.7091799833638,54868,0420-014,0.62652850151062,273084,AP-N204-F102,0.25629261136055,0.25629261136055,262.05844116211,269.45001220703
03-OCT-2025,4.7811244280783,54875,3C120,0.54749494791031,261084,AP-N201-F101,0.16970399022102,0.16970399022102,208.62664794922,269.25
03-OCT-2025,4.7811244280783,54875,3C120,0.54749494791031,261084,AP-N202-F101,0.17456376552582,0.17456376552582,219.73947143555,269.25
03-OCT-2025,4.7811244280783,54875,3C120,0.54749494791031,273084,AP-N203-F102,0.22990076243877,0.22990076243877,263.4128112793,269.25
03-OCT-2025,4.7811244280783,54875,3C120,0.54749494791031,273084,AP-N204-F102,0.23309743404388,0.23309743404388,265.34280395508,269.25
03-OCT-2025,4.7902910962802,54875,3C120,0.54954427480698,261084,AP-N201-F101,0.16970399022102,0.16970399022102,208.62664794922,269.25
03-OCT-2025,4.7902910962802,54875,3C120,0.54954427480698,261084,AP-N202-F101,0.17456376552582,0.17456376552582,219.73947143555,269.25
03-OCT-2025,4.7902910962802,54875,3C120,0.54954427480698,273084,AP-N203-F102,0.22990076243877,0.22990076243877,263.4128112793,269.25
03-OCT-2025,4.7902910962802,54875,3C120,0.54954427480698,273084,AP-N204-F102,0.23309743404388,0.23309743404388,265.34280395508,269.25
03-OCT-2025,4.7994577618627,54875,3C120,0.5515923500061,261084,AP-N201-F101,0.16970399022102,0.16970399022102,208.62664794922,269.25
03-OCT-2025,4.7994577618627,54875,3C120,0.5515923500061,261084,AP-N202-F101,0.17456376552582,0.17456376552582,219.73947143555,269.25
03-OCT-2025,4.7994577618627,54875,3C120,0.5515923500061,273084,AP-N203-F102,0.22990076243877,0.22990076243877,263.4128112793,269.25
03-OCT-2025,4.7994577618627,54875,3C120,0.5515923500061,273084,AP-N204-F102,0.23309743404388,0.23309743404388,265.34280395508,269.25
03-OCT-2025,4.8089022056347,54875,3C120,0.55370116233826,261084,AP-N201-F101,0.16970399022102,0.16970399022102,208.62664794922,269.25
03-OCT-2025,4.8089022056347,54875,3C120,0.55370116233826,261084,AP-N202-F101,0.17456376552582,0.17456376552582,219.73947143555,269.25
03-OCT-2025,4.8089022056347,54875,3C120,0.55370116233826,273084,AP-N203-F102,0.22990076243877,0.22990076243877,263.4128112793,269.25
03-OCT-2025,4.8089022056347,54875,3C120,0.55370116233826,273084,AP-N204-F102,0.23309743404388,0.23309743404388,265.34280395508,269.25
03-OCT-2025,4.8816799836952,54882,0420-014,0.66641688346863,261084,AP-N201-F101,0.18980802595615,0.18980802595615,199.53221130371,269.85000610352
03-OCT-2025,4.8816799836952,54882,0420-014,0.66641688346863,261084,AP-N202-F101,0.19891771674156,0.19891771674156,213.34963989258,269.85000610352
03-OCT-2025,4.8816799836952,54882,0420-014,0.66641688346863,273084,AP-N203-F102,0.26093178987503,0.26093178987503,253.56402587891,269.85000610352
03-OCT-2025,4.8816799836952,54882,0420-014,0.66641688346863,273084,AP-N204-F102,0.2663930952549,0.2663930952549,257.66464233398,269.85000610352
03-OCT-2025,4.8911244269433,54882,0420-014,0.66859114170074,261084,AP-N201-F101,0.18980802595615,0.18980802595615,199.53221130371,269.85000610352
03-OCT-2025,4.8911244269433,54882,0420-014,0.66859114170074,261084,AP-N202-F101,0.19891771674156,0.19891771674156,213.34963989258,269.85000610352
03-OCT-2025,4.8911244269433,54882,0420-014,0.66859114170074,273084,AP-N203-F102,0.26093178987503,0.26093178987503,253.56402587891,269.85000610352
03-OCT-2025,4.8911244269433,54882,0420-014,0.66859114170074,273084,AP-N204-F102,0.2663930952549,0.2663930952549,257.66464233398,269.85000610352
03-OCT-2025,4.9002910949705,54882,0420-014,0.6707004904747,261084,AP-N201-F101,0.18980802595615,0.18980802595615,199.53221130371,269.85000610352
03-OCT-2025,4.9002910949705,54882,0420-014,0.6707004904747,261084,AP-N202-F101,0.19891771674156,0.19891771674156,213.34963989258,269.85000610352
03-OCT-2025,4.9002910949705,54882,0420-014,0.6707004904747,273084,AP-N203-F102,0.26093178987503,0.26093178987503,253.56402587891,269.85000610352
03-OCT-2025,4.9002910949705,54882,0420-014,0.6707004904747,273084,AP-N204-F102,0.2663930952549,0.2663930952549,257.66464233398,269.85000610352
03-OCT-2025,4.9097355406634,54882,0420-014,0.6728727221489,261084,AP-N201-F101,0.18980802595615,0.18980802595615,199.53221130371,269.85000610352
03-OCT-2025,4.9097355406634,54882,0420-014,0.6728727221489,261084,AP-N202-F101,0.19891771674156,0.19891771674156,213.34963989258,269.85000610352
03-OCT-2025,4.9097355406634,54882,0420-014,0.6728727221489,273084,AP-N203-F102,0.26093178987503,0.26093178987503,253.56402587891,269.85000610352
03-OCT-2025,4.9097355406634,54882,0420-014,0.6728727221489,273084,AP-N204-F102,0.2663930952549,0.2663930952549,257.66464233398,269.85000610352
03-OCT-2025,5.0978173415131,54891,0420-014,0.71589577198029,261084,AP-N201-F101,0.19959391653538,0.19959391653538,198.81100463867,270.25
03-OCT-2025,5.0978173415131,54891,0420-014,0.71589577198029,261084,AP-N202-F101,0.21081691980362,0.21081691980362,210.7353515625,270.25
03-OCT-2025,5.0978173415131,54891,0420-014,0.71589577198029,273084,AP-N203-F102,0.27605351805687,0.27605351805687,254.07917785645,270.25
03-OCT-2025,5.0978173415131,54891,0420-014,0.71589577198029,273084,AP-N204-F102,0.28302156925201,0.28302156925201,255.47700500488,270.25
03-OCT-2025,5.1151784550397,54895,0420-014,0.71984308958054,261084,AP-N201-F101,0.19959391653538,0.19959391653538,198.81100463867,270.25
03-OCT-2025,5.1151784550397,54895,0420-014,0.71984308958054,261084,AP-N202-F101,0.21081691980362,0.21081691980362,210.7353515625,270.25
03-OCT-2025,5.1151784550397,54895,0420-014,0.71984308958054,273084,AP-N203-F102,0.27605351805687,0.27605351805687,254.07917785645,270.25
03-OCT-2025,5.1151784550397,54895,0420-014,0.71984308958054,273084,AP-N204-F102,0.28302156925201,0.28302156925201,255.47700500488,270.25
03-OCT-2025,5.1246228977639,54895,0420-014,0.72198861837387,261084,AP-N201-F101,0.19959391653538,0.19959391653538,198.81100463867,270.25
03-OCT-2025,5.1246228977639,54895,0420-014,0.72198861837387,261084,AP-N202-F101,0.21081691980362,0.21081691980362,210.7353515625,270.25
03-OCT-2025,5.1246228977639,54895,0420-014,0.72198861837387,273084,AP-N203-F102,0.27605351805687,0.27605351805687,254.07917785645,270.25
03-OCT-2025,5.1246228977639,54895,0420-014,0.72198861837387,273084,AP-N204-F102,0.28302156925201,0.28302156925201,255.47700500488,270.25
03-OCT-2025,5.134067341012,54895,0420-014,0.72413283586502,261084,AP-N201-F101,0.19959391653538,0.19959391653538,198.81100463867,270.25
03-OCT-2025,5.134067341012,54895,0420-014,0.72413283586502,261084,AP-N202-F101,0.21081691980362,0.21081691980362,210.7353515625,270.25
03-OCT-2025,5.134067341012,54895,0420-014,0.72413283586502,273084,AP-N203-F102,0.27605351805687,0.27605351805687,254.07917785645,270.25
03-OCT-2025,5.134067341012,54895,0420-014,0.72413283586502,273084,AP-N204-F102,0.28302156925201,0.28302156925201,255.47700500488,270.25
03-OCT-2025,5.1432340072931,54895,0420-014,0.7262127995491,261084,AP-N201-F101,0.19959391653538,0.19959391653538,198.81100463867,270.25
03-OCT-2025,5.1432340072931,54895,0420-014,0.7262127995491,261084,AP-N202-F101,0.21081691980362,0.21081691980362,210.7353515625,270.25
03-OCT-2025,5.1432340072931,54895,0420-014,0.7262127995491,273084,AP-N203-F102,0.27605351805687,0.27605351805687,254.07917785645,270.25
03-OCT-2025,5.1432340072931,54895,0420-014,0.7262127995491,273084,AP-N204-F102,0.28302156925201,0.28302156925201,255.47700500488,270.25
03-OCT-2025,5.2146228947557,54902,3C120,0.64292281866074,261084,AP-N201-F101,0.18890538811684,0.18890538811684,203.33023071289,270.04998779297
03-OCT-2025,5.2146228947557,54902,3C120,0.64292281866074,261084,AP-N202-F101,0.19739693403244,0.19739693403244,214.52613830566,270.04998779297
03-OCT-2025,5.2146228947557,54902,3C120,0.64292281866074,273084,AP-N203-F102,0.25799623131752,0.25799623131752,258.07705688477,270.04998779297
03-OCT-2025,5.2146228947557,54902,3C120,0.64292281866074,273084,AP-N204-F102,0.26377457380295,0.26377457380295,259.73165893555,270.04998779297
03-OCT-2025,5.2237895612113,54902,3C120,0.64490437507629,261084,AP-N201-F101,0.18890538811684,0.18890538811684,203.33023071289,270.04998779297
03-OCT-2025,5.2237895612113,54902,3C120,0.64490437507629,261084,AP-N202-F101,0.19739693403244,0.19739693403244,214.52613830566,270.04998779297
03-OCT-2025,5.2237895612113,54902,3C120,0.64490437507629,273084,AP-N203-F102,0.25799623131752,0.25799623131752,258.07705688477,270.04998779297
03-OCT-2025,5.2237895612113,54902,3C120,0.64490437507629,273084,AP-N204-F102,0.26377457380295,0.26377457380295,259.73165893555,270.04998779297
03-OCT-2025,5.2330951161505,54902,3C120,0.64691430330276,261084,AP-N201-F101,0.18890538811684,0.18890538811684,203.33023071289,270.04998779297
03-OCT-2025,5.2330951161505,54902,3C120,0.64691430330276,261084,AP-N202-F101,0.19739693403244,0.19739693403244,214.52613830566,270.04998779297
03-OCT-2025,5.2330951161505,54902,3C120,0.64691430330276,273084,AP-N203-F102,0.25799623131752,0.25799623131752,258.07705688477,270.04998779297
03-OCT-2025,5.2330951161505,54902,3C120,0.64691430330276,273084,AP-N204-F102,0.26377457380295,0.26377457380295,259.73165893555,270.04998779297
03-OCT-2025,5.2426784518985,54902,3C120,0.64898240566254,261084,AP-N201-F101,0.18890538811684,0.18890538811684,203.33023071289,270.04998779297
03-OCT-2025,5.2426784518985,54902,3C120,0.64898240566254,261084,AP-N202-F101,0.19739693403244,0.19739693403244,214.52613830566,270.04998779297
03-OCT-2025,5.2426784518985,54902,3C120,0.64898240566254,273084,AP-N203-F102,0.25799623131752,0.25799623131752,258.07705688477,270.04998779297
03-OCT-2025,5.2426784518985,54902,3C120,0.64898240566254,273084,AP-N204-F102,0.26377457380295,0.26377457380295,259.73165893555,270.04998779297
03-OCT-2025,5.315178451071,54909,0420-014,0.76498657464981,261084,AP-N201-F101,0.20915634930134,0.20915634930134,198.2908782959,269.54998779297
03-OCT-2025,5.315178451071,54909,0420-014,0.76498657464981,261084,AP-N202-F101,0.22306749224663,0.22306749224663,211.08338928223,269.54998779297
03-OCT-2025,5.315178451071,54909,0420-014,0.76498657464981,273084,AP-N203-F102,0.29034426808357,0.29034426808357,253.70704650879,269.54998779297
03-OCT-2025,5.315178451071,54909,0420-014,0.76498657464981,273084,AP-N204-F102,0.29922389984131,0.29922389984131,255.9644317627,269.54998779297
03-OCT-2025,5.3243451204953,54909,0420-014,0.76704013347626,261084,AP-N201-F101,0.20915634930134,0.20915634930134,198.2908782959,269.54998779297
03-OCT-2025,5.3243451204953,54909,0420-014,0.76704013347626,261084,AP-N202-F101,0.22306749224663,0.22306749224663,211.08338928223,269.54998779297
03-OCT-2025,5.3243451204953,54909,0420-014,0.76704013347626,273084,AP-N203-F102,0.29034426808357,0.29034426808357,253.70704650879,269.54998779297
03-OCT-2025,5.3243451204953,54909,0420-014,0.76704013347626,273084,AP-N204-F102,0.29922389984131,0.29922389984131,255.9644317627,269.54998779297
03-OCT-2025,5.3335117850301,54909,0420-014,0.76909226179123,261084,AP-N201-F101,0.20915634930134,0.20915634930134,198.2908782959,269.54998779297
03-OCT-2025,5.3335117850301,54909,0420-014,0.76909226179123,261084,AP-N202-F101,0.22306749224663,0.22306749224663,211.08338928223,269.54998779297
03-OCT-2025,5.3335117850301,54909,0420-014,0.76909226179123,273084,AP-N203-F102,0.29034426808357,0.29034426808357,253.70704650879,269.54998779297
03-OCT-2025,5.3335117850301,54909,0420-014,0.76909226179123,273084,AP-N204-F102,0.29922389984131,0.29922389984131,255.9644317627,269.54998779297
03-OCT-2025,5.3426784509619,54909,0420-014,0.77114289999008,261084,AP-N201-F101,0.20915634930134,0.20915634930134,198.2908782959,269.54998779297
03-OCT-2025,5.3426784509619,54909,0420-014,0.77114289999008,261084,AP-N202-F101,0.22306749224663,0.22306749224663,211.08338928223,269.54998779297
03-OCT-2025,5.3426784509619,54909,0420-014,0.77114289999008,273084,AP-N203-F102,0.29034426808357,0.29034426808357,253.70704650879,269.54998779297
03-OCT-2025,5.3426784509619,54909,0420-014,0.77114289999008,273084,AP-N204-F102,0.29922389984131,0.29922389984131,255.9644317627,269.54998779297
03-OCT-2025,5.4078173412988,54914,3C120,0.68431705236435,261084,AP-N201-F101,0.19691123068333,0.19691123068333,202.32524108887,269.14999389648
03-OCT-2025,5.4078173412988,54914,3C120,0.68431705236435,261084,AP-N202-F101,0.20701928436756,0.20701928436756,213.43412780762,269.14999389648
03-OCT-2025,5.4078173412988,54914,3C120,0.68431705236435,273084,AP-N203-F102,0.27056890726089,0.27056890726089,257.50286865234,269.14999389648
03-OCT-2025,5.4078173412988,54914,3C120,0.68431705236435,273084,AP-N204-F102,0.27794799208641,0.27794799208641,259.34045410156,269.14999389648
03-OCT-2025,5.4232340047055,54918,3C120,0.68758523464203,261084,AP-N201-F101,0.19691123068333,0.19691123068333,202.32524108887,269.14999389648
03-OCT-2025,5.4232340047055,54918,3C120,0.68758523464203,261084,AP-N202-F101,0.20701928436756,0.20701928436756,213.43412780762,269.14999389648
03-OCT-2025,5.4232340047055,54918,3C120,0.68758523464203,273084,AP-N203-F102,0.27056890726089,0.27056890726089,257.50286865234,269.14999389648
03-OCT-2025,5.4232340047055,54918,3C120,0.68758523464203,273084,AP-N204-F102,0.27794799208641,0.27794799208641,259.34045410156,269.14999389648
03-OCT-2025,5.4326784503983,54918,3C120,0.68958461284637,261084,AP-N201-F101,0.19691123068333,0.19691123068333,202.32524108887,269.14999389648
03-OCT-2025,5.4326784503983,54918,3C120,0.68958461284637,261084,AP-N202-F101,0.20701928436756,0.20701928436756,213.43412780762,269.14999389648
03-OCT-2025,5.4326784503983,54918,3C120,0.68958461284637,273084,AP-N203-F102,0.27056890726089,0.27056890726089,257.50286865234,269.14999389648
03-OCT-2025,5.4326784503983,54918,3C120,0.68958461284637,273084,AP-N204-F102,0.27794799208641,0.27794799208641,259.34045410156,269.14999389648
03-OCT-2025,5.4421228934718,54918,3C120,0.69158190488815,261084,AP-N201-F101,0.19691123068333,0.19691123068333,202.32524108887,269.14999389648
03-OCT-2025,5.4421228934718,54918,3C120,0.69158190488815,261084,AP-N202-F101,0.20701928436756,0.20701928436756,213.43412780762,269.14999389648
03-OCT-2025,5.4421228934718,54918,3C120,0.69158190488815,273084,AP-N203-F102,0.27056890726089,0.27056890726089,257.50286865234,269.14999389648
03-OCT-2025,5.4421228934718,54918,3C120,0.69158190488815,273084,AP-N204-F102,0.27794799208641,0.27794799208641,259.34045410156,269.14999389648
03-OCT-2025,5.4515673370692,54918,3C120,0.69357717037201,261084,AP-N201-F101,0.19691123068333,0.19691123068333,202.32524108887,269.14999389648
03-OCT-2025,5.4515673370692,54918,3C120,0.69357717037201,261084,AP-N202-F101,0.20701928436756,0.20701928436756,213.43412780762,269.14999389648
03-OCT-2025,5.4515673370692,54918,3C120,0.69357717037201,273084,AP-N203-F102,0.27056890726089,0.27056890726089,257.50286865234,269.14999389648
03-OCT-2025,5.4515673370692,54918,3C120,0.69357717037201,273084,AP-N204-F102,0.27794799208641,0.27794799208641,259.34045410156,269.14999389648
