25-APR-2025,10.0799285201,14192,REALSGRA,1.0856055021286,86100,AP-N901-F303,0.018157035112381,0.018157035112381,77.445350646973,269.35000610352
25-APR-2025,10.0799285201,14192,REALSGRA,1.0856055021286,86100,AP-N902-F303,0.018157035112381,0.018157035112381,74.749366760254,269.35000610352
25-APR-2025,10.095623114492,14196,REALSGRA,1.0820180177689,86100,AP-N901-F303,0.018157035112381,0.018157035112381,77.445350646973,269.35000610352
25-APR-2025,10.095623114492,14196,REALSGRA,1.0820180177689,86100,AP-N902-F303,0.018157035112381,0.018157035112381,74.749366760254,269.35000610352
25-APR-2025,10.104512086926,14196,REALSGRA,1.0799858570099,86100,AP-N901-F303,0.018157035112381,0.018157035112381,77.445350646973,269.35000610352
25-APR-2025,10.104512086926,14196,REALSGRA,1.0799858570099,86100,AP-N902-F303,0.018157035112381,0.018157035112381,74.749366760254,269.35000610352
25-APR-2025,10.113401060234,14196,REALSGRA,1.0779534578323,86100,AP-N901-F303,0.018157035112381,0.018157035112381,77.445350646973,269.35000610352
25-APR-2025,10.113401060234,14196,REALSGRA,1.0779534578323,86100,AP-N902-F303,0.018157035112381,0.018157035112381,74.749366760254,269.35000610352
25-APR-2025,10.122290032319,14196,REALSGRA,1.0759207010269,86100,AP-N901-F303,0.018157035112381,0.018157035112381,77.445350646973,269.35000610352
25-APR-2025,10.122290032319,14196,REALSGRA,1.0759207010269,86100,AP-N902-F303,0.018157035112381,0.018157035112381,74.749366760254,269.35000610352
25-APR-2025,10.13117900423,14196,REALSGRA,1.0738877058029,86100,AP-N901-F303,0.018157035112381,0.018157035112381,77.445350646973,269.35000610352
25-APR-2025,10.13117900423,14196,REALSGRA,1.0738877058029,86100,AP-N902-F303,0.018157035112381,0.018157035112381,74.749366760254,269.35000610352
25-APR-2025,10.206318602115,14201,REALIRS7,1.0566952228546,86100,AP-N901-F303,0.018134513869882,0.018134513869882,77.476638793945,269.35000610352
25-APR-2025,10.206318602115,14201,REALIRS7,1.0566952228546,86100,AP-N902-F303,0.018134513869882,0.018134513869882,75.000694274902,269.35000610352
25-APR-2025,10.234513307057,14205,REALIRS7,1.0502390861511,86100,AP-N901-F303,0.018134513869882,0.018134513869882,77.476638793945,269.35000610352
25-APR-2025,10.234513307057,14205,REALIRS7,1.0502390861511,86100,AP-N902-F303,0.018134513869882,0.018134513869882,75.000694274902,269.35000610352
25-APR-2025,10.243402279666,14205,REALIRS7,1.0482032299042,86100,AP-N901-F303,0.018134513869882,0.018134513869882,77.476638793945,269.35000610352
25-APR-2025,10.243402279666,14205,REALIRS7,1.0482032299042,86100,AP-N902-F303,0.018134513869882,0.018134513869882,75.000694274902,269.35000610352
25-APR-2025,10.252291252275,14205,REALIRS7,1.0461672544479,86100,AP-N901-F303,0.018134513869882,0.018134513869882,77.476638793945,269.35000610352
25-APR-2025,10.252291252275,14205,REALIRS7,1.0461672544479,86100,AP-N902-F303,0.018134513869882,0.018134513869882,75.000694274902,269.35000610352
25-APR-2025,10.26118022436,14205,REALIRS7,1.0441310405731,86100,AP-N901-F303,0.018134513869882,0.018134513869882,77.476638793945,269.35000610352
25-APR-2025,10.26118022436,14205,REALIRS7,1.0441310405731,86100,AP-N902-F303,0.018134513869882,0.018134513869882,75.000694274902,269.35000610352
25-APR-2025,10.27006919662,14205,REALIRS7,1.0420945882797,86100,AP-N901-F303,0.018134513869882,0.018134513869882,77.476638793945,269.35000610352
25-APR-2025,10.27006919662,14205,REALIRS7,1.0420945882797,86100,AP-N902-F303,0.018134513869882,0.018134513869882,75.000694274902,269.35000610352
25-APR-2025,10.379931344088,14210,P-HALF,1.0169122219086,86100,AP-N901-F303,0.018137488514185,0.018137488514185,77.378997802734,269.25
25-APR-2025,10.379931344088,14210,P-HALF,1.0169122219086,86100,AP-N902-F303,0.018137488514185,0.018137488514185,75.1015625,269.25
25-APR-2025,10.39618149381,14214,P-HALF,1.0131859779358,86100,AP-N901-F303,0.018137488514185,0.018137488514185,77.378997802734,269.25
25-APR-2025,10.39618149381,14214,P-HALF,1.0131859779358,86100,AP-N902-F303,0.018137488514185,0.018137488514185,75.1015625,269.25
25-APR-2025,10.40507046607,14214,P-HALF,1.0111473798752,86100,AP-N901-F303,0.018137488514185,0.018137488514185,77.378997802734,269.25
25-APR-2025,10.40507046607,14214,P-HALF,1.0111473798752,86100,AP-N902-F303,0.018137488514185,0.018137488514185,75.1015625,269.25
25-APR-2025,10.413959438854,14214,P-HALF,1.0091086626053,86100,AP-N901-F303,0.018137488514185,0.018137488514185,77.378997802734,269.25
25-APR-2025,10.413959438854,14214,P-HALF,1.0091086626053,86100,AP-N902-F303,0.018137488514185,0.018137488514185,75.1015625,269.25
25-APR-2025,10.422848411288,14214,P-HALF,1.0070699453354,86100,AP-N901-F303,0.018137488514185,0.018137488514185,77.378997802734,269.25
25-APR-2025,10.422848411288,14214,P-HALF,1.0070699453354,86100,AP-N902-F303,0.018137488514185,0.018137488514185,75.1015625,269.25
25-APR-2025,10.431737384246,14214,P-HALF,1.0050309896469,86100,AP-N901-F303,0.018137488514185,0.018137488514185,77.378997802734,269.25
25-APR-2025,10.431737384246,14214,P-HALF,1.0050309896469,86100,AP-N902-F303,0.018137488514185,0.018137488514185,75.1015625,269.25
25-APR-2025,10.506043637435,14219,P-HALF,0.98798334598541,86100,AP-N901-F303,0.018187589943409,0.018187589943409,77.309722900391,269.45001220703
25-APR-2025,10.506043637435,14219,P-HALF,0.98798334598541,86100,AP-N902-F303,0.018187589943409,0.018187589943409,74.962532043457,269.45001220703
25-APR-2025,10.535071686549,14223,P-HALF,0.98132210969925,86100,AP-N901-F303,0.018187589943409,0.018187589943409,77.309722900391,269.45001220703
25-APR-2025,10.535071686549,14223,P-HALF,0.98132210969925,86100,AP-N902-F303,0.018187589943409,0.018187589943409,74.962532043457,269.45001220703
25-APR-2025,10.543960658635,14223,P-HALF,0.97928220033646,86100,AP-N901-F303,0.018187589943409,0.018187589943409,77.309722900391,269.45001220703
25-APR-2025,10.543960658635,14223,P-HALF,0.97928220033646,86100,AP-N902-F303,0.018187589943409,0.018187589943409,74.962532043457,269.45001220703
25-APR-2025,10.552849631593,14223,P-HALF,0.97724211215973,86100,AP-N901-F303,0.018187589943409,0.018187589943409,77.309722900391,269.45001220703
25-APR-2025,10.552849631593,14223,P-HALF,0.97724211215973,86100,AP-N902-F303,0.018187589943409,0.018187589943409,74.962532043457,269.45001220703
25-APR-2025,10.561738604726,14223,P-HALF,0.97520208358765,86100,AP-N901-F303,0.018187589943409,0.018187589943409,77.309722900391,269.45001220703
25-APR-2025,10.561738604726,14223,P-HALF,0.97520208358765,86100,AP-N902-F303,0.018187589943409,0.018187589943409,74.962532043457,269.45001220703
25-APR-2025,10.570627576986,14223,P-HALF,0.97316199541092,86100,AP-N901-F303,0.018187589943409,0.018187589943409,77.309722900391,269.45001220703
25-APR-2025,10.570627576986,14223,P-HALF,0.97316199541092,86100,AP-N902-F303,0.018187589943409,0.018187589943409,74.962532043457,269.45001220703
25-APR-2025,10.778268429615,14228,1921-293,1.2979829311371,86100,AP-N901-F303,0.018382141366601,0.018382141366601,75.315299987793,269.64999389648
25-APR-2025,10.778268429615,14228,1921-293,1.2979829311371,86100,AP-N902-F303,0.018382141366601,0.018382141366601,73.230659484863,269.64999389648
25-APR-2025,10.795074132398,14232,1921-293,1.2943502664566,86100,AP-N901-F303,0.018382141366601,0.018382141366601,75.315299987793,269.64999389648
25-APR-2025,10.795074132398,14232,1921-293,1.2943502664566,86100,AP-N902-F303,0.018382141366601,0.018382141366601,73.230659484863,269.64999389648
25-APR-2025,10.803963105008,14232,1921-293,1.2924255132675,86100,AP-N901-F303,0.018382141366601,0.018382141366601,75.315299987793,269.64999389648
25-APR-2025,10.803963105008,14232,1921-293,1.2924255132675,86100,AP-N902-F303,0.018382141366601,0.018382141366601,73.230659484863,269.64999389648
25-APR-2025,10.812852077442,14232,1921-293,1.2904982566833,86100,AP-N901-F303,0.018382141366601,0.018382141366601,75.315299987793,269.64999389648
25-APR-2025,10.812852077442,14232,1921-293,1.2904982566833,86100,AP-N902-F303,0.018382141366601,0.018382141366601,73.230659484863,269.64999389648
25-APR-2025,10.881186055466,14239,P-HALF,0.90187400579453,86100,AP-N901-F303,0.018315568566322,0.018315568566322,77.641784667969,269.64999389648
25-APR-2025,10.881186055466,14239,P-HALF,0.90187400579453,86100,AP-N902-F303,0.018315568566322,0.018315568566322,75.566307067871,269.64999389648
25-APR-2025,10.890075027552,14239,P-HALF,0.89983385801315,86100,AP-N901-F303,0.018315568566322,0.018315568566322,77.641784667969,269.64999389648
25-APR-2025,10.890075027552,14239,P-HALF,0.89983385801315,86100,AP-N902-F303,0.018315568566322,0.018315568566322,75.566307067871,269.64999389648
25-APR-2025,10.898964000161,14239,P-HALF,0.89779371023178,86100,AP-N901-F303,0.018315568566322,0.018315568566322,77.641784667969,269.64999389648
25-APR-2025,10.898964000161,14239,P-HALF,0.89779371023178,86100,AP-N902-F303,0.018315568566322,0.018315568566322,75.566307067871,269.64999389648
25-APR-2025,10.907852972071,14239,P-HALF,0.89575362205505,86100,AP-N901-F303,0.018315568566322,0.018315568566322,77.641784667969,269.64999389648
25-APR-2025,10.907852972071,14239,P-HALF,0.89575362205505,86100,AP-N902-F303,0.018315568566322,0.018315568566322,75.566307067871,269.64999389648
25-APR-2025,10.917019725489,14239,P-HALF,0.89364981651306,86100,AP-N901-F303,0.018315568566322,0.018315568566322,77.641784667969,269.64999389648
25-APR-2025,10.917019725489,14239,P-HALF,0.89364981651306,86100,AP-N902-F303,0.018315568566322,0.018315568566322,75.566307067871,269.64999389648
25-APR-2025,10.990492638697,14244,P-HALF,0.87678974866867,86100,AP-N901-F303,0.018339982256293,0.018339982256293,77.917526245117,269.64999389648
25-APR-2025,10.990492638697,14244,P-HALF,0.87678974866867,86100,AP-N902-F303,0.018339982256293,0.018339982256293,75.955284118652,269.64999389648
25-APR-2025,11.01952068589,14248,P-HALF,0.8701297044754,86100,AP-N901-F303,0.018339982256293,0.018339982256293,77.917526245117,269.64999389648
25-APR-2025,11.01952068589,14248,P-HALF,0.8701297044754,86100,AP-N902-F303,0.018339982256293,0.018339982256293,75.955284118652,269.64999389648
25-APR-2025,11.02840965815,14248,P-HALF,0.86809051036835,86100,AP-N901-F303,0.018339982256293,0.018339982256293,77.917526245117,269.64999389648
25-APR-2025,11.02840965815,14248,P-HALF,0.86809051036835,86100,AP-N902-F303,0.018339982256293,0.018339982256293,75.955284118652,269.64999389648
25-APR-2025,11.037298630933,14248,P-HALF,0.86605131626129,86100,AP-N901-F303,0.018339982256293,0.018339982256293,77.917526245117,269.64999389648
25-APR-2025,11.037298630933,14248,P-HALF,0.86605131626129,86100,AP-N902-F303,0.018339982256293,0.018339982256293,75.955284118652,269.64999389648
25-APR-2025,11.04618760267,14248,P-HALF,0.86401224136353,86100,AP-N901-F303,0.018339982256293,0.018339982256293,77.917526245117,269.64999389648
25-APR-2025,11.04618760267,14248,P-HALF,0.86401224136353,86100,AP-N902-F303,0.018339982256293,0.018339982256293,75.955284118652,269.64999389648
25-APR-2025,11.055076575977,14248,P-HALF,0.86197316646576,86100,AP-N901-F303,0.018339982256293,0.018339982256293,77.917526245117,269.64999389648
25-APR-2025,11.055076575977,14248,P-HALF,0.86197316646576,86100,AP-N902-F303,0.018339982256293,0.018339982256293,75.955284118652,269.64999389648
25-APR-2025,11.164660942636,14253,P-HALF,0.83684355020523,86100,AP-N901-F303,0.018354566767812,0.018354566767812,78.317642211914,269.54998779297
25-APR-2025,11.164660942636,14253,P-HALF,0.83684355020523,86100,AP-N902-F303,0.018354566767812,0.018354566767812,76.581024169922,269.54998779297
25-APR-2025,11.180772203875,14257,P-HALF,0.83315020799637,86100,AP-N901-F303,0.018354566767812,0.018354566767812,78.317642211914,269.54998779297
25-APR-2025,11.180772203875,14257,P-HALF,0.83315020799637,86100,AP-N902-F303,0.018354566767812,0.018354566767812,76.581024169922,269.54998779297
25-APR-2025,11.189800065316,14257,P-HALF,0.8310809135437,86100,AP-N901-F303,0.018354566767812,0.018354566767812,78.317642211914,269.54998779297
25-APR-2025,11.189800065316,14257,P-HALF,0.8310809135437,86100,AP-N902-F303,0.018354566767812,0.018354566767812,76.581024169922,269.54998779297
25-APR-2025,11.198689038799,14257,P-HALF,0.82904350757599,86100,AP-N901-F303,0.018354566767812,0.018354566767812,78.317642211914,269.54998779297
25-APR-2025,11.198689038799,14257,P-HALF,0.82904350757599,86100,AP-N902-F303,0.018354566767812,0.018354566767812,76.581024169922,269.54998779297
25-APR-2025,11.207578010709,14257,P-HALF,0.82700622081757,86100,AP-N901-F303,0.018354566767812,0.018354566767812,78.317642211914,269.54998779297
25-APR-2025,11.207578010709,14257,P-HALF,0.82700622081757,86100,AP-N902-F303,0.018354566767812,0.018354566767812,76.581024169922,269.54998779297
25-APR-2025,11.216466983319,14257,P-HALF,0.82496893405914,86100,AP-N901-F303,0.018354566767812,0.018354566767812,78.317642211914,269.54998779297
25-APR-2025,11.216466983319,14257,P-HALF,0.82496893405914,86100,AP-N902-F303,0.018354566767812,0.018354566767812,76.581024169922,269.54998779297
25-APR-2025,11.291051013824,14262,P-HALF,0.80788046121597,86100,AP-N901-F303,0.018318839371204,0.018318839371204,78.81485748291,269.35000610352
25-APR-2025,11.291051013824,14262,P-HALF,0.80788046121597,86100,AP-N902-F303,0.018318839371204,0.018318839371204,76.922889709473,269.35000610352
25-APR-2025,11.320079070272,14266,P-HALF,0.8012323975563,86100,AP-N901-F303,0.018318839371204,0.018318839371204,78.81485748291,269.35000610352
25-APR-2025,11.320079070272,14266,P-HALF,0.8012323975563,86100,AP-N902-F303,0.018318839371204,0.018318839371204,76.922889709473,269.35000610352
25-APR-2025,11.328968043405,14266,P-HALF,0.79919683933258,86100,AP-N901-F303,0.018318839371204,0.018318839371204,78.81485748291,269.35000610352
25-APR-2025,11.328968043405,14266,P-HALF,0.79919683933258,86100,AP-N902-F303,0.018318839371204,0.018318839371204,76.922889709473,269.35000610352
25-APR-2025,11.33785701584,14266,P-HALF,0.79716145992279,86100,AP-N901-F303,0.018318839371204,0.018318839371204,78.81485748291,269.35000610352
25-APR-2025,11.33785701584,14266,P-HALF,0.79716145992279,86100,AP-N902-F303,0.018318839371204,0.018318839371204,76.922889709473,269.35000610352
25-APR-2025,11.346745987925,14266,P-HALF,0.79512619972229,86100,AP-N901-F303,0.018318839371204,0.018318839371204,78.81485748291,269.35000610352
25-APR-2025,11.346745987925,14266,P-HALF,0.79512619972229,86100,AP-N902-F303,0.018318839371204,0.018318839371204,76.922889709473,269.35000610352
25-APR-2025,11.355912740993,14266,P-HALF,0.79302752017975,86100,AP-N901-F303,0.018318839371204,0.018318839371204,78.81485748291,269.35000610352
25-APR-2025,11.355912740993,14266,P-HALF,0.79302752017975,86100,AP-N902-F303,0.018318839371204,0.018318839371204,76.922889709473,269.35000610352
25-APR-2025,11.54497569459,14275,1921-293,1.1269862651825,86100,AP-N901-F303,0.018235789611936,0.018235789611936,76.408210754395,269.75
25-APR-2025,11.54497569459,14275,1921-293,1.1269862651825,86100,AP-N902-F303,0.018235789611936,0.018235789611936,74.676628112793,269.75
25-APR-2025,11.561503622328,14279,1921-293,1.1232310533524,86100,AP-N901-F303,0.018235789611936,0.018235789611936,76.408210754395,269.75
25-APR-2025,11.561503622328,14279,1921-293,1.1232310533524,86100,AP-N902-F303,0.018235789611936,0.018235789611936,74.676628112793,269.75
25-APR-2025,11.57039259581,14279,1921-293,1.1212108135223,86100,AP-N901-F303,0.018235789611936,0.018235789611936,76.408210754395,269.75
25-APR-2025,11.57039259581,14279,1921-293,1.1212108135223,86100,AP-N902-F303,0.018235789611936,0.018235789611936,74.676628112793,269.75
25-APR-2025,11.579281567546,14279,1921-293,1.1191902160645,86100,AP-N901-F303,0.018235789611936,0.018235789611936,76.408210754395,269.75
25-APR-2025,11.579281567546,14279,1921-293,1.1191902160645,86100,AP-N902-F303,0.018235789611936,0.018235789611936,74.676628112793,269.75
25-APR-2025,11.664699033178,14284,P-HALF,0.72243511676788,86100,AP-N901-F303,0.018088687211275,0.018088687211275,81.044212341309,270.45001220703
25-APR-2025,11.664699033178,14284,P-HALF,0.72243511676788,86100,AP-N902-F303,0.018088687211275,0.018088687211275,79.545822143555,270.45001220703
25-APR-2025,11.680671411696,14288,P-HALF,0.71878969669342,86100,AP-N901-F303,0.018088687211275,0.018088687211275,81.044212341309,270.45001220703
25-APR-2025,11.680671411696,14288,P-HALF,0.71878969669342,86100,AP-N902-F303,0.018088687211275,0.018088687211275,79.545822143555,270.45001220703
25-APR-2025,11.689560385179,14288,P-HALF,0.71676123142242,86100,AP-N901-F303,0.018088687211275,0.018088687211275,81.044212341309,270.45001220703
25-APR-2025,11.689560385179,14288,P-HALF,0.71676123142242,86100,AP-N902-F303,0.018088687211275,0.018088687211275,79.545822143555,270.45001220703
25-APR-2025,11.698449357264,14288,P-HALF,0.71473300457001,86100,AP-N901-F303,0.018088687211275,0.018088687211275,81.044212341309,270.45001220703
25-APR-2025,11.698449357264,14288,P-HALF,0.71473300457001,86100,AP-N902-F303,0.018088687211275,0.018088687211275,79.545822143555,270.45001220703
25-APR-2025,11.707616109285,14288,P-HALF,0.71264165639877,86100,AP-N901-F303,0.018088687211275,0.018088687211275,81.044212341309,270.45001220703
25-APR-2025,11.707616109285,14288,P-HALF,0.71264165639877,86100,AP-N902-F303,0.018088687211275,0.018088687211275,79.545822143555,270.45001220703
25-APR-2025,11.716782862179,14288,P-HALF,0.71055048704147,86100,AP-N901-F303,0.018088687211275,0.018088687211275,81.044212341309,270.45001220703
25-APR-2025,11.716782862179,14288,P-HALF,0.71055048704147,86100,AP-N902-F303,0.018088687211275,0.018088687211275,79.545822143555,270.45001220703
25-APR-2025,11.790811337702,14293,P-HALF,0.69367134571075,86100,AP-N901-F303,0.018142107874155,0.018142107874155,82.087142944336,270.54998779297
25-APR-2025,11.790811337702,14293,P-HALF,0.69367134571075,86100,AP-N902-F303,0.018142107874155,0.018142107874155,81.156455993652,270.54998779297
25-APR-2025,11.819839388213,14297,P-HALF,0.68705701828003,86100,AP-N901-F303,0.018142107874155,0.018142107874155,82.087142944336,270.54998779297
25-APR-2025,11.819839388213,14297,P-HALF,0.68705701828003,86100,AP-N902-F303,0.018142107874155,0.018142107874155,81.156455993652,270.54998779297
25-APR-2025,11.828728361346,14297,P-HALF,0.68503201007843,86100,AP-N901-F303,0.018142107874155,0.018142107874155,82.087142944336,270.54998779297
25-APR-2025,11.828728361346,14297,P-HALF,0.68503201007843,86100,AP-N902-F303,0.018142107874155,0.018142107874155,81.156455993652,270.54998779297
25-APR-2025,11.837617334654,14297,P-HALF,0.68300729990005,86100,AP-N901-F303,0.018142107874155,0.018142107874155,82.087142944336,270.54998779297
25-APR-2025,11.837617334654,14297,P-HALF,0.68300729990005,86100,AP-N902-F303,0.018142107874155,0.018142107874155,81.156455993652,270.54998779297
25-APR-2025,11.846506307612,14297,P-HALF,0.68098276853561,86100,AP-N901-F303,0.018142107874155,0.018142107874155,82.087142944336,270.54998779297
25-APR-2025,11.846506307612,14297,P-HALF,0.68098276853561,86100,AP-N902-F303,0.018142107874155,0.018142107874155,81.156455993652,270.54998779297
25-APR-2025,11.85567305876,14297,P-HALF,0.67889529466629,86100,AP-N901-F303,0.018142107874155,0.018142107874155,82.087142944336,270.54998779297
25-APR-2025,11.85567305876,14297,P-HALF,0.67889529466629,86100,AP-N902-F303,0.018142107874155,0.018142107874155,81.156455993652,270.54998779297
25-APR-2025,11.964701864849,14302,P-HALF,0.6540864109993,86100,AP-N901-F303,0.018149837851524,0.018149837851524,84.213409423828,270.64999389648
25-APR-2025,11.964701864849,14302,P-HALF,0.6540864109993,86100,AP-N902-F303,0.018149837851524,0.018149837851524,83.689468383789,270.64999389648
25-APR-2025,11.981229801666,14306,P-HALF,0.65032893419266,86100,AP-N901-F303,0.018149837851524,0.018149837851524,84.213409423828,270.64999389648
25-APR-2025,11.981229801666,14306,P-HALF,0.65032893419266,86100,AP-N902-F303,0.018149837851524,0.018149837851524,83.689468383789,270.64999389648
25-APR-2025,11.990118774799,14306,P-HALF,0.64830845594406,86100,AP-N901-F303,0.018149837851524,0.018149837851524,84.213409423828,270.64999389648
25-APR-2025,11.990118774799,14306,P-HALF,0.64830845594406,86100,AP-N902-F303,0.018149837851524,0.018149837851524,83.689468383789,270.64999389648
25-APR-2025,11.999285528741,14306,P-HALF,0.64622509479523,86100,AP-N901-F303,0.018149837851524,0.018149837851524,84.213409423828,270.64999389648
25-APR-2025,11.999285528741,14306,P-HALF,0.64622509479523,86100,AP-N902-F303,0.018149837851524,0.018149837851524,83.689468383789,270.64999389648
25-APR-2025,12.008174501176,14306,P-HALF,0.64420521259308,86100,AP-N901-F303,0.018149837851524,0.018149837851524,84.213409423828,270.64999389648
25-APR-2025,12.008174501176,14306,P-HALF,0.64420521259308,86100,AP-N902-F303,0.018149837851524,0.018149837851524,83.689468383789,270.64999389648
25-APR-2025,12.017063473785,14306,P-HALF,0.64218550920486,86100,AP-N901-F303,0.018149837851524,0.018149837851524,84.213409423828,270.64999389648
25-APR-2025,12.017063473785,14306,P-HALF,0.64218550920486,86100,AP-N902-F303,0.018149837851524,0.018149837851524,83.689468383789,270.64999389648
25-APR-2025,13.581509236536,14332,P-HALF,0.29235735535622,86100,AP-N901-F303,0,0,0,0
25-APR-2025,13.581509236536,14332,P-HALF,0.29235735535622,86100,AP-N902-F303,0,0,0,0
25-APR-2025,13.590398210717,14332,P-HALF,0.29041090607643,86100,AP-N901-F303,0,0,0,0
25-APR-2025,13.590398210717,14332,P-HALF,0.29041090607643,86100,AP-N902-F303,0,0,0,0
25-APR-2025,13.599564965881,14332,P-HALF,0.28840425610542,86100,AP-N901-F303,0,0,0,0
25-APR-2025,13.599564965881,14332,P-HALF,0.28840425610542,86100,AP-N902-F303,0,0,0,0
25-APR-2025,13.608453940586,14332,P-HALF,0.28645899891853,86100,AP-N901-F303,0,0,0,0
25-APR-2025,13.608453940586,14332,P-HALF,0.28645899891853,86100,AP-N902-F303,0,0,0,0
25-APR-2025,13.617342914417,14332,P-HALF,0.28451433777809,86100,AP-N901-F303,0,0,0,0
25-APR-2025,13.617342914417,14332,P-HALF,0.28451433777809,86100,AP-N902-F303,0,0,0,0
25-APR-2025,13.678454618131,14338,P-HALF,0.27116075158119,86100,AP-N901-F303,0,0,0,0
25-APR-2025,13.678454618131,14338,P-HALF,0.27116075158119,86100,AP-N902-F303,0,0,0,0
25-APR-2025,13.687343593185,14338,P-HALF,0.26922079920769,86100,AP-N901-F303,0,0,0,0
25-APR-2025,13.687343593185,14338,P-HALF,0.26922079920769,86100,AP-N902-F303,0,0,0,0
25-APR-2025,13.696510347999,14338,P-HALF,0.26722082495689,86100,AP-N901-F303,0,0,0,0
25-APR-2025,13.696510347999,14338,P-HALF,0.26722082495689,86100,AP-N902-F303,0,0,0,0
25-APR-2025,13.705399321831,14338,P-HALF,0.26528206467628,86100,AP-N901-F303,0,0,0,0
25-APR-2025,13.705399321831,14338,P-HALF,0.26528206467628,86100,AP-N902-F303,0,0,0,0
25-APR-2025,13.714566076646,14338,P-HALF,0.26328337192535,86100,AP-N901-F303,0,0,0,0
25-APR-2025,13.714566076646,14338,P-HALF,0.26328337192535,86100,AP-N902-F303,0,0,0,0
25-APR-2025,13.775677780883,14344,P-HALF,0.24997559189796,86100,AP-N901-F303,0,0,0,0
25-APR-2025,13.775677780883,14344,P-HALF,0.24997559189796,86100,AP-N902-F303,0,0,0,0
25-APR-2025,13.784844536047,14344,P-HALF,0.24798196554184,86100,AP-N901-F303,0,0,0,0
25-APR-2025,13.784844536047,14344,P-HALF,0.24798196554184,86100,AP-N902-F303,0,0,0,0
25-APR-2025,13.793733511451,14344,P-HALF,0.24604940414429,86100,AP-N901-F303,0,0,0,0
25-APR-2025,13.793733511451,14344,P-HALF,0.24604940414429,86100,AP-N902-F303,0,0,0,0
25-APR-2025,13.802622486854,14344,P-HALF,0.2441174685955,86100,AP-N901-F303,0,0,0,0
25-APR-2025,13.802622486854,14344,P-HALF,0.2441174685955,86100,AP-N902-F303,0,0,0,0
25-APR-2025,13.811511461384,14344,P-HALF,0.24218614399433,86100,AP-N901-F303,0,0,0,0
25-APR-2025,13.811511461384,14344,P-HALF,0.24218614399433,86100,AP-N902-F303,0,0,0,0
25-APR-2025,13.885817735353,14349,3C454.3,0.86182278394699,86100,AP-N901-F303,0.017691431567073,0.017691431567073,87.127319335937,272.75
25-APR-2025,13.885817735353,14349,3C454.3,0.86182278394699,86100,AP-N902-F303,0.017691431567073,0.017691431567073,86.633949279785,272.75
25-APR-2025,13.974013021297,14353,3C454.3,0.8557276725769,86100,AP-N901-F303,0.017691431567073,0.017691431567073,87.127319335937,272.75
25-APR-2025,13.974013021297,14353,3C454.3,0.8557276725769,86100,AP-N902-F303,0.017691431567073,0.017691431567073,86.633949279785,272.75
25-APR-2025,13.983457557968,14353,3C454.3,0.85503554344177,86100,AP-N901-F303,0.017691431567073,0.017691431567073,87.127319335937,272.75
25-APR-2025,13.983457557968,14353,3C454.3,0.85503554344177,86100,AP-N902-F303,0.017691431567073,0.017691431567073,86.633949279785,272.75
25-APR-2025,13.992902093417,14353,3C454.3,0.85433596372604,86100,AP-N901-F303,0.017691431567073,0.017691431567073,87.127319335937,272.75
25-APR-2025,13.992902093417,14353,3C454.3,0.85433596372604,86100,AP-N902-F303,0.017691431567073,0.017691431567073,86.633949279785,272.75
25-APR-2025,8.009734511563,14080,1741-038,1.2363827228546,86100,AP-N901-F303,0,0,0,0
25-APR-2025,8.009734511563,14080,1741-038,1.2363827228546,86100,AP-N902-F303,0,0,0,0
25-APR-2025,8.0189012628855,14080,1741-038,1.2364161014557,86100,AP-N901-F303,0,0,0,0
25-APR-2025,8.0189012628855,14080,1741-038,1.2364161014557,86100,AP-N902-F303,0,0,0,0
25-APR-2025,8.0277902349708,14080,1741-038,1.2364330291748,86100,AP-N901-F303,0,0,0,0
25-APR-2025,8.0277902349708,14080,1741-038,1.2364330291748,86100,AP-N902-F303,0,0,0,0
25-APR-2025,8.036679207056,14080,1741-038,1.2364349365234,86100,AP-N901-F303,0,0,0,0
25-APR-2025,8.036679207056,14080,1741-038,1.2364349365234,86100,AP-N902-F303,0,0,0,0
25-APR-2025,8.0455681794905,14080,1741-038,1.2364212274551,86100,AP-N901-F303,0,0,0,0
25-APR-2025,8.0455681794905,14080,1741-038,1.2364212274551,86100,AP-N902-F303,0,0,0,0
25-APR-2025,8.1770971865604,14085,P-HALF,1.4626381397247,86100,AP-N901-F303,0.018332680687308,0.018332680687308,81.055236816406,269.64999389648
25-APR-2025,8.1770971865604,14085,P-HALF,1.4626381397247,86100,AP-N902-F303,0.018332680687308,0.018332680687308,77.157020568848,269.64999389648
25-APR-2025,8.1933473416961,14089,P-HALF,1.4616447687149,86100,AP-N901-F303,0.018332680687308,0.018332680687308,81.055236816406,269.64999389648
25-APR-2025,8.1933473416961,14089,P-HALF,1.4616447687149,86100,AP-N902-F303,0.018332680687308,0.018332680687308,77.157020568848,269.64999389648
25-APR-2025,8.2022363141306,14089,P-HALF,1.4610491991043,86100,AP-N901-F303,0.018332680687308,0.018332680687308,81.055236816406,269.64999389648
25-APR-2025,8.2022363141306,14089,P-HALF,1.4610491991043,86100,AP-N902-F303,0.018332680687308,0.018332680687308,77.157020568848,269.64999389648
25-APR-2025,8.2111252858667,14089,P-HALF,1.4604172706604,86100,AP-N901-F303,0.018332680687308,0.018332680687308,81.055236816406,269.64999389648
25-APR-2025,8.2111252858667,14089,P-HALF,1.4604172706604,86100,AP-N902-F303,0.018332680687308,0.018332680687308,77.157020568848,269.64999389648
25-APR-2025,8.2200142583012,14089,P-HALF,1.4597491025925,86100,AP-N901-F303,0.018332680687308,0.018332680687308,81.055236816406,269.64999389648
25-APR-2025,8.2200142583012,14089,P-HALF,1.4597491025925,86100,AP-N902-F303,0.018332680687308,0.018332680687308,77.157020568848,269.64999389648
25-APR-2025,8.2289032302118,14089,P-HALF,1.4590458869934,86100,AP-N901-F303,0.018332680687308,0.018332680687308,81.055236816406,269.64999389648
25-APR-2025,8.2289032302118,14089,P-HALF,1.4590458869934,86100,AP-N902-F303,0.018332680687308,0.018332680687308,77.157020568848,269.64999389648
25-APR-2025,8.3034872591456,14094,P-HALF,1.4518482685089,86100,AP-N901-F303,0.018463784828782,0.018463784828782,80.839904785156,269.35000610352
25-APR-2025,8.3034872591456,14094,P-HALF,1.4518482685089,86100,AP-N902-F303,0.018463784828782,0.018463784828782,77.041488647461,269.35000610352
25-APR-2025,8.3319597497853,14098,P-HALF,1.4485431909561,86100,AP-N901-F303,0.018463784828782,0.018463784828782,80.839904785156,269.35000610352
25-APR-2025,8.3319597497853,14098,P-HALF,1.4485431909561,86100,AP-N902-F303,0.018463784828782,0.018463784828782,77.041488647461,269.35000610352
25-APR-2025,8.3408487216959,14098,P-HALF,1.4474549293518,86100,AP-N901-F303,0.018463784828782,0.018463784828782,80.839904785156,269.35000610352
25-APR-2025,8.3408487216959,14098,P-HALF,1.4474549293518,86100,AP-N902-F303,0.018463784828782,0.018463784828782,77.041488647461,269.35000610352
25-APR-2025,8.3497376941304,14098,P-HALF,1.4463410377502,86100,AP-N901-F303,0.018463784828782,0.018463784828782,80.839904785156,269.35000610352
25-APR-2025,8.3497376941304,14098,P-HALF,1.4463410377502,86100,AP-N902-F303,0.018463784828782,0.018463784828782,77.041488647461,269.35000610352
25-APR-2025,8.3586266662157,14098,P-HALF,1.4452019929886,86100,AP-N901-F303,0.018463784828782,0.018463784828782,80.839904785156,269.35000610352
25-APR-2025,8.3586266662157,14098,P-HALF,1.4452019929886,86100,AP-N902-F303,0.018463784828782,0.018463784828782,77.041488647461,269.35000610352
25-APR-2025,8.3675156384756,14098,P-HALF,1.4440386295319,86100,AP-N901-F303,0.018463784828782,0.018463784828782,80.839904785156,269.35000610352
25-APR-2025,8.3675156384756,14098,P-HALF,1.4440386295319,86100,AP-N902-F303,0.018463784828782,0.018463784828782,77.041488647461,269.35000610352
25-APR-2025,8.5265398111738,14106,P-HALF,1.4197914600372,86100,AP-N901-F303,0.018386220559478,0.018386220559478,80.294738769531,269.04998779297
25-APR-2025,8.5265398111738,14106,P-HALF,1.4197914600372,86100,AP-N902-F303,0.018386220559478,0.018386220559478,76.433448791504,269.04998779297
25-APR-2025,8.5430677511345,14110,P-HALF,1.4169663190842,86100,AP-N901-F303,0.018386220559478,0.018386220559478,80.294738769531,269.04998779297
25-APR-2025,8.5430677511345,14110,P-HALF,1.4169663190842,86100,AP-N902-F303,0.018386220559478,0.018386220559478,76.433448791504,269.04998779297
25-APR-2025,8.5519567230452,14110,P-HALF,1.4154280424118,86100,AP-N901-F303,0.018386220559478,0.018386220559478,80.294738769531,269.04998779297
25-APR-2025,8.5519567230452,14110,P-HALF,1.4154280424118,86100,AP-N902-F303,0.018386220559478,0.018386220559478,76.433448791504,269.04998779297
25-APR-2025,8.5608456940827,14110,P-HALF,1.4138768911362,86100,AP-N901-F303,0.018386220559478,0.018386220559478,80.294738769531,269.04998779297
25-APR-2025,8.5608456940827,14110,P-HALF,1.4138768911362,86100,AP-N902-F303,0.018386220559478,0.018386220559478,76.433448791504,269.04998779297
25-APR-2025,8.569734666168,14110,P-HALF,1.4123133420944,86100,AP-N901-F303,0.018386220559478,0.018386220559478,80.294738769531,269.04998779297
25-APR-2025,8.569734666168,14110,P-HALF,1.4123133420944,86100,AP-N902-F303,0.018386220559478,0.018386220559478,76.433448791504,269.04998779297
25-APR-2025,8.5786236384279,14110,P-HALF,1.4107376337051,86100,AP-N901-F303,0.018386220559478,0.018386220559478,80.294738769531,269.04998779297
25-APR-2025,8.5786236384279,14110,P-HALF,1.4107376337051,86100,AP-N902-F303,0.018386220559478,0.018386220559478,76.433448791504,269.04998779297
25-APR-2025,8.6532076719018,14115,P-HALF,1.3970851898193,86100,AP-N901-F303,0.018377823755145,0.018377823755145,80.337242126465,269.25
25-APR-2025,8.6532076719018,14115,P-HALF,1.3970851898193,86100,AP-N902-F303,0.018377823755145,0.018377823755145,76.675903320313,269.25
25-APR-2025,8.6816801562551,14119,P-HALF,1.3916932344437,86100,AP-N901-F303,0.018377823755145,0.018377823755145,80.337242126465,269.25
25-APR-2025,8.6816801562551,14119,P-HALF,1.3916932344437,86100,AP-N902-F303,0.018377823755145,0.018377823755145,76.675903320313,269.25
25-APR-2025,8.6905691283403,14119,P-HALF,1.3899919986725,86100,AP-N901-F303,0.018377823755145,0.018377823755145,80.337242126465,269.25
25-APR-2025,8.6905691283403,14119,P-HALF,1.3899919986725,86100,AP-N902-F303,0.018377823755145,0.018377823755145,76.675903320313,269.25
25-APR-2025,8.699458100251,14119,P-HALF,1.3882826566696,86100,AP-N901-F303,0.018377823755145,0.018377823755145,80.337242126465,269.25
25-APR-2025,8.699458100251,14119,P-HALF,1.3882826566696,86100,AP-N902-F303,0.018377823755145,0.018377823755145,76.675903320313,269.25
25-APR-2025,8.7086248527958,14119,P-HALF,1.3865115642548,86100,AP-N901-F303,0.018377823755145,0.018377823755145,80.337242126465,269.25
25-APR-2025,8.7086248527958,14119,P-HALF,1.3865115642548,86100,AP-N902-F303,0.018377823755145,0.018377823755145,76.675903320313,269.25
25-APR-2025,8.7175138245318,14119,P-HALF,1.3847862482071,86100,AP-N901-F303,0.018377823755145,0.018377823755145,80.337242126465,269.25
25-APR-2025,8.7175138245318,14119,P-HALF,1.3847862482071,86100,AP-N902-F303,0.018377823755145,0.018377823755145,76.675903320313,269.25
25-APR-2025,8.8767473579608,14128,P-HALF,1.352790594101,86100,AP-N901-F303,0.018312036991119,0.018312036991119,79.261390686035,269.25
25-APR-2025,8.8767473579608,14128,P-HALF,1.352790594101,86100,AP-N902-F303,0.018312036991119,0.018312036991119,75.672309875488,269.25
25-APR-2025,8.8929975022698,14132,P-HALF,1.3494287729263,86100,AP-N901-F303,0.018312036991119,0.018312036991119,79.261390686035,269.25
25-APR-2025,8.8929975022698,14132,P-HALF,1.3494287729263,86100,AP-N902-F303,0.018312036991119,0.018312036991119,75.672309875488,269.25
25-APR-2025,8.9018864743551,14132,P-HALF,1.3475835323334,86100,AP-N901-F303,0.018312036991119,0.018312036991119,79.261390686035,269.25
25-APR-2025,8.9018864743551,14132,P-HALF,1.3475835323334,86100,AP-N902-F303,0.018312036991119,0.018312036991119,75.672309875488,269.25
25-APR-2025,8.9107754467896,14132,P-HALF,1.3457341194153,86100,AP-N901-F303,0.018312036991119,0.018312036991119,79.261390686035,269.25
25-APR-2025,8.9107754467896,14132,P-HALF,1.3457341194153,86100,AP-N902-F303,0.018312036991119,0.018312036991119,75.672309875488,269.25
25-APR-2025,8.9196644185256,14132,P-HALF,1.3438804149628,86100,AP-N901-F303,0.018312036991119,0.018312036991119,79.261390686035,269.25
25-APR-2025,8.9196644185256,14132,P-HALF,1.3438804149628,86100,AP-N902-F303,0.018312036991119,0.018312036991119,75.672309875488,269.25
25-APR-2025,8.9285533909601,14132,P-HALF,1.3420226573944,86100,AP-N901-F303,0.018312036991119,0.018312036991119,79.261390686035,269.25
25-APR-2025,8.9285533909601,14132,P-HALF,1.3420226573944,86100,AP-N902-F303,0.018312036991119,0.018312036991119,75.672309875488,269.25
25-APR-2025,9.0034152029727,14137,P-HALF,1.3262284994125,86100,AP-N901-F303,0.018220752477646,0.018220752477646,79.031936645508,269.45001220703
25-APR-2025,9.0034152029727,14137,P-HALF,1.3262284994125,86100,AP-N902-F303,0.018220752477646,0.018220752477646,75.980949401855,269.45001220703
25-APR-2025,9.0320265829691,14141,P-HALF,1.3201284408569,86100,AP-N901-F303,0.018220752477646,0.018220752477646,79.031936645508,269.45001220703
25-APR-2025,9.0320265829691,14141,P-HALF,1.3201284408569,86100,AP-N902-F303,0.018220752477646,0.018220752477646,75.980949401855,269.45001220703
25-APR-2025,9.0410544445856,14141,P-HALF,1.3181972503662,86100,AP-N901-F303,0.018220752477646,0.018220752477646,79.031936645508,269.45001220703
25-APR-2025,9.0410544445856,14141,P-HALF,1.3181972503662,86100,AP-N902-F303,0.018220752477646,0.018220752477646,75.980949401855,269.45001220703
25-APR-2025,9.0499434166709,14141,P-HALF,1.3162926435471,86100,AP-N901-F303,0.018220752477646,0.018220752477646,79.031936645508,269.45001220703
25-APR-2025,9.0499434166709,14141,P-HALF,1.3162926435471,86100,AP-N902-F303,0.018220752477646,0.018220752477646,75.980949401855,269.45001220703
25-APR-2025,9.0588323889308,14141,P-HALF,1.314385175705,86100,AP-N901-F303,0.018220752477646,0.018220752477646,79.031936645508,269.45001220703
25-APR-2025,9.0588323889308,14141,P-HALF,1.314385175705,86100,AP-N902-F303,0.018220752477646,0.018220752477646,75.980949401855,269.45001220703
25-APR-2025,9.067999141301,14141,P-HALF,1.3124153614044,86100,AP-N901-F303,0.018220752477646,0.018220752477646,79.031936645508,269.45001220703
25-APR-2025,9.067999141301,14141,P-HALF,1.3124153614044,86100,AP-N902-F303,0.018220752477646,0.018220752477646,75.980949401855,269.45001220703
25-APR-2025,9.2878623114478,14146,1921-293,1.4233874082565,86100,AP-N901-F303,0.018229624256492,0.018229624256492,78.356666564941,269.45001220703
25-APR-2025,9.2878623114478,14146,1921-293,1.4233874082565,86100,AP-N902-F303,0.018229624256492,0.018229624256492,75.544532775879,269.45001220703
25-APR-2025,9.3041124681551,14150,1921-293,1.4259649515152,86100,AP-N901-F303,0.018229624256492,0.018229624256492,78.356666564941,269.45001220703
25-APR-2025,9.3041124681551,14150,1921-293,1.4259649515152,86100,AP-N902-F303,0.018229624256492,0.018229624256492,75.544532775879,269.45001220703
25-APR-2025,9.3130014412881,14150,1921-293,1.4273515939713,86100,AP-N901-F303,0.018229624256492,0.018229624256492,78.356666564941,269.45001220703
25-APR-2025,9.3130014412881,14150,1921-293,1.4273515939713,86100,AP-N902-F303,0.018229624256492,0.018229624256492,75.544532775879,269.45001220703
25-APR-2025,9.321890413548,14150,1921-293,1.4287210702896,86100,AP-N901-F303,0.018229624256492,0.018229624256492,78.356666564941,269.45001220703
25-APR-2025,9.321890413548,14150,1921-293,1.4287210702896,86100,AP-N902-F303,0.018229624256492,0.018229624256492,75.544532775879,269.45001220703
25-APR-2025,9.3902243837141,14157,P-HALF,1.2417169809341,86100,AP-N901-F303,0.018199689686298,0.018199689686298,78.70565032959,269.25
25-APR-2025,9.3902243837141,14157,P-HALF,1.2417169809341,86100,AP-N902-F303,0.018199689686298,0.018199689686298,75.988273620605,269.25
25-APR-2025,9.3993911369574,14157,P-HALF,1.2396742105484,86100,AP-N901-F303,0.018199689686298,0.018199689686298,78.70565032959,269.25
25-APR-2025,9.3993911369574,14157,P-HALF,1.2396742105484,86100,AP-N902-F303,0.018199689686298,0.018199689686298,75.988273620605,269.25
25-APR-2025,9.4082801100904,14157,P-HALF,1.237692117691,86100,AP-N901-F303,0.018199689686298,0.018199689686298,78.70565032959,269.25
25-APR-2025,9.4082801100904,14157,P-HALF,1.237692117691,86100,AP-N902-F303,0.018199689686298,0.018199689686298,75.988273620605,269.25
25-APR-2025,9.4171690821757,14157,P-HALF,1.2357087135315,86100,AP-N901-F303,0.018199689686298,0.018199689686298,78.70565032959,269.25
25-APR-2025,9.4171690821757,14157,P-HALF,1.2357087135315,86100,AP-N902-F303,0.018199689686298,0.018199689686298,75.988273620605,269.25
25-APR-2025,9.4260580540864,14157,P-HALF,1.2337241172791,86100,AP-N901-F303,0.018199689686298,0.018199689686298,78.70565032959,269.25
25-APR-2025,9.4260580540864,14157,P-HALF,1.2337241172791,86100,AP-N902-F303,0.018199689686298,0.018199689686298,75.988273620605,269.25
25-APR-2025,9.5006420784799,14162,P-HALF,1.2170287370682,86100,AP-N901-F303,0.018306497484446,0.018306497484446,78.455268859863,268.95001220703
25-APR-2025,9.5006420784799,14162,P-HALF,1.2170287370682,86100,AP-N902-F303,0.018306497484446,0.018306497484446,76.030250549316,268.95001220703
25-APR-2025,9.5288367980897,14166,P-HALF,1.2106983661652,86100,AP-N901-F303,0.018306497484446,0.018306497484446,78.455268859863,268.95001220703
25-APR-2025,9.5288367980897,14166,P-HALF,1.2106983661652,86100,AP-N902-F303,0.018306497484446,0.018306497484446,76.030250549316,268.95001220703
25-APR-2025,9.5377257703496,14166,P-HALF,1.2087006568909,86100,AP-N901-F303,0.018306497484446,0.018306497484446,78.455268859863,268.95001220703
25-APR-2025,9.5377257703496,14166,P-HALF,1.2087006568909,86100,AP-N902-F303,0.018306497484446,0.018306497484446,76.030250549316,268.95001220703
25-APR-2025,9.5468925227198,14166,P-HALF,1.2066395282745,86100,AP-N901-F303,0.018306497484446,0.018306497484446,78.455268859863,268.95001220703
25-APR-2025,9.5468925227198,14166,P-HALF,1.2066395282745,86100,AP-N902-F303,0.018306497484446,0.018306497484446,76.030250549316,268.95001220703
25-APR-2025,9.5559203838125,14166,P-HALF,1.2046086788177,86100,AP-N901-F303,0.018306497484446,0.018306497484446,78.455268859863,268.95001220703
25-APR-2025,9.5559203838125,14166,P-HALF,1.2046086788177,86100,AP-N902-F303,0.018306497484446,0.018306497484446,76.030250549316,268.95001220703
25-APR-2025,9.564948245429,14166,P-HALF,1.2025768756866,86100,AP-N901-F303,0.018306497484446,0.018306497484446,78.455268859863,268.95001220703
25-APR-2025,9.564948245429,14166,P-HALF,1.2025768756866,86100,AP-N902-F303,0.018306497484446,0.018306497484446,76.030250549316,268.95001220703
25-APR-2025,9.6742548284848,14171,P-HALF,1.1779106855392,86100,AP-N901-F303,0.018374195322394,0.018374195322394,78.43350982666,269.35000610352
25-APR-2025,9.6742548284848,14171,P-HALF,1.1779106855392,86100,AP-N902-F303,0.018374195322394,0.018374195322394,75.621910095215,269.35000610352
25-APR-2025,9.6902271980969,14175,P-HALF,1.1742970943451,86100,AP-N901-F303,0.018374195322394,0.018374195322394,78.43350982666,269.35000610352
25-APR-2025,9.6902271980969,14175,P-HALF,1.1742970943451,86100,AP-N902-F303,0.018374195322394,0.018374195322394,75.621910095215,269.35000610352
25-APR-2025,9.6991161700075,14175,P-HALF,1.1722850799561,86100,AP-N901-F303,0.018374195322394,0.018374195322394,78.43350982666,269.35000610352
25-APR-2025,9.6991161700075,14175,P-HALF,1.1722850799561,86100,AP-N902-F303,0.018374195322394,0.018374195322394,75.621910095215,269.35000610352
25-APR-2025,9.7080051422674,14175,P-HALF,1.1702724695206,86100,AP-N901-F303,0.018374195322394,0.018374195322394,78.43350982666,269.35000610352
25-APR-2025,9.7080051422674,14175,P-HALF,1.1702724695206,86100,AP-N902-F303,0.018374195322394,0.018374195322394,75.621910095215,269.35000610352
25-APR-2025,9.7168941145273,14175,P-HALF,1.1682591438293,86100,AP-N901-F303,0.018374195322394,0.018374195322394,78.43350982666,269.35000610352
25-APR-2025,9.7168941145273,14175,P-HALF,1.1682591438293,86100,AP-N902-F303,0.018374195322394,0.018374195322394,75.621910095215,269.35000610352
25-APR-2025,9.725783087835,14175,P-HALF,1.1662452220917,86100,AP-N901-F303,0.018374195322394,0.018374195322394,78.43350982666,269.35000610352
25-APR-2025,9.725783087835,14175,P-HALF,1.1662452220917,86100,AP-N902-F303,0.018374195322394,0.018374195322394,75.621910095215,269.35000610352
25-APR-2025,9.8006449104996,14180,P-HALF,1.1492605209351,86100,AP-N901-F303,0.018342351540923,0.018342351540923,77.947364807129,269.14999389648
25-APR-2025,9.8006449104996,14180,P-HALF,1.1492605209351,86100,AP-N902-F303,0.018342351540923,0.018342351540923,75.328422546387,269.14999389648
25-APR-2025,9.8291173918843,14184,P-HALF,1.1427904367447,86100,AP-N901-F303,0.018342351540923,0.018342351540923,77.947364807129,269.14999389648
25-APR-2025,9.8291173918843,14184,P-HALF,1.1427904367447,86100,AP-N902-F303,0.018342351540923,0.018342351540923,75.328422546387,269.14999389648
25-APR-2025,9.8382841440798,14184,P-HALF,1.1407064199448,86100,AP-N901-F303,0.018342351540923,0.018342351540923,77.947364807129,269.14999389648
25-APR-2025,9.8382841440798,14184,P-HALF,1.1407064199448,86100,AP-N902-F303,0.018342351540923,0.018342351540923,75.328422546387,269.14999389648
25-APR-2025,9.8471731161651,14184,P-HALF,1.1386848688126,86100,AP-N901-F303,0.018342351540923,0.018342351540923,77.947364807129,269.14999389648
25-APR-2025,9.8471731161651,14184,P-HALF,1.1386848688126,86100,AP-N902-F303,0.018342351540923,0.018342351540923,75.328422546387,269.14999389648
25-APR-2025,9.856062088425,14184,P-HALF,1.1366629600525,86100,AP-N901-F303,0.018342351540923,0.018342351540923,77.947364807129,269.14999389648
25-APR-2025,9.856062088425,14184,P-HALF,1.1366629600525,86100,AP-N902-F303,0.018342351540923,0.018342351540923,75.328422546387,269.14999389648
25-APR-2025,9.8649510612087,14184,P-HALF,1.134640455246,86100,AP-N901-F303,0.018342351540923,0.018342351540923,77.947364807129,269.14999389648
25-APR-2025,9.8649510612087,14184,P-HALF,1.134640455246,86100,AP-N902-F303,0.018342351540923,0.018342351540923,75.328422546387,269.14999389648
