YYYY-MM-DDTHH:MM:SS,Scan,SourceName,ScanType,Frequency,Line,Az,El,Duration,SwitchingMode,PWV,Temp,Hum,Wind
2021-04-01T22:45:23,6330,WB947,on,230.538,12CO(2-1)U,+7.3,+79.3,121,TP,1.55,-2.4,31.6,6.2
2021-04-01T22:48:41,6332,WB947,on,230.538,12CO(2-1)L,+2.9,+79.3,122,TP,1.65,-2.4,32.3,7.2
2021-04-01T22:51:58,6334,WB947,on,230.538,12CO(2-1)U,-1.4,+79.4,124,TP,1.69,-2.4,32.4,6.1
2021-04-03T15:24:27,6854,PKS1057-79,on,227.103,vlbifreq7,+178.1,+13.4,87,TP,-1.00,4.2,6.7,5.9
2021-04-03T15:25:55,6855,PKS1057-79,on,227.103,vlbifreq7,+178.1,+13.4,83,TP,-1.00,4.6,6.2,9.8
2021-04-03T15:29:27,6858,PKS1057-79,on,227.103,vlbifreq7,+177.9,+13.4,87,TP,-1.00,5.1,5.6,8.7
2021-04-03T15:30:55,6859,PKS1057-79,on,227.103,vlbifreq7,+177.8,+13.4,81,TP,-1.00,3.9,5.7,6.6
2021-04-03T15:34:56,6864,J0522-3627,on,227.103,vlbifreq7,+122.4,+19.1,89,TP,-1.00,5.0,6.7,10.8
2021-04-03T15:36:25,6865,J0522-3627,on,227.103,vlbifreq7,+122.3,+19.3,81,TP,-1.00,4.2,7.0,5.9
2021-04-03T15:39:57,6870,J0522-3627,on,227.103,vlbifreq7,+122.1,+20.0,87,TP,-1.00,4.1,6.3,5.2
2021-04-03T15:41:25,6871,J0522-3627,on,227.103,vlbifreq7,+122.1,+20.3,81,TP,-1.00,4.2,6.0,8.9
2021-04-03T15:44:55,6876,J0522-3627,on,227.103,vlbifreq7,+121.9,+21.0,87,TP,-1.00,4.0,6.1,6.6
2021-04-03T15:46:23,6877,J0522-3627,on,227.103,vlbifreq7,+121.8,+21.3,81,TP,-1.00,4.9,6.6,9.5
2021-04-03T23:29:30,6916,J0522-3627,on,227.103,vlbifreq7,-121.6,+56.0,58,"WOB(80.0,1.0)",2.80,-0.8,33.0,3.8
2021-04-03T23:30:28,6917,J0522-3627,on,227.103,vlbifreq7,-121.5,+55.8,88,"WOB(80.0,1.0)",2.81,-0.8,32.9,3.2
2021-04-03T23:34:01,6922,J0522-3627,on,227.103,vlbifreq7,-121.3,+55.1,58,"WOB(80.0,1.0)",2.75,-0.8,31.9,3.5
2021-04-03T23:35:00,6923,J0522-3627,on,227.103,vlbifreq7,-121.2,+54.9,88,"WOB(80.0,1.0)",2.76,-0.9,32.0,2.8
2021-04-03T23:38:17,6928,J0522-3627,on,227.103,vlbifreq7,-121.0,+54.3,57,"WOB(80.0,1.0)",2.73,-0.8,30.6,2.9
2021-04-03T23:39:15,6929,J0522-3627,on,227.103,vlbifreq7,-120.9,+54.1,89,"WOB(80.0,1.0)",2.74,-0.8,30.7,2.8
2021-04-03T23:42:31,6934,J0522-3627,on,227.103,vlbifreq7,-120.7,+53.5,57,"WOB(80.0,1.0)",2.78,-1.0,30.7,3.0
2021-04-03T23:43:28,6935,J0522-3627,on,227.103,vlbifreq7,-120.6,+53.3,89,"WOB(80.0,1.0)",2.79,-1.4,31.4,2.9
2021-04-03T23:46:40,6940,J0522-3627,on,227.103,vlbifreq7,-120.4,+52.6,58,"WOB(80.0,1.0)",2.78,-1.5,31.6,3.0
2021-04-03T23:47:39,6941,J0522-3627,on,227.103,vlbifreq7,-120.4,+52.4,87,"WOB(80.0,1.0)",2.78,-1.4,31.2,3.2
2021-04-03T23:50:50,6946,J0522-3627,on,227.103,vlbifreq7,-120.2,+51.8,57,"WOB(80.0,1.0)",2.78,-1.7,32.3,2.6
2021-04-03T23:51:47,6947,J0522-3627,on,227.103,vlbifreq7,-120.2,+51.6,87,"WOB(80.0,1.0)",2.78,-1.8,33.0,2.8
2021-04-03T23:55:01,6952,J0522-3627,on,227.103,vlbifreq7,-120.0,+51.0,57,"WOB(80.0,1.0)",2.75,-1.7,32.5,2.5
2021-04-03T23:56:00,6953,J0522-3627,on,227.103,vlbifreq7,-120.0,+50.8,89,"WOB(80.0,1.0)",2.75,-1.5,31.8,2.7
2021-04-09T00:26:32,7820,IRC+10216,on,227.103,vlbifreq7,+17.5,+52.3,57,"WOB(60.0,0.5)",1.06,1.4,5.6,2.7
2021-04-09T00:35:02,7825,M87,on,227.103,vlbifreq7,+59.1,+30.1,59,"WOB(60.0,0.5)",1.00,1.6,5.0,3.4
2021-04-09T00:36:02,7826,M87,on,227.103,vlbifreq7,+59.0,+30.3,354,"WOB(60.0,0.5)",0.99,1.5,5.5,3.9
2021-04-09T00:49:33,7831,3C273,on,227.103,vlbifreq7,+66.8,+39.3,58,"WOB(60.0,0.5)",1.03,1.2,5.6,3.2
2021-04-09T00:50:31,7832,3C273,on,227.103,vlbifreq7,+66.6,+39.5,289,"WOB(60.0,0.5)",1.04,1.1,5.7,3.2
2021-04-09T00:57:01,7837,M87,on,227.103,vlbifreq7,+55.2,+34.4,59,"WOB(60.0,0.5)",1.04,0.5,6.6,3.7
2021-04-09T00:58:01,7838,M87,on,227.103,vlbifreq7,+55.0,+34.6,353,"WOB(60.0,0.5)",1.04,0.8,6.0,3.7
2021-04-09T01:05:15,7841,M87,on,227.103,vlbifreq7,+53.6,+35.9,58,"WOB(60.0,0.5)",1.09,1.2,4.9,3.7
2021-04-09T01:06:13,7842,M87,on,227.103,vlbifreq7,+53.5,+36.1,354,"WOB(60.0,0.5)",1.09,1.1,5.0,3.9
2021-04-09T01:17:29,7849,3C279,on,227.103,vlbifreq7,+75.7,+43.3,59,"WOB(80.0,1.0)",1.05,1.2,4.8,4.3
2021-04-09T01:18:29,7850,3C279,on,227.103,vlbifreq7,+75.6,+43.6,223,"WOB(80.0,1.0)",1.06,1.3,4.5,3.7
2021-04-09T01:24:02,7855,M87,on,227.103,vlbifreq7,+49.7,+39.4,59,"WOB(80.0,1.0)",1.05,0.7,5.3,3.9
2021-04-09T01:25:02,7856,M87,on,227.103,vlbifreq7,+49.5,+39.5,352,"WOB(80.0,1.0)",1.06,1.2,4.2,3.3
2021-04-09T01:32:17,7859,M87,on,227.103,vlbifreq7,+47.9,+40.8,58,"WOB(80.0,1.0)",1.02,1.2,4.3,2.8
2021-04-09T01:33:15,7860,M87,on,227.103,vlbifreq7,+47.7,+40.9,354,"WOB(80.0,1.0)",1.02,1.2,4.2,3.2
2021-04-09T01:47:00,7867,3C273,on,227.103,vlbifreq7,+54.6,+50.9,290,"WOB(60.0,0.5)",1.08,1.2,4.0,3.5
2021-04-09T01:53:38,7872,M87,on,227.103,vlbifreq7,+42.6,+44.3,59,"WOB(60.0,0.5)",1.11,1.1,4.0,3.4
2021-04-09T01:54:38,7873,M87,on,227.103,vlbifreq7,+42.3,+44.4,353,"WOB(60.0,0.5)",1.09,1.1,4.0,3.4
2021-04-09T02:01:55,7876,M87,on,227.103,vlbifreq7,+40.4,+45.5,57,"WOB(60.0,0.5)",1.10,1.2,3.9,2.9
2021-04-09T02:02:53,7877,M87,on,227.103,vlbifreq7,+40.1,+45.7,352,"WOB(60.0,0.5)",1.11,1.2,3.9,3.0
2021-04-09T02:14:33,7882,3C279,on,227.103,vlbifreq7,+64.9,+55.8,60,"WOB(60.0,0.5)",1.08,1.1,4.0,4.0
2021-04-09T02:15:33,7883,3C279,on,227.103,vlbifreq7,+64.7,+55.9,220,"WOB(60.0,0.5)",1.08,1.0,4.0,3.9
2021-04-09T02:20:59,7888,M87,on,227.103,vlbifreq7,+34.8,+48.2,57,"WOB(60.0,0.5)",1.09,0.9,4.0,3.8
2021-04-09T02:21:57,7889,M87,on,227.103,vlbifreq7,+34.5,+48.4,354,"WOB(60.0,0.5)",1.10,0.8,4.1,3.8
2021-04-09T02:29:15,7892,M87,on,227.103,vlbifreq7,+32.1,+49.3,58,"WOB(60.0,0.5)",1.12,0.9,3.9,3.5
2021-04-09T02:30:14,7893,M87,on,227.103,vlbifreq7,+31.8,+49.4,355,"WOB(60.0,0.5)",1.12,0.9,3.9,3.4
2021-04-09T02:43:32,7900,3C273,on,227.103,vlbifreq7,+35.5,+60.2,56,"WOB(60.0,0.5)",1.11,1.1,4.2,3.5
2021-04-09T02:44:29,7901,3C273,on,227.103,vlbifreq7,+35.1,+60.3,286,"WOB(60.0,0.5)",1.11,1.1,4.3,3.7
2021-04-09T02:51:05,7906,M87,on,227.103,vlbifreq7,+24.6,+51.7,57,"WOB(60.0,0.5)",1.10,0.9,4.3,3.3
2021-04-09T02:52:02,7907,M87,on,227.103,vlbifreq7,+24.3,+51.8,353,"WOB(60.0,0.5)",1.12,0.9,4.8,2.9
2021-04-09T02:59:19,7910,M87,on,227.103,vlbifreq7,+21.6,+52.4,61,"WOB(60.0,0.5)",1.11,0.8,4.5,2.4
2021-04-09T03:00:20,7911,M87,on,227.103,vlbifreq7,+21.2,+52.5,353,"WOB(60.0,0.5)",1.10,0.9,4.6,2.2
2021-04-09T03:11:31,7916,3C279,on,227.103,vlbifreq7,+45.6,+66.6,60,"WOB(60.0,0.5)",1.16,1.0,4.5,2.7
2021-04-09T03:12:31,7917,3C279,on,227.103,vlbifreq7,+45.1,+66.8,220,"WOB(60.0,0.5)",1.17,1.0,4.5,2.6
2021-04-09T03:18:02,7922,M87,on,227.103,vlbifreq7,+14.3,+53.7,59,"WOB(60.0,0.5)",1.17,1.0,4.5,2.4
2021-04-09T03:19:01,7923,M87,on,227.103,vlbifreq7,+13.9,+53.8,353,"WOB(60.0,0.5)",1.16,1.0,4.5,2.2
2021-04-09T03:26:18,7926,M87,on,227.103,vlbifreq7,+10.9,+54.2,58,"WOB(60.0,0.5)",1.19,1.0,4.5,2.3
2021-04-09T03:27:17,7927,M87,on,227.103,vlbifreq7,+10.5,+54.2,353,"WOB(60.0,0.5)",1.16,1.0,4.5,2.3
2021-04-09T03:37:30,7932,3C273,on,227.103,vlbifreq7,+7.7,+64.9,57,"WOB(60.0,0.5)",1.19,0.9,4.5,1.9
2021-04-09T03:38:28,7933,3C273,on,227.103,vlbifreq7,+7.2,+64.9,285,"WOB(60.0,0.5)",1.20,1.0,4.7,1.6
2021-04-09T03:45:05,7938,M87,on,227.103,vlbifreq7,+3.0,+54.7,58,"WOB(60.0,0.5)",1.16,0.9,4.7,1.5
2021-04-09T03:46:03,7939,M87,on,227.103,vlbifreq7,+2.6,+54.7,552,"WOB(60.0,0.5)",1.16,0.6,5.0,2.2
2021-04-09T04:03:47,7947,NRAO530,on,227.103,vlbifreq7,+95.9,+20.9,155,"WOB(60.0,0.5)",1.12,0.8,4.1,1.2
2021-04-09T04:08:07,7952,SGRA,on,227.103,vlbifreq7,+112.9,+23.6,57,"WOB(60.0,0.5)",1.12,0.7,4.1,1.0
2021-04-09T04:09:05,7953,SGRA,on,227.103,vlbifreq7,+112.9,+23.9,685,"WOB(60.0,0.5)",1.12,0.7,4.1,0.7
2021-04-09T04:21:50,7956,SGRA,on,227.103,vlbifreq7,+112.2,+26.6,59,"WOB(60.0,0.5)",1.18,0.5,4.5,2.5
2021-04-09T04:22:50,7957,SGRA,on,227.103,vlbifreq7,+112.1,+26.8,684,"WOB(60.0,0.5)",1.19,0.3,4.7,2.6
2021-04-09T04:36:02,7962,NRAO530,on,227.103,vlbifreq7,+93.0,+28.3,60,"WOB(60.0,0.5)",1.15,0.4,5.1,2.5
2021-04-09T04:37:02,7963,NRAO530,on,227.103,vlbifreq7,+92.9,+28.5,155,"WOB(60.0,0.5)",1.16,0.5,4.8,2.2
2021-04-09T04:44:00,7967,3C279,on,227.103,vlbifreq7,-21.5,+71.7,224,"WOB(60.0,0.5)",1.16,0.0,4.8,2.2
2021-04-09T04:49:32,7972,M87,on,227.103,vlbifreq7,-23.2,+52.0,58,"WOB(60.0,0.5)",1.13,0.3,4.7,2.5
2021-04-09T04:50:30,7973,M87,on,227.103,vlbifreq7,-23.5,+51.9,353,"WOB(60.0,0.5)",1.11,0.4,4.6,2.6
2021-04-09T04:57:49,7976,M87,on,227.103,vlbifreq7,-26.2,+51.2,58,"WOB(60.0,0.5)",1.18,0.6,4.4,2.7
2021-04-09T04:58:48,7977,M87,on,227.103,vlbifreq7,-26.5,+51.1,352,"WOB(60.0,0.5)",1.19,0.7,4.4,2.6
2021-04-09T05:12:33,7985,J1743-0350,on,227.103,vlbifreq7,+80.4,+30.7,58,"WOB(60.0,0.5)",1.19,1.0,4.6,1.9
2021-04-09T05:13:31,7986,J1743-0350,on,227.103,vlbifreq7,+80.3,+30.9,153,"WOB(60.0,0.5)",1.19,1.0,4.5,1.6
2021-04-09T05:17:50,7991,SGRA,on,227.103,vlbifreq7,+109.6,+38.7,59,"WOB(60.0,0.5)",1.25,0.7,4.7,2.1
2021-04-09T05:56:49,7997,3C279,on,227.103,vlbifreq7,-58.3,+60.5,58,"WOB(60.0,0.5)",1.31,0.3,5.4,2.5
2021-04-09T05:57:48,7998,3C279,on,227.103,vlbifreq7,-58.6,+60.4,220,"WOB(60.0,0.5)",1.32,0.3,5.5,2.4
2021-04-09T06:03:20,8003,M87,on,227.103,vlbifreq7,-45.7,+42.3,58,"WOB(60.0,0.5)",1.30,0.9,4.7,3.0
2021-04-09T06:04:19,8004,M87,on,227.103,vlbifreq7,-46.0,+42.1,353,"WOB(60.0,0.5)",1.30,1.0,4.6,3.0
2021-04-09T06:11:33,8007,M87,on,227.103,vlbifreq7,-47.7,+40.9,59,"WOB(60.0,0.5)",1.28,0.6,5.2,2.7
2021-04-09T06:12:33,8008,M87,on,227.103,vlbifreq7,-47.9,+40.7,354,"WOB(60.0,0.5)",1.27,0.7,4.8,2.7
2021-04-09T06:22:35,8013,3C279,on,227.103,vlbifreq7,-65.3,+55.3,58,"WOB(60.0,0.5)",1.31,0.2,5.5,2.3
2021-04-09T06:23:34,8014,3C279,on,227.103,vlbifreq7,-65.6,+55.1,221,"WOB(60.0,0.5)",1.32,0.0,5.9,2.4
2021-04-09T06:29:02,8019,M87,on,227.103,vlbifreq7,-51.6,+37.8,60,"WOB(60.0,0.5)",1.27,0.6,4.9,2.8
2021-04-09T06:30:02,8020,M87,on,227.103,vlbifreq7,-51.8,+37.6,552,"WOB(60.0,0.5)",1.27,0.7,4.7,2.6
2021-04-09T07:01:32,8033,J1743-0350,on,227.103,vlbifreq7,+61.9,+54.6,59,"WOB(60.0,0.5)",1.33,0.8,4.4,2.7
2021-04-09T07:02:32,8034,J1743-0350,on,227.103,vlbifreq7,+61.7,+54.8,155,"WOB(60.0,0.5)",1.31,0.9,4.5,2.9
2021-04-09T07:06:56,8039,SGRA,on,227.103,vlbifreq7,+109.0,+62.5,58,"WOB(60.0,0.5)",1.32,1.0,4.5,2.5
2021-04-09T07:07:55,8040,SGRA,on,227.103,vlbifreq7,+109.1,+62.7,691,"WOB(60.0,0.5)",1.32,1.0,4.5,2.3
2021-04-09T07:21:17,8045,J1743-0350,on,227.103,vlbifreq7,+56.5,+58.5,57,"WOB(60.0,0.5)",1.38,0.4,4.8,2.6
2021-04-09T07:22:14,8046,J1743-0350,on,227.103,vlbifreq7,+56.2,+58.7,153,"WOB(60.0,0.5)",1.38,0.3,5.0,2.8
2021-04-09T07:26:44,8051,SGRA,on,227.103,vlbifreq7,+110.3,+66.8,59,"WOB(60.0,0.5)",1.46,-0.3,5.9,2.9
2021-04-09T07:27:44,8052,SGRA,on,227.103,vlbifreq7,+110.4,+67.0,691,"WOB(60.0,0.5)",1.47,0.0,5.7,2.7
2021-04-09T07:41:32,8057,3C279,on,227.103,vlbifreq7,-79.1,+37.9,59,"WOB(60.0,0.5)",1.50,0.9,4.2,1.8
2021-04-09T07:42:32,8058,3C279,on,227.103,vlbifreq7,-79.2,+37.7,219,"WOB(60.0,0.5)",1.50,0.8,4.5,2.0
2021-04-09T07:47:58,8063,M87,on,227.103,vlbifreq7,-64.9,+22.3,60,"WOB(60.0,0.5)",1.45,0.4,5.1,1.5
2021-04-09T08:06:30,8071,J1743-0350,on,227.103,vlbifreq7,+38.5,+66.2,57,"WOB(60.0,0.5)",1.54,0.5,4.2,1.3
2021-04-09T08:07:28,8072,J1743-0350,on,227.103,vlbifreq7,+38.0,+66.4,153,"WOB(60.0,0.5)",1.54,0.5,4.2,1.3
2021-04-09T08:11:58,8077,SGRA,on,227.103,vlbifreq7,+119.0,+76.3,56,"WOB(60.0,0.5)",1.54,0.5,4.2,1.3
2021-04-09T08:12:55,8078,SGRA,on,227.103,vlbifreq7,+119.4,+76.5,888,"WOB(60.0,0.5)",1.54,0.5,4.2,1.3
2021-04-09T08:29:43,8083,J1743-0350,on,227.103,vlbifreq7,+25.1,+69.1,57,"WOB(60.0,0.5)",1.55,0.5,4.3,2.3
2021-04-09T08:30:41,8084,J1743-0350,on,227.103,vlbifreq7,+24.5,+69.2,153,"WOB(60.0,0.5)",1.57,0.5,4.3,2.2
2021-04-09T08:35:14,8089,SGRA,on,227.103,vlbifreq7,+132.3,+80.8,59,"WOB(60.0,0.5)",1.57,-0.1,4.7,2.1
2021-04-09T08:36:14,8090,SGRA,on,227.103,vlbifreq7,+133.2,+80.9,1022,"WOB(60.0,0.5)",1.59,0.1,4.5,2.1
2021-04-09T08:55:21,8095,J1743-0350,on,227.103,vlbifreq7,+7.0,+70.7,57,"WOB(60.0,0.5)",1.54,0.8,4.5,2.3
2021-04-09T08:56:19,8096,J1743-0350,on,227.103,vlbifreq7,+6.3,+70.7,156,"WOB(60.0,0.5)",1.52,0.9,4.5,2.3
2021-04-09T09:00:54,8101,3C279,on,227.103,vlbifreq7,-88.1,+19.8,58,"WOB(60.0,0.5)",1.44,0.9,4.5,2.2
2021-04-09T09:01:53,8102,3C279,on,227.103,vlbifreq7,-88.2,+19.5,155,"WOB(60.0,0.5)",1.44,0.9,4.6,2.1
2021-04-09T09:08:30,8108,SGRA,on,227.103,vlbifreq7,-175.5,+84.0,58,"WOB(60.0,0.5)",1.56,0.6,4.8,1.7
2021-04-09T09:09:29,8109,SGRA,on,227.103,vlbifreq7,-173.5,+84.0,1015,"WOB(60.0,0.5)",1.54,0.5,4.6,1.6
2021-04-09T09:28:25,8114,J1743-0350,on,227.103,vlbifreq7,-17.7,+70.0,35,"WOB(60.0,0.5)",1.55,1.2,4.1,2.7
2021-04-09T09:29:01,8115,J1743-0350,on,227.103,vlbifreq7,-18.1,+69.9,155,"WOB(60.0,0.5)",1.54,1.2,4.1,2.7
2021-04-09T09:33:35,8120,SGRA,on,227.103,vlbifreq7,-135.8,+81.4,38,"WOB(60.0,0.5)",1.54,1.1,4.1,2.7
2021-04-09T09:34:13,8121,SGRA,on,227.103,vlbifreq7,-135.2,+81.3,1025,"WOB(60.0,0.5)",1.53,0.9,4.2,2.8
2021-04-09T09:53:15,8126,J1743-0350,on,227.103,vlbifreq7,-33.4,+67.5,35,"WOB(60.0,0.5)",1.51,0.7,4.5,1.7
2021-04-09T09:53:51,8127,J1743-0350,on,227.103,vlbifreq7,-33.7,+67.4,153,"WOB(60.0,0.5)",1.53,0.7,4.5,1.5
2021-04-09T10:13:18,8133,J1743-0350,on,227.103,vlbifreq7,-43.5,+64.6,35,"WOB(60.0,0.5)",1.54,1.4,4.0,1.5
2021-04-09T10:13:54,8134,J1743-0350,on,227.103,vlbifreq7,-43.8,+64.5,94,"WOB(60.0,0.5)",1.55,1.4,4.0,1.7
2021-04-09T10:20:33,8139,J1924-2914,on,227.103,vlbifreq7,-220.6,+81.7,35,"WOB(60.0,0.5)",1.56,1.4,4.0,2.1
2021-04-09T10:21:10,8140,J1924-2914,on,227.103,vlbifreq7,-219.9,+81.8,92,"WOB(60.0,0.5)",1.55,1.4,4.0,2.2
2021-04-09T10:32:14,8148,J1924-2914,on,227.103,vlbifreq7,-204.6,+83.1,35,"WOB(60.0,0.5)",1.60,1.0,4.7,2.4
2021-04-09T10:32:50,8149,J1924-2914,on,227.103,vlbifreq7,-203.6,+83.2,93,"WOB(60.0,0.5)",1.58,0.9,4.7,2.4
2021-04-09T10:37:13,8154,SGRA,on,227.103,vlbifreq7,-111.2,+68.7,37,"WOB(60.0,0.5)",1.53,1.1,4.3,2.3
2021-04-09T10:37:51,8155,SGRA,on,227.103,vlbifreq7,-111.1,+68.6,530,"WOB(60.0,0.5)",1.52,1.2,4.2,2.3
2021-04-09T10:54:15,8160,J1924-2914,on,227.103,vlbifreq7,-162.4,+83.5,35,"WOB(60.0,0.5)",1.52,1.4,4.0,2.4
2021-04-09T10:54:51,8161,J1924-2914,on,227.103,vlbifreq7,-161.3,+83.4,93,"WOB(60.0,0.5)",1.52,1.4,4.0,2.4
2021-04-09T10:59:19,8166,SGRA,on,227.103,vlbifreq7,-109.3,+63.9,35,"WOB(60.0,0.5)",1.58,1.6,4.1,2.2
2021-04-09T10:59:56,8167,SGRA,on,227.103,vlbifreq7,-109.3,+63.8,563,"WOB(60.0,0.5)",1.60,1.6,4.0,2.0
2021-04-09T11:15:51,8172,J1924-2914,on,227.103,vlbifreq7,-133.5,+80.8,37,"WOB(60.0,0.5)",1.62,1.4,4.2,1.9
2021-04-09T11:17:00,8173,J1924-2914,on,227.103,vlbifreq7,-132.6,+80.6,92,"WOB(60.0,0.5)",1.62,1.0,4.3,1.9
2021-04-09T11:20:50,8178,SGRA,on,227.103,vlbifreq7,-108.4,+59.2,35,"WOB(60.0,0.5)",1.60,1.3,4.0,2.4
2021-04-09T11:22:00,8179,SGRA,on,227.103,vlbifreq7,-108.4,+59.0,532,"WOB(60.0,0.5)",1.60,1.4,4.0,2.4
2021-04-09T11:37:48,8184,J1924-2914,on,227.103,vlbifreq7,-120.4,+76.7,35,"WOB(60.0,0.5)",1.62,1.6,4.1,2.7
2021-04-09T11:39:00,8185,J1924-2914,on,227.103,vlbifreq7,-119.9,+76.4,93,"WOB(60.0,0.5)",1.61,1.3,4.6,2.6
2021-04-09T11:42:50,8190,J1743-0350,on,227.103,vlbifreq7,-69.5,+47.1,35,"WOB(60.0,0.5)",1.60,1.2,4.5,2.6
2021-04-09T11:47:00,8191,J1743-0350,on,227.103,vlbifreq7,-70.2,+46.2,95,"WOB(60.0,0.5)",1.59,0.9,4.9,2.7
2021-04-09T12:12:52,8203,J1924-2914,on,227.103,vlbifreq7,-112.1,+69.4,35,"WOB(60.0,0.5)",1.63,1.1,7.6,2.9
2021-04-09T12:14:00,8204,J1924-2914,on,227.103,vlbifreq7,-111.9,+69.1,94,"WOB(60.0,0.5)",1.63,1.1,8.2,2.9
2021-04-09T12:17:49,8209,SGRA,on,227.103,vlbifreq7,-108.5,+46.8,35,"WOB(60.0,0.5)",1.60,1.6,7.9,2.5
2021-04-09T12:19:00,8210,SGRA,on,227.103,vlbifreq7,-108.5,+46.5,566,"WOB(60.0,0.5)",1.60,1.8,7.2,2.4
2021-04-09T12:35:55,8215,J1924-2914,on,227.103,vlbifreq7,-109.9,+64.4,35,"WOB(60.0,0.5)",1.65,3.2,5.8,2.3
2021-04-09T12:37:00,8216,J1924-2914,on,227.103,vlbifreq7,-109.8,+64.2,94,"WOB(60.0,0.5)",1.64,3.3,5.5,2.4
2021-04-09T12:40:50,8221,SGRA,on,227.103,vlbifreq7,-109.1,+41.7,35,"WOB(60.0,0.5)",1.62,3.6,6.4,2.7
2021-04-09T12:42:00,8222,SGRA,on,227.103,vlbifreq7,-109.1,+41.5,557,"WOB(60.0,0.5)",1.62,3.7,4.9,2.5
2021-04-09T12:58:54,8227,J1924-2914,on,227.103,vlbifreq7,-108.8,+59.4,35,"WOB(60.0,0.5)",1.65,4.8,4.3,1.9
2021-04-09T13:00:00,8228,J1924-2914,on,227.103,vlbifreq7,-108.8,+59.2,93,"WOB(60.0,0.5)",1.65,4.9,3.6,2.4
2021-04-09T13:03:53,8233,J1743-0350,on,227.103,vlbifreq7,-81.2,+29.0,37,"WOB(60.0,0.5)",1.62,4.9,3.5,1.4
2021-04-09T13:05:00,8234,J1743-0350,on,227.103,vlbifreq7,-81.3,+28.8,93,"WOB(60.0,0.5)",1.63,5.0,3.2,2.3
2021-04-09T13:17:00,8242,SGRA,on,227.103,vlbifreq7,-110.4,+33.9,561,"WOB(60.0,0.5)",1.61,5.6,3.5,1.8
2021-04-09T13:33:51,8247,J1924-2914,on,227.103,vlbifreq7,-108.5,+51.8,35,"WOB(60.0,0.5)",1.62,6.3,3.0,3.0
2021-04-09T13:56:52,8254,J1924-2914,on,227.103,vlbifreq7,-108.8,+46.7,35,"WOB(60.0,0.5)",1.60,6.3,3.1,2.4
2021-04-09T13:58:00,8255,J1924-2914,on,227.103,vlbifreq7,-108.8,+46.5,97,"WOB(60.0,0.5)",1.60,6.3,3.1,1.6
2021-04-09T14:01:50,8260,SGRA,on,227.103,vlbifreq7,-112.7,+24.3,35,"WOB(60.0,0.5)",1.55,6.1,3.2,3.0
2021-04-09T14:03:00,8261,SGRA,on,227.103,vlbifreq7,-112.8,+24.0,560,"WOB(60.0,0.5)",1.55,6.0,3.3,1.7
2021-04-09T14:19:50,8266,J1924-2914,on,227.103,vlbifreq7,-109.3,+41.7,35,"WOB(60.0,0.5)",1.57,6.3,3.8,3.0
2021-04-09T14:21:00,8267,J1924-2914,on,227.103,vlbifreq7,-109.4,+41.5,93,"WOB(60.0,0.5)",1.57,6.1,3.7,2.3
2021-04-09T14:24:52,8272,SGRA,on,227.103,vlbifreq7,-114.1,+19.4,37,"WOB(60.0,0.5)",1.50,6.7,3.6,0.7
2021-04-09T14:26:00,8273,SGRA,on,227.103,vlbifreq7,-114.2,+19.2,201,"WOB(60.0,0.5)",1.50,6.8,4.1,1.5
2021-04-09T14:32:52,8278,J1924-2914,on,227.103,vlbifreq7,-109.8,+38.9,35,"WOB(60.0,0.5)",1.57,6.5,3.8,0.4
2021-04-09T14:38:00,8279,J1924-2914,on,227.103,vlbifreq7,-109.9,+37.8,129,"WOB(60.0,0.5)",1.58,6.8,4.4,4.4
2021-04-09T14:42:53,8284,SGRA,on,227.103,vlbifreq7,-115.4,+15.6,35,"WOB(60.0,0.5)",1.51,6.2,4.7,4.0
2021-04-09T14:44:00,8285,SGRA,on,227.103,vlbifreq7,-115.4,+15.4,200,"WOB(60.0,0.5)",1.50,6.3,4.6,3.1
2021-04-09T14:50:53,8290,J1924-2914,on,227.103,vlbifreq7,-110.5,+35.0,36,"WOB(60.0,0.5)",1.59,6.0,4.9,3.3
2021-04-09T14:52:00,8291,J1924-2914,on,227.103,vlbifreq7,-110.5,+34.8,127,"WOB(60.0,0.5)",1.58,6.4,4.9,4.3
2021-04-09T14:56:54,8296,SGRA,on,227.103,vlbifreq7,-116.4,+12.7,37,"WOB(60.0,0.5)",1.51,6.6,5.4,5.3
2021-04-09T14:58:00,8297,SGRA,on,227.103,vlbifreq7,-116.5,+12.5,201,"WOB(60.0,0.5)",1.50,6.5,5.2,2.8
2021-04-09T15:04:48,8302,J1924-2914,on,227.103,vlbifreq7,-111.1,+32.0,35,"WOB(60.0,0.5)",1.57,6.8,5.3,2.9
2021-04-09T15:06:00,8303,J1924-2914,on,227.103,vlbifreq7,-111.1,+31.7,129,"WOB(60.0,0.5)",1.54,6.5,4.8,4.5
2021-04-09T15:10:53,8308,SGRA,on,227.103,vlbifreq7,-117.5,+9.9,37,"WOB(60.0,0.5)",1.50,7.0,5.5,4.9
2021-04-09T15:12:00,8309,SGRA,on,227.103,vlbifreq7,-117.5,+9.6,202,"WOB(60.0,0.5)",1.51,7.0,5.6,4.7
2021-04-09T15:18:50,8314,J1924-2914,on,227.103,vlbifreq7,-111.7,+29.0,35,"WOB(60.0,0.5)",1.56,6.7,4.4,5.5
2021-04-09T15:20:00,8315,J1924-2914,on,227.103,vlbifreq7,-111.8,+28.7,130,"WOB(60.0,0.5)",1.57,6.1,5.0,4.7
2021-04-12T21:55:05,9011,OJ287,on,227.103,vlbifreq7,+38.1,+37.1,172,"WOB(60.0,0.5)",4.01,2.4,16.1,5.5
2021-04-12T22:00:51,9016,OJ287,on,227.103,vlbifreq7,+36.7,+37.9,37,"WOB(60.0,0.5)",4.02,2.1,16.9,6.4
2021-04-12T22:33:21,9031,OJ287,on,227.103,vlbifreq7,+28.3,+41.9,170,"WOB(60.0,0.5)",4.14,1.1,19.8,4.4
2021-04-12T22:38:51,9036,M87,on,227.103,vlbifreq7,+72.5,+9.0,37,"WOB(60.0,0.5)",4.18,0.9,20.3,4.3
2021-04-12T22:48:00,9038,M87,on,227.103,vlbifreq7,+71.5,+11.0,204,"WOB(60.0,0.5)",4.29,0.6,21.9,4.4
2021-04-12T22:54:51,9043,M87,on,227.103,vlbifreq7,+70.7,+12.5,35,"WOB(60.0,0.5)",4.27,0.3,23.4,3.4
2021-04-12T22:56:00,9045,M87,on,227.103,vlbifreq7,+70.6,+12.8,204,"WOB(60.0,0.5)",4.29,0.1,24.0,4.4
2021-04-12T23:02:51,9050,3C273,on,227.103,vlbifreq7,+79.3,+19.2,37,"WOB(60.0,0.5)",4.29,-0.2,25.5,4.6
2021-04-12T23:08:00,9052,3C273,on,227.103,vlbifreq7,+78.7,+20.4,168,"WOB(60.0,0.5)",4.29,-0.4,26.1,4.2
2021-04-12T23:13:51,9057,M87,on,227.103,vlbifreq7,+68.5,+16.6,37,"WOB(60.0,0.5)",4.24,-0.6,26.9,4.0
2021-04-12T23:15:00,9059,M87,on,227.103,vlbifreq7,+68.3,+16.9,205,"WOB(60.0,0.5)",4.25,-0.9,27.5,3.6
2021-04-12T23:21:52,9064,3C273,on,227.103,vlbifreq7,+77.0,+23.5,37,"WOB(60.0,0.5)",4.30,-0.7,27.9,3.4
2021-04-12T23:27:00,9066,3C273,on,227.103,vlbifreq7,+76.4,+24.7,167,"WOB(60.0,0.5)",4.23,-1.0,28.6,2.3
2021-04-12T23:32:49,9071,3C273,on,227.103,vlbifreq7,+75.7,+26.0,35,"WOB(60.0,0.5)",4.22,-0.8,28.0,2.7
2021-04-12T23:40:00,9073,3C273,on,227.103,vlbifreq7,+74.8,+27.6,170,"WOB(60.0,0.5)",4.20,-0.5,27.5,3.6
2021-04-12T23:45:52,9078,M87,on,227.103,vlbifreq7,+64.3,+23.4,35,"WOB(60.0,0.5)",4.22,-0.1,26.4,3.4
2021-04-12T23:47:00,9080,M87,on,227.103,vlbifreq7,+64.1,+23.6,207,"WOB(60.0,0.5)",4.25,0.0,26.3,3.5
2021-04-12T23:53:55,9085,M87,on,227.103,vlbifreq7,+63.1,+25.0,35,"WOB(60.0,0.5)",4.32,-1.0,28.4,3.1
2021-04-12T23:55:00,9087,M87,on,227.103,vlbifreq7,+62.9,+25.2,171,"WOB(60.0,0.5)",4.32,-1.2,28.8,3.4
2021-04-13T00:01:50,9092,3C279,on,227.103,vlbifreq7,+83.5,+29.7,35,"WOB(60.0,0.5)",4.35,0.0,26.3,3.6
2021-04-13T00:08:00,9094,3C279,on,227.103,vlbifreq7,+82.8,+31.2,134,"WOB(60.0,0.5)",4.41,0.1,25.3,2.9
2021-04-13T00:12:52,9099,M87,on,227.103,vlbifreq7,+60.2,+28.9,35,"WOB(60.0,0.5)",4.38,0.2,24.8,2.7
2021-04-13T00:14:00,9101,M87,on,227.103,vlbifreq7,+60.0,+29.1,204,"WOB(60.0,0.5)",4.35,-0.2,25.7,3.1
2021-04-13T00:20:52,9106,3C273,on,227.103,vlbifreq7,+68.9,+36.5,37,"WOB(60.0,0.5)",4.28,0.3,24.9,3.2
2021-04-13T00:29:00,9110,3C273,on,227.103,vlbifreq7,+67.6,+38.3,173,"WOB(60.0,0.5)",4.10,0.1,26.2,2.4
2021-04-13T00:34:52,9115,M87,on,227.103,vlbifreq7,+56.4,+33.2,35,"WOB(60.0,0.5)",4.15,-0.3,26.9,1.2
2021-04-13T00:36:00,9117,M87,on,227.103,vlbifreq7,+56.2,+33.4,206,"WOB(60.0,0.5)",4.17,-0.2,26.7,2.9
2021-04-13T00:42:50,9122,M87,on,227.103,vlbifreq7,+54.9,+34.7,35,"WOB(60.0,0.5)",4.32,1.8,15.0,1.4
2021-04-13T00:44:00,9124,M87,on,227.103,vlbifreq7,+54.7,+34.9,207,"WOB(60.0,0.5)",4.27,1.7,16.0,1.7
2021-04-13T00:50:53,9129,3C279,on,227.103,vlbifreq7,+77.3,+40.9,35,"WOB(60.0,0.5)",4.26,0.0,23.2,1.5
2021-04-13T00:57:00,9131,3C279,on,227.103,vlbifreq7,+76.4,+42.3,134,"WOB(60.0,0.5)",4.20,0.9,18.0,1.5
2021-04-13T01:01:51,9136,M87,on,227.103,vlbifreq7,+51.1,+38.2,36,"WOB(60.0,0.5)",4.14,1.4,14.7,0.6
2021-04-13T01:03:00,9138,M87,on,227.103,vlbifreq7,+50.9,+38.4,206,"WOB(60.0,0.5)",4.17,1.3,15.2,1.0
2021-04-13T01:09:49,9143,M87,on,227.103,vlbifreq7,+49.4,+39.6,35,"WOB(60.0,0.5)",4.22,1.7,14.5,1.1
2021-04-13T01:11:00,9145,M87,on,227.103,vlbifreq7,+49.1,+39.8,206,"WOB(60.0,0.5)",4.21,1.6,14.6,0.9
2021-04-13T01:17:42,9148,M87,on,227.103,vlbifreq7,+47.6,+41.0,35,"WOB(60.0,0.5)",4.12,1.4,13.0,0.1
2021-04-13T01:26:00,9152,3C273,on,227.103,vlbifreq7,+55.9,+49.9,167,"WOB(60.0,0.5)",4.09,0.9,13.3,0.4
2021-04-13T01:31:47,9157,M87,on,227.103,vlbifreq7,+44.2,+43.3,35,"WOB(60.0,0.5)",4.00,1.0,13.3,0.5
2021-04-13T01:33:00,9159,M87,on,227.103,vlbifreq7,+43.9,+43.5,204,"WOB(60.0,0.5)",4.00,1.1,13.3,0.5
2021-04-13T01:39:47,9164,M87,on,227.103,vlbifreq7,+42.1,+44.6,35,"WOB(60.0,0.5)",3.98,0.5,13.6,0.7
2021-04-13T01:41:00,9166,M87,on,227.103,vlbifreq7,+41.8,+44.8,207,"WOB(60.0,0.5)",3.96,0.7,13.5,0.6
2021-04-13T01:47:53,9171,3C279,on,227.103,vlbifreq7,+67.3,+53.4,43,TP,3.93,1.5,12.5,0.9
2021-04-13T01:54:00,9173,3C279,on,227.103,vlbifreq7,+66.0,+54.7,127,TP,3.85,1.5,12.3,1.3
2021-04-13T01:58:53,9178,M87,on,227.103,vlbifreq7,+36.7,+47.4,46,TP,3.82,1.6,12.3,1.3
2021-04-13T02:00:00,9180,M87,on,227.103,vlbifreq7,+36.4,+47.5,200,TP,3.83,1.7,12.2,1.5
2021-04-13T02:06:54,9185,M87,on,227.103,vlbifreq7,+34.2,+48.4,46,TP,3.81,1.6,12.3,1.2
2021-04-13T02:08:00,9187,M87,on,227.103,vlbifreq7,+33.9,+48.6,200,TP,3.79,1.6,12.3,0.8
2021-04-13T02:14:52,9192,3C273,on,227.103,vlbifreq7,+40.7,+58.3,47,TP,3.66,1.4,12.1,0.3
2021-04-13T02:23:00,9196,3C273,on,227.103,vlbifreq7,+37.5,+59.5,163,TP,3.75,1.1,12.5,0.4
2021-04-13T02:28:58,9201,M87,on,227.103,vlbifreq7,+26.8,+51.0,47,TP,3.74,0.9,12.7,0.2
2021-04-13T02:30:00,9203,M87,on,227.103,vlbifreq7,+26.5,+51.1,199,TP,3.73,0.8,12.9,0.8
2021-04-13T02:36:52,9208,M87,on,227.103,vlbifreq7,+24.0,+51.8,46,TP,3.72,0.9,12.9,0.5
2021-04-13T02:38:00,9210,M87,on,227.103,vlbifreq7,+23.7,+51.9,199,TP,3.74,0.9,13.0,0.6
2021-04-13T02:44:53,9215,3C279,on,227.103,vlbifreq7,+50.3,+64.7,45,TP,3.71,0.2,14.0,0.2
2021-04-13T02:51:00,9217,3C279,on,227.103,vlbifreq7,+47.8,+65.8,128,TP,3.76,-0.4,14.8,0.2
2021-04-13T02:55:55,9222,M87,on,227.103,vlbifreq7,+16.8,+53.3,45,TP,3.73,-0.2,15.2,0.7
2021-04-13T02:57:00,9224,M87,on,227.103,vlbifreq7,+16.4,+53.4,198,TP,3.74,0.0,15.4,0.4
2021-04-13T03:03:54,9229,M87,on,227.103,vlbifreq7,+13.6,+53.8,44,TP,3.73,0.8,14.1,1.2
2021-04-13T03:05:00,9231,M87,on,227.103,vlbifreq7,+13.2,+53.9,201,TP,3.72,1.0,13.8,1.3
2021-04-13T03:11:53,9236,3C273,on,227.103,vlbifreq7,+13.4,+64.4,45,TP,3.74,1.0,14.5,0.5
2021-04-13T03:20:00,9240,3C273,on,227.103,vlbifreq7,+8.8,+64.8,164,TP,3.72,0.7,14.7,0.2
2021-04-13T03:25:54,9245,M87,on,227.103,vlbifreq7,+4.4,+54.6,45,TP,3.65,0.5,15.1,0.5
2021-04-13T03:27:00,9247,M87,on,227.103,vlbifreq7,+4.1,+54.6,196,TP,3.65,0.6,15.0,0.5
2021-04-13T03:33:52,9252,M87,on,227.103,vlbifreq7,+1.1,+54.7,45,TP,3.66,0.8,14.8,1.2
2021-04-13T03:35:00,9254,M87,on,227.103,vlbifreq7,+0.7,+54.7,199,TP,3.68,0.9,14.7,1.1
2021-04-13T03:41:54,9259,3C279,on,227.103,vlbifreq7,+16.4,+72.2,46,TP,3.79,1.1,14.0,1.6
2021-04-13T03:48:00,9261,3C279,on,227.103,vlbifreq7,+11.6,+72.6,128,TP,3.81,1.0,13.6,1.5
2021-04-13T03:52:56,9266,M87,on,227.103,vlbifreq7,-7.0,+54.5,45,TP,3.81,1.1,13.6,1.1
2021-04-13T03:54:00,9268,M87,on,227.103,vlbifreq7,-7.4,+54.5,198,TP,3.83,1.1,13.3,1.6
2021-04-13T04:00:51,9273,3C273,on,227.103,vlbifreq7,-15.2,+64.3,43,TP,3.79,1.2,13.8,1.4
2021-04-13T04:09:00,9275,3C273,on,227.103,vlbifreq7,-19.6,+63.7,165,TP,3.80,1.3,13.2,2.1
2021-04-13T04:14:51,9280,M87,on,227.103,vlbifreq7,-16.0,+53.5,45,TP,3.73,1.0,13.2,1.3
2021-04-13T04:16:00,9282,M87,on,227.103,vlbifreq7,-16.4,+53.4,200,TP,3.73,0.7,13.6,1.5
2021-04-13T04:22:53,9287,M87,on,227.103,vlbifreq7,-19.1,+52.9,43,TP,3.68,1.0,13.8,1.0
2021-04-13T04:24:00,9289,M87,on,227.103,vlbifreq7,-19.5,+52.9,200,TP,3.64,1.0,13.7,1.6
2021-04-13T04:30:49,9294,M87,on,227.103,vlbifreq7,-22.1,+52.3,45,TP,3.94,1.1,13.3,1.2
2021-04-13T04:32:00,9296,M87,on,227.103,vlbifreq7,-22.5,+52.2,199,TP,3.94,1.1,13.1,1.4
2021-04-13T04:38:54,9301,3C279,on,227.103,vlbifreq7,-29.1,+70.7,44,TP,3.76,1.2,14.3,1.2
2021-04-13T04:42:00,9303,3C279,on,227.103,vlbifreq7,-31.1,+70.3,130,TP,3.79,1.1,14.5,1.1
2021-04-13T04:46:49,9308,M87,on,227.103,vlbifreq7,-27.9,+50.7,45,TP,3.87,1.2,14.0,1.4
2021-04-13T04:48:00,9310,M87,on,227.103,vlbifreq7,-28.3,+50.6,199,TP,3.85,1.1,14.1,1.4
2021-04-13T04:54:52,9315,M87,on,227.103,vlbifreq7,-30.6,+49.8,45,TP,3.56,1.3,14.1,2.2
2021-04-13T04:56:00,9317,M87,on,227.103,vlbifreq7,-31.0,+49.7,200,TP,3.54,1.3,13.9,1.7
2021-04-13T05:02:51,9322,3C273,on,227.103,vlbifreq7,-43.7,+57.1,44,TP,3.70,0.8,14.7,0.8
2021-04-13T05:11:00,9328,3C273,on,227.103,vlbifreq7,-46.5,+55.7,165,TP,4.12,1.1,13.6,2.0
2021-04-13T05:16:52,9333,M87,on,227.103,vlbifreq7,-37.5,+47.0,47,TP,4.27,1.0,13.3,1.2
2021-04-13T05:18:00,9335,M87,on,227.103,vlbifreq7,-37.8,+46.8,200,TP,4.28,1.0,13.3,0.9
2021-04-13T05:24:52,9340,M87,on,227.103,vlbifreq7,-39.8,+45.8,45,TP,4.48,1.1,13.2,1.4
2021-04-13T05:26:00,9342,M87,on,227.103,vlbifreq7,-40.1,+45.7,198,TP,4.41,0.9,13.8,2.8
2021-04-13T05:32:53,9347,3C279,on,227.103,vlbifreq7,-55.7,+62.1,46,TP,4.52,0.9,15.4,1.2
2021-04-13T05:36:00,9349,3C279,on,227.103,vlbifreq7,-56.7,+61.5,129,TP,4.60,0.7,15.6,1.2
2021-04-13T05:40:52,9354,M87,on,227.103,vlbifreq7,-44.1,+43.4,45,TP,4.60,0.4,16.0,1.9
2021-04-13T05:42:00,9356,M87,on,227.103,vlbifreq7,-44.4,+43.2,200,TP,4.57,0.6,15.0,1.9
2021-04-13T05:48:49,9361,M87,on,227.103,vlbifreq7,-46.1,+42.1,46,TP,4.48,0.8,16.6,1.0
2021-04-13T05:50:00,9363,M87,on,227.103,vlbifreq7,-46.3,+41.9,199,TP,4.52,0.5,16.9,1.4
2021-04-13T05:56:52,9368,3C273,on,227.103,vlbifreq7,-59.1,+47.3,47,TP,4.51,-0.7,17.9,0.9
2021-04-13T06:05:00,9373,3C273,on,227.103,vlbifreq7,-60.9,+45.7,165,TP,4.35,-0.8,17.6,0.5
2021-04-13T06:10:51,9378,M87,on,227.103,vlbifreq7,-51.1,+38.2,46,TP,4.37,-0.2,17.3,1.6
2021-04-13T06:12:00,9380,M87,on,227.103,vlbifreq7,-51.3,+38.0,202,TP,4.32,-0.3,17.1,0.6
2021-04-13T06:18:51,9385,M87,on,227.103,vlbifreq7,-52.7,+36.8,46,TP,4.29,0.3,18.4,1.1
2021-04-13T06:20:00,9387,M87,on,227.103,vlbifreq7,-52.9,+36.6,198,TP,4.33,0.4,18.5,1.4
2021-04-13T06:26:51,9392,3C279,on,227.103,vlbifreq7,-69.7,+51.0,45,TP,4.38,1.4,16.3,2.0
2021-04-13T06:30:00,9394,3C279,on,227.103,vlbifreq7,-70.3,+50.4,127,TP,4.24,1.0,16.9,2.7
2021-04-13T06:34:49,9399,M87,on,227.103,vlbifreq7,-55.8,+33.8,48,TP,4.18,-1.9,22.4,2.1
2021-04-13T06:36:00,9401,M87,on,227.103,vlbifreq7,-56.0,+33.6,198,TP,4.19,-1.5,21.9,2.5
2021-04-13T06:42:55,9406,M87,on,227.103,vlbifreq7,-57.3,+32.3,47,TP,4.14,-0.6,20.0,2.5
2021-04-13T06:44:00,9408,M87,on,227.103,vlbifreq7,-57.5,+32.0,201,TP,4.14,-0.3,19.4,2.5
2021-04-13T06:50:54,9413,3C273,on,227.103,vlbifreq7,-69.3,+36.1,48,TP,4.11,0.2,19.1,2.2
2021-04-13T06:59:00,9418,3C273,on,227.103,vlbifreq7,-70.5,+34.3,163,TP,4.12,0.6,16.8,2.3
2021-04-13T07:04:53,9423,M87,on,227.103,vlbifreq7,-61.0,+27.9,45,TP,4.16,0.8,16.7,2.2
2021-04-13T07:06:00,9425,M87,on,227.103,vlbifreq7,-61.1,+27.7,200,TP,4.13,1.0,16.8,1.9
2021-04-13T07:12:54,9430,M87,on,227.103,vlbifreq7,-62.2,+26.3,48,TP,4.11,0.9,17.2,2.1
2021-04-13T07:14:00,9432,M87,on,227.103,vlbifreq7,-62.3,+26.1,200,TP,4.10,1.0,17.0,1.8
2021-04-13T07:20:53,9437,3C279,on,227.103,vlbifreq7,-78.5,+39.0,48,TP,3.96,1.0,18.3,1.9
2021-04-13T07:24:00,9439,3C279,on,227.103,vlbifreq7,-78.9,+38.4,131,TP,3.95,0.7,18.8,2.2
2021-04-13T07:28:49,9444,M87,on,227.103,vlbifreq7,-64.5,+23.0,44,TP,3.92,0.4,19.8,1.9
2021-04-13T07:30:00,9446,M87,on,227.103,vlbifreq7,-64.6,+22.8,199,TP,3.93,0.6,20.1,2.0
2021-04-13T07:36:54,9451,M87,on,227.103,vlbifreq7,-65.6,+21.3,45,TP,3.90,0.6,20.7,2.3
2021-04-13T07:42:00,9453,M87,on,227.103,vlbifreq7,-66.3,+20.2,200,TP,3.84,0.7,20.9,2.3
2021-04-13T07:48:53,9458,WHYA,on,227.103,vlbifreq7,-107.5,+50.5,44,TP,3.90,0.9,21.6,2.6
2021-04-13T07:50:00,9460,WHYA,on,227.103,vlbifreq7,-107.4,+50.3,163,TP,3.92,0.9,21.8,2.9
2021-04-13T07:55:54,9465,3C273,on,227.103,vlbifreq7,-78.0,+21.7,45,TP,3.88,0.8,21.7,1.8
2021-04-13T08:01:00,9467,3C273,on,227.103,vlbifreq7,-78.6,+20.5,164,TP,3.85,0.7,21.8,1.8
2021-04-13T08:06:50,9472,M87,on,227.103,vlbifreq7,-69.4,+14.9,46,TP,3.83,0.8,20.8,2.3
2021-04-13T08:08:00,9474,M87,on,227.103,vlbifreq7,-69.5,+14.7,197,TP,3.81,0.7,20.8,2.1
2021-04-13T08:14:51,9479,M87,on,227.103,vlbifreq7,-70.4,+13.2,46,TP,3.81,0.7,20.7,1.3
2021-04-13T08:16:00,9481,M87,on,227.103,vlbifreq7,-70.5,+13.0,198,TP,3.83,0.4,20.1,1.0
2021-04-13T08:22:51,9486,3C279,on,227.103,vlbifreq7,-85.8,+24.9,46,TP,3.81,-0.3,21.9,0.8
2021-04-13T08:28:00,9488,3C279,on,227.103,vlbifreq7,-86.3,+23.7,162,TP,3.70,-0.3,22.5,0.5
2021-04-13T08:33:52,9493,M87,on,227.103,vlbifreq7,-72.5,+9.1,45,TP,3.62,-0.1,20.6,0.3
2021-04-13T08:43:19,9497,M87,on,227.103,vlbifreq7,-73.5,+7.0,194,TP,3.68,0.2,21.0,1.0
2021-04-13T08:49:53,9503,3C273,on,227.103,vlbifreq7,-83.9,+9.4,46,TP,3.81,0.6,18.4,1.9
2021-04-13T08:55:00,9505,3C273,on,227.103,vlbifreq7,-84.4,+8.2,165,TP,3.87,0.8,18.4,2.1
2021-04-13T09:14:00,9510,3C279,on,227.103,vlbifreq7,-90.9,+13.1,162,TP,3.79,0.1,19.2,2.7
2021-04-13T09:19:55,9515,WHYA,on,227.103,vlbifreq7,-110.6,+30.6,47,TP,3.87,0.2,19.7,2.4
2021-04-13T09:29:00,9517,WHYA,on,227.103,vlbifreq7,-111.0,+28.7,162,TP,3.74,0.8,18.8,2.1
2021-04-13T23:38:44,9600,3C279,on,227.103,vlbifreq7,+85.6,+25.3,38,TP,2.65,-1.5,25.7,4.9
2021-04-13T23:40:00,9602,3C279,on,227.103,vlbifreq7,+85.4,+25.6,123,TP,2.64,-1.5,25.9,5.4
2021-04-13T23:44:45,9607,M87,on,227.103,vlbifreq7,+63.8,+23.9,41,TP,2.71,-1.4,26.0,5.5
2021-04-13T23:46:00,9609,M87,on,227.103,vlbifreq7,+63.7,+24.2,194,TP,2.68,-1.2,25.8,5.2
2021-04-13T23:52:46,9614,M87,on,227.103,vlbifreq7,+62.7,+25.6,41,TP,2.63,-1.6,26.4,3.4
2021-04-13T23:54:00,9616,M87,on,227.103,vlbifreq7,+62.5,+25.8,193,TP,2.58,-1.7,26.4,2.8
2021-04-14T00:00:45,9621,3C279,on,227.103,vlbifreq7,+83.1,+30.4,38,TP,2.63,-2.0,27.3,1.9
2021-04-14T00:07:00,9623,3C279,on,227.103,vlbifreq7,+82.4,+31.8,121,TP,2.64,-2.3,28.1,2.0
2021-04-14T00:11:44,9628,M87,on,227.103,vlbifreq7,+59.7,+29.4,40,TP,2.62,-2.5,28.3,1.9
2021-04-14T00:13:00,9630,M87,on,227.103,vlbifreq7,+59.5,+29.6,194,TP,2.59,-2.5,28.4,2.3
2021-04-14T00:19:44,9635,M87,on,227.103,vlbifreq7,+58.4,+31.0,39,TP,2.48,-2.2,28.0,1.4
2021-04-14T00:21:00,9637,M87,on,227.103,vlbifreq7,+58.2,+31.2,194,TP,2.45,-2.3,28.3,1.5
2021-04-14T00:36:00,9644,3C279,on,227.103,vlbifreq7,+78.8,+38.4,123,TP,2.62,-2.0,27.7,1.5
2021-04-14T00:40:44,9649,M87,on,227.103,vlbifreq7,+54.6,+35.0,39,TP,2.65,-1.7,27.1,2.0
2021-04-14T00:42:00,9651,M87,on,227.103,vlbifreq7,+54.4,+35.3,193,TP,2.57,-1.5,26.8,2.4
2021-04-14T00:48:45,9656,M87,on,227.103,vlbifreq7,+53.0,+36.5,38,TP,2.59,-1.2,26.0,2.1
2021-04-14T00:50:00,9658,M87,on,227.103,vlbifreq7,+52.8,+36.7,192,TP,2.58,-1.2,25.8,2.1
2021-04-14T00:56:46,9663,3C279,on,227.103,vlbifreq7,+75.8,+43.1,41,TP,2.58,-0.8,24.4,2.2
2021-04-14T01:03:00,9665,3C279,on,227.103,vlbifreq7,+74.9,+44.5,121,TP,2.55,-0.5,23.5,2.5
2021-04-14T01:07:44,9670,M87,on,227.103,vlbifreq7,+48.9,+39.9,42,TP,2.58,-0.4,22.9,2.3
2021-04-14T01:09:00,9672,M87,on,227.103,vlbifreq7,+48.7,+40.1,190,TP,2.55,-0.4,22.9,2.0
2021-04-14T01:15:47,9677,M87,on,227.103,vlbifreq7,+47.1,+41.3,39,TP,2.57,-0.6,23.0,2.4
2021-04-14T01:17:00,9679,M87,on,227.103,vlbifreq7,+46.9,+41.5,194,TP,2.58,-0.4,22.5,1.4
2021-04-14T01:23:47,9684,3C279,on,227.103,vlbifreq7,+71.4,+49.1,39,TP,2.54,-0.3,22.3,1.4
2021-04-14T01:32:00,9688,3C279,on,227.103,vlbifreq7,+69.9,+50.8,120,TP,2.56,-0.7,23.2,1.7
2021-04-14T01:36:47,9693,M87,on,227.103,vlbifreq7,+41.8,+44.7,40,TP,2.55,-0.3,22.0,1.5
2021-04-14T01:38:00,9695,M87,on,227.103,vlbifreq7,+41.5,+44.9,195,TP,2.64,-0.3,22.1,1.8
2021-04-14T01:44:43,9700,M87,on,227.103,vlbifreq7,+39.6,+45.9,38,TP,2.53,-1.1,23.6,1.3
2021-04-14T01:46:00,9702,M87,on,227.103,vlbifreq7,+39.3,+46.1,191,TP,2.59,-1.3,24.3,1.1
2021-04-14T01:52:48,9707,3C279,on,227.103,vlbifreq7,+65.3,+55.3,39,TP,2.50,-0.5,22.7,1.7
2021-04-14T01:59:00,9709,3C279,on,227.103,vlbifreq7,+63.9,+56.6,119,TP,2.52,-0.3,22.2,2.5
2021-04-14T02:03:45,9714,M87,on,227.103,vlbifreq7,+34.0,+48.5,39,TP,2.55,-0.3,22.1,2.5
2021-04-14T02:05:00,9716,M87,on,227.103,vlbifreq7,+33.6,+48.7,192,TP,2.65,-0.1,21.7,2.8
2021-04-14T02:11:47,9721,M87,on,227.103,vlbifreq7,+31.4,+49.5,40,TP,2.62,0.0,21.3,2.6
2021-04-14T02:13:00,9723,M87,on,227.103,vlbifreq7,+31.0,+49.7,192,TP,2.52,0.0,21.4,2.2
2021-04-14T02:19:46,9728,3C279,on,227.103,vlbifreq7,+58.0,+60.8,38,TP,2.40,0.0,21.3,2.7
2021-04-14T02:28:00,9733,3C279,on,227.103,vlbifreq7,+55.3,+62.3,120,TP,2.32,-0.5,22.5,2.9
2021-04-14T02:32:42,9738,M87,on,227.103,vlbifreq7,+24.1,+51.8,39,TP,2.31,-0.2,22.0,3.1
2021-04-14T02:34:00,9740,M87,on,227.103,vlbifreq7,+23.7,+51.9,194,TP,2.30,-0.2,21.9,3.2
2021-04-14T02:40:43,9745,M87,on,227.103,vlbifreq7,+21.2,+52.5,38,TP,2.33,-0.2,21.8,2.8
2021-04-14T02:42:00,9747,M87,on,227.103,vlbifreq7,+20.7,+52.6,195,TP,2.31,-0.2,21.9,2.7
2021-04-14T02:48:46,9752,3C279,on,227.103,vlbifreq7,+47.0,+66.1,38,TP,2.37,-0.3,22.2,2.6
2021-04-14T02:55:00,9754,3C279,on,227.103,vlbifreq7,+44.1,+67.1,119,TP,2.36,-0.4,22.4,2.7
2021-04-14T02:59:44,9759,M87,on,227.103,vlbifreq7,+13.7,+53.8,41,TP,2.28,-0.3,22.4,2.8
2021-04-14T03:01:00,9761,M87,on,227.103,vlbifreq7,+13.2,+53.9,193,TP,2.28,-0.4,22.4,3.0
2021-04-14T03:07:46,9766,M87,on,227.103,vlbifreq7,+10.4,+54.2,39,TP,2.40,-0.9,23.5,2.4
2021-04-14T03:09:00,9768,M87,on,227.103,vlbifreq7,+10.0,+54.3,193,TP,2.35,-1.0,23.5,2.6
2021-04-14T03:15:44,9773,SGRA,on,227.103,vlbifreq7,+115.0,+16.7,38,TP,2.28,-1.1,23.7,2.1
2021-04-14T03:44:45,9784,SGRA,on,227.103,vlbifreq7,+113.1,+22.8,86,TP,2.08,-0.9,23.7,1.8
2021-04-14T03:51:45,9788,NRAO530,on,227.103,vlbifreq7,+95.1,+22.6,42,TP,2.02,-0.8,23.6,2.1
2021-04-14T03:53:00,9790,NRAO530,on,227.103,vlbifreq7,+95.1,+22.8,84,TP,2.01,-1.0,23.9,2.5
2021-04-14T03:56:44,9795,SGRA,on,227.103,vlbifreq7,+112.4,+25.4,38,TP,2.02,-0.8,23.5,1.9
2021-04-14T03:58:00,9797,SGRA,on,227.103,vlbifreq7,+112.4,+25.6,370,TP,2.02,-0.8,23.5,1.9
2021-04-14T04:09:47,9802,NRAO530,on,227.103,vlbifreq7,+93.5,+26.7,40,TP,2.09,-0.9,23.5,2.2
2021-04-14T04:11:00,9804,NRAO530,on,227.103,vlbifreq7,+93.4,+27.0,88,TP,2.08,-0.9,23.5,2.2
2021-04-14T04:14:45,9809,3C279,on,227.103,vlbifreq7,-14.1,+72.4,39,TP,2.17,-0.6,23.0,2.4
2021-04-14T04:20:00,9811,3C279,on,227.103,vlbifreq7,-18.1,+72.1,121,TP,2.11,-0.8,23.5,2.2
2021-04-14T04:24:46,9816,J1743-0350,on,227.103,vlbifreq7,+83.6,+24.3,38,TP,2.12,-0.8,23.4,1.8
2021-04-14T04:33:00,9821,J1743-0350,on,227.103,vlbifreq7,+82.7,+26.2,86,TP,2.11,-0.6,23.2,2.1
2021-04-14T04:36:45,9826,SGRA,on,227.103,vlbifreq7,+110.4,+34.0,38,TP,2.07,-0.7,23.5,2.9
2021-04-14T04:38:00,9828,SGRA,on,227.103,vlbifreq7,+110.4,+34.2,444,TP,2.01,-0.7,23.7,2.5
2021-04-14T04:51:45,9833,J1743-0350,on,227.103,vlbifreq7,+80.5,+30.4,39,TP,1.95,-0.8,24.1,1.8
2021-04-14T04:53:00,9835,J1743-0350,on,227.103,vlbifreq7,+80.4,+30.7,87,TP,1.94,-0.8,24.0,2.0
2021-04-14T04:56:45,9840,SGRA,on,227.103,vlbifreq7,+109.6,+38.3,38,TP,1.95,-0.8,23.8,2.2
2021-04-14T04:58:00,9842,SGRA,on,227.103,vlbifreq7,+109.6,+38.6,408,TP,1.99,-0.8,23.7,2.2
2021-04-14T05:10:46,9847,J1743-0350,on,227.103,vlbifreq7,+78.1,+34.8,42,TP,1.96,-1.3,24.6,2.9
2021-04-14T05:12:00,9849,J1743-0350,on,227.103,vlbifreq7,+78.0,+35.0,85,TP,1.92,-1.1,24.4,2.6
2021-04-14T05:15:45,9854,SGRA,on,227.103,vlbifreq7,+109.0,+42.4,39,TP,1.83,-0.9,24.1,2.9
2021-04-14T05:17:00,9856,SGRA,on,227.103,vlbifreq7,+109.0,+42.7,372,TP,1.83,-1.0,24.1,2.1
2021-04-14T05:28:44,9861,J1924-2914,on,227.103,vlbifreq7,+113.0,+24.0,38,TP,1.90,-1.1,24.9,3.0
2021-04-14T05:30:00,9863,J1924-2914,on,227.103,vlbifreq7,+113.0,+24.2,119,TP,1.87,-1.1,25.0,2.5
2021-04-14T05:34:46,9868,SGRA,on,227.103,vlbifreq7,+108.5,+46.6,38,TP,1.83,-1.0,25.0,2.6
2021-04-14T05:43:00,9873,SGRA,on,227.103,vlbifreq7,+108.4,+48.4,480,TP,1.79,-1.3,25.4,2.7
2021-04-14T05:57:45,9878,J1924-2914,on,227.103,vlbifreq7,+111.5,+30.1,37,TP,1.84,-1.2,25.1,2.1
2021-04-14T05:59:00,9880,J1924-2914,on,227.103,vlbifreq7,+111.4,+30.4,84,TP,1.85,-1.2,25.1,2.0
2021-04-14T06:02:46,9885,SGRA,on,227.103,vlbifreq7,+108.1,+52.7,38,TP,1.82,-1.0,24.8,2.5
2021-04-14T06:04:00,9887,SGRA,on,227.103,vlbifreq7,+108.2,+53.0,445,TP,1.82,-0.9,24.6,2.8
2021-04-14T06:17:43,9892,J1924-2914,on,227.103,vlbifreq7,+110.5,+34.4,38,TP,1.82,-0.8,24.2,2.7
2021-04-14T06:19:00,9894,J1924-2914,on,227.103,vlbifreq7,+110.5,+34.7,84,TP,1.79,-0.7,23.9,3.0
2021-04-14T06:22:47,9899,J1743-0350,on,227.103,vlbifreq7,+66.3,+50.6,39,TP,1.78,-0.7,23.8,2.3
2021-04-14T06:24:00,9901,J1743-0350,on,227.103,vlbifreq7,+66.1,+50.8,85,TP,1.81,-0.6,23.6,2.4
2021-04-14T06:27:46,9906,VXSGR,on,227.103,vlbifreq7,+96.9,+52.8,38,TP,1.73,-0.8,23.9,2.7
2021-04-14T06:28:31,9908,VXSGR,on,227.103,vlbifreq7,+96.9,+52.9,51,TP,1.73,-0.8,23.9,2.2
2021-04-14T06:30:49,9913,J1924-2914,on,227.103,vlbifreq7,+110.0,+37.3,37,TP,1.82,-0.7,23.8,3.5
2021-04-14T06:37:00,9915,J1924-2914,on,227.103,vlbifreq7,+109.8,+38.6,85,TP,1.75,-0.9,24.1,3.6
2021-04-14T06:40:45,9920,SGRA,on,227.103,vlbifreq7,+108.7,+61.0,39,TP,1.73,-0.7,23.7,3.1
2021-04-14T06:42:00,9922,SGRA,on,227.103,vlbifreq7,+108.8,+61.3,409,TP,1.74,-0.8,23.8,2.9
2021-04-14T06:54:44,9927,J1924-2914,on,227.103,vlbifreq7,+109.2,+42.5,38,TP,1.67,-0.8,23.8,2.5
2021-04-14T06:56:00,9929,J1924-2914,on,227.103,vlbifreq7,+109.2,+42.7,82,TP,1.63,-0.9,24.1,3.2
2021-04-14T06:59:47,9934,SGRA,on,227.103,vlbifreq7,+109.6,+65.2,39,TP,1.61,-0.9,24.1,3.8
2021-04-14T07:01:00,9936,SGRA,on,227.103,vlbifreq7,+109.8,+65.4,409,TP,1.61,-1.0,24.3,3.4
2021-04-14T07:13:46,9941,J1743-0350,on,227.103,vlbifreq7,+52.5,+60.7,39,TP,1.62,-1.0,24.2,3.0
2021-04-14T07:15:00,9943,J1743-0350,on,227.103,vlbifreq7,+52.1,+61.0,83,TP,1.61,-1.0,24.2,2.8
2021-04-14T07:18:48,9948,J1743-0350,on,227.103,vlbifreq7,+50.6,+61.6,38,TP,1.59,-0.8,23.9,2.9
2021-04-14T07:27:00,9953,J1743-0350,on,227.103,vlbifreq7,+47.5,+63.1,86,TP,1.59,-0.9,24.0,3.7
2021-04-14T07:30:46,9958,SGRA,on,227.103,vlbifreq7,+113.3,+71.8,38,TP,1.59,-0.7,23.8,2.9
2021-04-14T07:32:00,9960,SGRA,on,227.103,vlbifreq7,+113.6,+72.1,228,TP,1.60,-0.8,23.9,3.1
2021-04-14T07:39:45,9965,J1743-0350,on,227.103,vlbifreq7,+41.9,+65.2,38,TP,1.64,-0.9,24.3,2.8
2021-04-14T07:41:00,9967,J1743-0350,on,227.103,vlbifreq7,+41.4,+65.3,87,TP,1.65,-1.1,24.6,2.8
2021-04-14T07:44:47,9972,SGRA,on,227.103,vlbifreq7,+116.4,+74.8,38,TP,1.59,-1.0,24.4,3.0
2021-04-14T07:46:00,9974,SGRA,on,227.103,vlbifreq7,+116.9,+75.0,486,TP,1.56,-1.1,24.6,2.9
2021-04-14T08:00:47,9979,J1924-2914,on,227.103,vlbifreq7,+108.6,+56.9,38,TP,1.64,-1.1,24.6,3.2
2021-04-14T08:02:00,9981,J1924-2914,on,227.103,vlbifreq7,+108.6,+57.2,85,TP,1.63,-1.2,24.5,3.0
2021-04-14T08:05:50,9986,SGRA,on,227.103,vlbifreq7,+125.0,+79.0,38,TP,1.60,-1.9,26.1,3.4
2021-04-14T08:07:00,9988,SGRA,on,227.103,vlbifreq7,+125.9,+79.2,557,TP,1.61,-1.4,25.0,3.9
2021-04-14T08:23:46,9993,J1924-2914,on,227.103,vlbifreq7,+109.2,+61.9,38,TP,1.53,-1.2,23.6,3.0
2021-04-14T08:25:00,9995,J1924-2914,on,227.103,vlbifreq7,+109.3,+62.2,121,TP,1.50,-1.5,24.1,3.6
2021-04-14T08:29:49,10000,J1743-0350,on,227.103,vlbifreq7,+11.4,+70.5,38,TP,1.50,-1.2,23.2,3.1
2021-04-14T08:38:00,10004,J1743-0350,on,227.103,vlbifreq7,+5.3,+70.8,87,TP,1.46,-1.2,22.7,3.3
2021-04-14T08:41:53,10009,SGRA,on,227.103,vlbifreq7,+169.3,+83.9,38,TP,1.44,-1.2,22.2,3.4
2021-04-14T08:44:00,10011,SGRA,on,227.103,vlbifreq7,+173.8,+84.0,444,TP,1.44,-1.2,22.0,3.2
2021-04-14T08:57:46,10016,SGRA,on,227.103,vlbifreq7,+201.3,+83.5,39,TP,1.39,-1.6,22.3,2.4
2021-04-14T09:04:00,10018,SGRA,on,227.103,vlbifreq7,+211.6,+82.9,407,TP,1.33,-2.2,22.4,3.0
2021-04-14T09:16:47,10023,SGRA,on,227.103,vlbifreq7,+226.4,+81.0,38,TP,1.34,-1.9,21.1,2.8
2021-04-14T09:23:00,10025,SGRA,on,227.103,vlbifreq7,+231.6,+79.9,372,TP,1.25,-1.5,20.6,3.1
2021-04-14T09:34:48,10030,J1924-2914,on,227.103,vlbifreq7,+120.9,+77.0,38,TP,1.35,-1.6,18.9,3.7
2021-04-14T09:36:00,10032,J1924-2914,on,227.103,vlbifreq7,+121.6,+77.2,84,TP,1.34,-1.9,19.2,3.8
2021-04-14T09:39:55,10037,J1743-0350,on,227.103,vlbifreq7,-36.9,+66.7,38,TP,1.30,-2.1,19.5,3.4
2021-04-14T09:48:00,10042,J1743-0350,on,227.103,vlbifreq7,-40.9,+65.5,86,TP,1.32,-1.8,24.3,3.9
2021-04-14T09:51:46,10047,SGRA,on,227.103,vlbifreq7,-115.9,+74.2,37,TP,1.32,-2.3,26.2,3.9
2021-04-14T09:53:00,10049,SGRA,on,227.103,vlbifreq7,-115.5,+74.0,487,TP,1.33,-2.4,26.4,4.0
2021-04-14T10:07:46,10054,J1743-0350,on,227.103,vlbifreq7,-49.5,+62.3,38,TP,1.31,-2.3,26.9,3.6
2021-04-14T10:09:00,10056,J1743-0350,on,227.103,vlbifreq7,-49.9,+62.1,85,TP,1.32,-2.3,27.0,3.7
2021-04-14T10:12:45,10061,SGRA,on,227.103,vlbifreq7,-111.9,+69.8,37,TP,1.28,-2.1,26.4,3.6
2021-04-14T10:14:00,10063,SGRA,on,227.103,vlbifreq7,-111.7,+69.5,407,TP,1.29,-1.9,26.0,3.6
2021-04-14T10:26:43,10068,J1924-2914,on,227.103,vlbifreq7,-178.4,+83.8,39,TP,1.27,-1.8,25.2,3.0
2021-04-14T10:28:00,10070,J1924-2914,on,227.103,vlbifreq7,-175.6,+83.8,86,TP,1.28,-1.9,25.4,2.8
2021-04-14T10:31:50,10075,J1743-0350,on,227.103,vlbifreq7,-57.5,+57.8,40,TP,1.25,-1.9,25.2,2.5
2021-04-14T10:40:00,10079,J1743-0350,on,227.103,vlbifreq7,-59.8,+56.2,87,TP,1.19,-1.9,25.4,3.2
2021-04-14T10:43:47,10084,SGRA,on,227.103,vlbifreq7,-109.2,+63.1,38,TP,1.16,-2.1,25.9,3.3
2021-04-14T10:45:00,10086,SGRA,on,227.103,vlbifreq7,-109.1,+62.8,487,TP,1.16,-1.9,25.5,3.4
2021-04-14T10:59:46,10091,J1743-0350,on,227.103,vlbifreq7,-64.7,+52.2,39,TP,1.18,-2.1,26.6,3.4
2021-04-14T11:01:00,10093,J1743-0350,on,227.103,vlbifreq7,-65.0,+51.9,86,TP,1.19,-2.5,27.4,4.0
2021-04-14T11:04:48,10098,SGRA,on,227.103,vlbifreq7,-108.5,+58.5,38,TP,1.12,-2.3,27.4,3.8
2021-04-14T11:06:00,10100,SGRA,on,227.103,vlbifreq7,-108.4,+58.2,407,TP,1.11,-2.2,27.2,3.8
2021-04-14T11:18:47,10105,J1743-0350,on,227.103,vlbifreq7,-68.7,+48.1,40,TP,1.07,-2.3,27.7,3.8
2021-04-14T11:20:00,10107,J1743-0350,on,227.103,vlbifreq7,-68.9,+47.9,86,TP,1.08,-2.1,27.3,3.8
2021-04-14T11:23:49,10112,SGRA,on,227.103,vlbifreq7,-108.2,+54.3,37,TP,1.07,-2.2,26.2,3.9
2021-04-14T11:25:00,10114,SGRA,on,227.103,vlbifreq7,-108.2,+54.1,407,TP,1.10,-2.3,25.9,4.2
2021-04-14T11:37:48,10119,J1924-2914,on,227.103,vlbifreq7,-114.8,+72.7,38,TP,1.08,-1.8,20.2,3.8
2021-04-14T11:39:00,10121,J1924-2914,on,227.103,vlbifreq7,-114.5,+72.4,82,TP,1.05,-1.8,20.0,3.7
2021-04-14T11:42:47,10126,J1924-2914,on,227.103,vlbifreq7,-113.9,+71.6,38,TP,1.02,-1.9,19.9,3.6
2021-04-14T11:51:00,10131,J1924-2914,on,227.103,vlbifreq7,-112.4,+69.9,84,TP,1.07,-1.6,18.6,3.3
2021-04-14T11:54:44,10136,SGRA,on,227.103,vlbifreq7,-108.5,+47.5,38,TP,1.01,-2.0,18.2,3.6
2021-04-14T11:56:00,10138,SGRA,on,227.103,vlbifreq7,-108.5,+47.3,406,TP,1.03,-2.0,17.8,3.2
2021-04-14T12:08:46,10143,J1924-2914,on,227.103,vlbifreq7,-110.5,+66.1,37,TP,1.08,-1.5,18.7,3.5
2021-04-14T12:10:00,10145,J1924-2914,on,227.103,vlbifreq7,-110.4,+65.8,85,TP,1.05,-1.6,20.3,2.9
2021-04-14T12:13:48,10150,SGRA,on,227.103,vlbifreq7,-108.9,+43.4,38,TP,1.06,-1.3,20.4,2.8
2021-04-14T12:15:00,10152,SGRA,on,227.103,vlbifreq7,-108.9,+43.1,371,TP,1.08,-1.3,23.0,2.9
2021-04-14T12:26:49,10157,J1924-2914,on,227.103,vlbifreq7,-109.4,+62.2,38,TP,1.14,-0.7,24.6,3.2
2021-04-14T12:28:00,10159,J1924-2914,on,227.103,vlbifreq7,-109.3,+61.9,83,TP,1.13,-0.6,24.5,3.4
2021-04-14T12:31:47,10164,SGRA,on,227.103,vlbifreq7,-109.5,+39.5,39,TP,1.16,-0.3,24.7,3.3
2021-04-14T12:33:00,10166,SGRA,on,227.103,vlbifreq7,-109.5,+39.2,372,TP,1.13,-0.3,23.6,2.5
2021-04-14T12:44:47,10171,J1924-2914,on,227.103,vlbifreq7,-108.8,+58.2,38,TP,1.19,-0.1,30.8,5.0
2021-04-14T12:46:00,10173,J1924-2914,on,227.103,vlbifreq7,-108.7,+58.0,85,TP,1.10,-0.1,30.1,4.8
2021-04-14T12:49:45,10178,J1924-2914,on,227.103,vlbifreq7,-108.7,+57.2,39,TP,1.27,-0.1,31.0,2.8
2021-04-14T12:58:00,10183,J1924-2914,on,227.103,vlbifreq7,-108.5,+55.3,86,TP,1.24,0.5,30.2,4.3
2021-04-14T13:01:46,10188,SGRA,on,227.103,vlbifreq7,-110.7,+33.0,39,TP,1.27,0.3,28.2,4.7
2021-04-14T13:03:00,10190,SGRA,on,227.103,vlbifreq7,-110.7,+32.7,551,TP,1.21,0.1,29.1,4.1
2021-04-14T13:19:44,10195,J1924-2914,on,227.103,vlbifreq7,-108.6,+50.6,38,TP,1.38,1.2,30.1,4.4
2021-04-14T13:21:00,10197,J1924-2914,on,227.103,vlbifreq7,-108.6,+50.3,86,TP,1.58,1.2,32.6,4.1
2021-04-14T13:24:46,10202,SGRA,on,227.103,vlbifreq7,-111.8,+28.0,39,TP,1.52,0.9,30.7,4.1
2021-04-14T13:26:00,10204,SGRA,on,227.103,vlbifreq7,-111.8,+27.8,443,TP,1.41,1.0,29.4,4.0
2021-04-14T13:39:44,10209,J1924-2914,on,227.103,vlbifreq7,-108.9,+46.2,38,TP,1.60,0.7,29.6,2.8
2021-04-14T13:41:00,10211,J1924-2914,on,227.103,vlbifreq7,-108.9,+45.9,86,TP,1.55,0.9,29.1,2.8
2021-04-14T13:44:48,10216,SGRA,on,227.103,vlbifreq7,-112.9,+23.7,39,TP,1.32,1.1,27.5,5.1
2021-04-14T13:46:00,10218,SGRA,on,227.103,vlbifreq7,-113.0,+23.5,372,TP,1.18,1.3,25.5,3.0
2021-04-14T14:01:28,10223,J1924-2914,on,227.103,vlbifreq7,-109.4,+41.5,42,TP,1.54,1.9,26.8,3.2
2021-04-14T14:02:19,10225,J1924-2914,on,227.103,vlbifreq7,-109.4,+41.3,84,TP,1.61,1.9,25.6,6.3
2021-04-14T14:05:11,10230,VXSGR,on,227.103,vlbifreq7,-105.7,+22.3,38,TP,1.51,1.5,22.4,4.3
2021-04-14T14:05:58,10232,VXSGR,on,227.103,vlbifreq7,-105.7,+22.2,84,TP,1.47,1.5,26.0,6.5
2021-04-14T14:08:50,10237,J1924-2914,on,227.103,vlbifreq7,-109.7,+39.9,39,TP,1.38,1.4,25.7,5.0
2021-04-14T14:18:46,10244,SGRA,on,227.103,vlbifreq7,-115.1,+16.6,39,TP,1.56,1.5,24.4,5.8
2021-04-14T14:31:48,10252,J1924-2914,on,227.103,vlbifreq7,-110.5,+34.9,39,TP,1.68,1.6,18.3,2.9
2021-04-14T14:33:00,10254,J1924-2914,on,227.103,vlbifreq7,-110.5,+34.6,119,TP,1.68,1.7,17.0,3.6
2021-04-14T14:37:47,10259,SGRA,on,227.103,vlbifreq7,-116.5,+12.6,39,TP,1.58,2.0,17.1,7.3
2021-04-14T14:39:00,10261,SGRA,on,227.103,vlbifreq7,-116.5,+12.4,264,TP,1.65,2.1,18.7,4.7
2021-04-14T14:47:48,10266,J1924-2914,on,227.103,vlbifreq7,-111.2,+31.5,39,TP,1.53,1.9,22.3,5.6
2021-04-14T14:49:00,10268,J1924-2914,on,227.103,vlbifreq7,-111.3,+31.2,119,TP,1.57,2.1,23.2,5.8
2021-04-14T23:00:34,10321,RW-LMi,on,230.538,CO(2-1),+32.5,+27.6,168,"WOB(60.0,0.5)",2.19,-2.1,30.0,7.9
2021-04-14T23:11:13,10325,RT-Vir,on,230.538,CO(2-1),+78.2,+14.0,163,"WOB(60.0,0.5)",1.73,-2.6,30.8,7.5
2021-04-14T23:17:54,10328,SW-Vir,on,230.538,CO(2-1),+86.2,+16.2,165,"WOB(60.0,0.5)",1.75,-3.0,31.8,8.3
2021-04-14T23:27:05,10333,3C273,on,227.103,vlbifreq7,+75.4,+26.4,44,TP,1.87,-3.4,33.4,6.6
2021-04-14T23:29:14,10337,3C273,on,227.103,vlbifreq7,+75.2,+26.9,194,TP,1.97,-3.2,33.2,7.4
2021-04-14T23:35:50,10342,3C273,on,227.103,vlbifreq7,+74.3,+28.4,38,TP,1.95,-3.5,33.9,5.5
2021-04-14T23:37:00,10344,3C273,on,227.103,vlbifreq7,+74.1,+28.6,191,TP,1.98,-3.5,34.0,6.2
2021-04-14T23:43:49,10349,3C273,on,227.103,vlbifreq7,+73.2,+30.1,42,TP,1.98,-3.5,34.1,5.9
2021-04-15T00:07:00,10355,3C273,on,227.103,vlbifreq7,+69.9,+35.2,190,TP,1.86,-4.3,34.9,4.0
2021-04-15T00:13:46,10360,3C273,on,227.103,vlbifreq7,+68.8,+36.7,42,TP,1.81,-4.0,34.3,3.8
2021-04-15T00:15:00,10362,3C273,on,227.103,vlbifreq7,+68.6,+36.9,190,TP,1.83,-4.1,34.4,3.3
2021-04-15T00:21:46,10367,J1337-1257,on,227.103,vlbifreq7,+92.5,+29.2,40,TP,1.70,-4.5,35.3,1.7
2021-04-15T00:23:00,10369,J1337-1257,on,227.103,vlbifreq7,+92.4,+29.4,121,TP,1.67,-4.5,35.2,1.7
2021-04-15T00:27:48,10374,3C273,on,227.103,vlbifreq7,+66.4,+39.7,41,TP,1.66,-4.7,35.6,2.6
2021-04-15T00:36:00,10376,3C273,on,227.103,vlbifreq7,+65.0,+41.4,192,TP,1.67,-5.1,36.0,1.3
2021-04-15T00:42:45,10381,3C273,on,227.103,vlbifreq7,+63.7,+42.8,39,TP,1.63,-4.9,35.7,1.9
2021-04-15T00:44:00,10383,3C273,on,227.103,vlbifreq7,+63.5,+43.0,192,TP,1.64,-4.7,35.5,1.9
2021-04-15T00:50:45,10388,3C279,on,227.103,vlbifreq7,+76.2,+42.6,41,TP,1.59,-4.3,34.2,1.9
2021-04-15T00:52:00,10390,3C279,on,227.103,vlbifreq7,+76.0,+42.9,120,TP,1.60,-4.6,34.7,1.9
2021-04-15T00:56:48,10395,3C273,on,227.103,vlbifreq7,+60.8,+45.7,39,TP,1.58,-4.0,33.4,2.9
2021-04-15T01:02:00,10397,3C273,on,227.103,vlbifreq7,+59.7,+46.7,193,TP,1.56,-4.1,34.0,3.1
2021-04-15T01:08:46,10402,3C273,on,227.103,vlbifreq7,+58.2,+48.0,39,TP,1.49,-3.7,33.1,3.1
2021-04-15T01:10:00,10404,3C273,on,227.103,vlbifreq7,+57.9,+48.3,193,TP,1.48,-3.7,33.1,3.4
2021-04-15T01:16:45,10409,J1337-1257,on,227.103,vlbifreq7,+87.1,+41.8,38,TP,1.47,-4.4,34.1,3.8
2021-04-15T01:18:00,10411,J1337-1257,on,227.103,vlbifreq7,+87.0,+42.1,122,TP,1.50,-4.6,35.3,3.1
2021-04-15T01:22:45,10416,3C273,on,227.103,vlbifreq7,+54.7,+50.7,40,TP,1.46,-4.3,35.3,3.8
2021-04-15T01:31:00,10421,3C273,on,227.103,vlbifreq7,+52.5,+52.3,195,TP,1.53,-4.3,34.7,2.4
2021-04-15T01:37:47,10426,3C273,on,227.103,vlbifreq7,+50.5,+53.5,38,TP,1.53,-3.9,34.0,3.4
2021-04-15T01:39:00,10428,3C273,on,227.103,vlbifreq7,+50.2,+53.7,195,TP,1.55,-4.1,34.3,2.7
2021-04-15T01:45:47,10433,3C279,on,227.103,vlbifreq7,+66.1,+54.6,38,TP,1.47,-3.8,33.8,3.3
2021-04-15T01:47:00,10435,3C279,on,227.103,vlbifreq7,+65.8,+54.9,122,TP,1.46,-3.9,33.8,3.3
2021-04-15T01:51:46,10440,3C273,on,227.103,vlbifreq7,+46.1,+55.9,38,TP,1.51,-4.0,34.2,3.5
2021-04-15T01:57:00,10442,3C273,on,227.103,vlbifreq7,+44.4,+56.8,193,TP,1.47,-3.9,34.1,3.3
2021-04-15T02:03:46,10447,3C273,on,227.103,vlbifreq7,+41.9,+57.8,38,TP,1.48,-4.4,35.6,4.1
2021-04-15T02:05:00,10449,3C273,on,227.103,vlbifreq7,+41.5,+58.0,193,TP,1.48,-4.6,36.2,3.5
2021-04-15T02:11:45,10454,J1337-1257,on,227.103,vlbifreq7,+80.1,+54.5,40,TP,1.45,-5.1,38.0,4.0
2021-04-15T02:13:00,10456,J1337-1257,on,227.103,vlbifreq7,+79.9,+54.7,121,TP,1.47,-5.5,38.7,4.0
2021-04-15T02:17:45,10461,3C273,on,227.103,vlbifreq7,+36.4,+59.9,38,TP,1.40,-4.0,36.1,4.4
2021-04-15T02:26:00,10467,3C273,on,227.103,vlbifreq7,+32.9,+60.9,190,TP,1.35,-3.6,34.7,4.3
2021-04-15T02:32:46,10472,3C273,on,227.103,vlbifreq7,+29.7,+61.8,39,TP,1.33,-3.5,34.4,5.3
2021-04-15T02:34:00,10474,3C273,on,227.103,vlbifreq7,+29.2,+61.9,191,TP,1.33,-3.5,34.2,4.9
2021-04-15T02:40:46,10479,3C279,on,227.103,vlbifreq7,+48.8,+65.4,38,TP,1.34,-4.0,35.4,5.4
2021-04-15T02:42:00,10481,3C279,on,227.103,vlbifreq7,+48.3,+65.6,121,TP,1.34,-3.9,35.1,5.6
2021-04-15T02:46:44,10486,3C273,on,227.103,vlbifreq7,+22.8,+63.2,37,TP,1.34,-4.2,35.3,4.7
2021-04-15T02:52:00,10488,3C273,on,227.103,vlbifreq7,+20.1,+63.6,192,TP,1.28,-4.0,34.4,4.7
2021-04-15T02:58:47,10493,3C273,on,227.103,vlbifreq7,+16.3,+64.1,39,TP,1.29,-6.7,41.4,3.6
2021-04-15T03:00:00,10495,3C273,on,227.103,vlbifreq7,+15.8,+64.2,191,TP,1.29,-6.5,40.8,2.5
2021-04-15T03:06:44,10500,J1337-1257,on,227.103,vlbifreq7,+68.6,+66.7,39,TP,1.27,-5.4,37.1,3.1
2021-04-15T03:08:00,10502,J1337-1257,on,227.103,vlbifreq7,+68.3,+66.9,120,TP,1.27,-5.4,36.8,3.5
2021-04-15T03:12:42,10507,3C273,on,227.103,vlbifreq7,+8.4,+64.8,38,TP,1.27,-5.2,36.0,3.4
2021-04-15T03:17:42,10511,RT-Vir,on,227.103,vlbifreq7,+21.7,+60.0,111,"WOB(60.0,0.5)",1.25,-4.6,33.9,5.1
2021-04-15T03:21:00,10513,3C273,on,227.103,vlbifreq7,+3.6,+65.0,192,TP,1.22,-4.0,32.0,4.7
2021-04-15T03:27:44,10518,3C273,on,227.103,vlbifreq7,-0.5,+65.1,38,TP,1.22,-4.2,32.1,4.2
2021-04-15T03:29:00,10520,3C273,on,227.103,vlbifreq7,-1.1,+65.1,192,TP,1.24,-4.4,32.3,4.2
2021-04-15T03:35:43,10525,J1337-1257,on,227.103,vlbifreq7,+57.5,+72.7,37,TP,1.17,-4.1,31.4,4.8
2021-04-15T03:37:00,10527,J1337-1257,on,227.103,vlbifreq7,+57.0,+72.9,119,TP,1.19,-4.2,31.6,4.4
2021-04-15T03:41:46,10532,3C279,on,227.103,vlbifreq7,+10.2,+72.6,38,TP,1.14,-4.6,32.8,5.1
2021-04-15T03:47:00,10534,3C279,on,227.103,vlbifreq7,+6.0,+72.8,122,TP,1.15,-5.6,35.2,4.6
2021-04-15T03:51:44,10539,3C273,on,227.103,vlbifreq7,-14.5,+64.3,38,TP,1.09,-4.3,32.3,4.5
2021-04-15T03:53:00,10541,3C273,on,227.103,vlbifreq7,-15.1,+64.3,192,TP,1.13,-4.5,32.4,4.7
2021-04-15T03:59:44,10546,3C273,on,227.103,vlbifreq7,-18.9,+63.8,38,TP,1.09,-4.8,33.3,4.5
2021-04-15T04:01:00,10548,3C273,on,227.103,vlbifreq7,-19.5,+63.7,190,TP,1.06,-4.3,32.0,5.3
2021-04-15T04:07:44,10553,3C273,on,227.103,vlbifreq7,-23.1,+63.2,38,TP,1.09,-4.3,31.6,4.5
2021-04-15T04:16:00,10557,3C273,on,227.103,vlbifreq7,-27.2,+62.3,192,TP,1.06,-4.4,31.5,5.0
2021-04-15T04:22:48,10562,J1337-1257,on,227.103,vlbifreq7,+17.3,+79.6,37,TP,1.02,-4.5,31.4,5.0
2021-04-15T04:24:00,10564,J1337-1257,on,227.103,vlbifreq7,+15.9,+79.7,120,TP,1.03,-4.6,31.3,5.0
2021-04-15T04:28:45,10569,3C273,on,227.103,vlbifreq7,-33.2,+60.9,38,TP,1.05,-4.4,30.6,4.7
2021-04-15T04:30:00,10571,3C273,on,227.103,vlbifreq7,-33.7,+60.7,194,TP,1.04,-4.6,30.9,5.0
2021-04-15T04:36:42,10576,3C279,on,227.103,vlbifreq7,-32.8,+70.0,38,TP,1.01,-4.8,31.5,4.3
2021-04-15T04:38:00,10578,3C279,on,227.103,vlbifreq7,-33.5,+69.9,122,TP,1.02,-4.9,31.7,4.4
2021-04-15T04:42:46,10583,3C273,on,227.103,vlbifreq7,-39.1,+59.0,38,TP,1.01,-5.0,31.8,4.4
2021-04-15T04:48:00,10585,3C273,on,227.103,vlbifreq7,-41.1,+58.2,193,TP,1.04,-7.2,37.2,3.5
2021-04-15T04:54:46,10590,3C273,on,227.103,vlbifreq7,-43.6,+57.1,38,TP,1.01,-7.8,38.6,3.4
2021-04-15T04:56:00,10592,3C273,on,227.103,vlbifreq7,-44.0,+56.9,193,TP,1.01,-8.1,39.6,3.1
2021-04-15T05:02:44,10597,3C273,on,227.103,vlbifreq7,-46.4,+55.8,39,TP,1.05,-6.3,34.9,3.4
2021-04-15T05:11:00,10601,3C273,on,227.103,vlbifreq7,-49.0,+54.4,190,TP,1.00,-5.6,33.2,4.7
2021-04-15T05:17:46,10606,3C273,on,227.103,vlbifreq7,-51.1,+53.2,39,TP,1.01,-5.8,32.1,2.9
2021-04-15T05:19:00,10608,3C273,on,227.103,vlbifreq7,-51.4,+53.0,191,TP,0.96,-7.7,37.4,3.0
2021-04-15T05:25:49,10613,3C279,on,227.103,vlbifreq7,-56.0,+62.0,39,TP,1.00,-6.4,34.2,3.7
2021-04-15T05:27:00,10615,3C279,on,227.103,vlbifreq7,-56.3,+61.8,119,TP,0.98,-6.4,34.2,4.0
2021-04-15T05:31:46,10620,3C273,on,227.103,vlbifreq7,-54.9,+50.6,41,TP,0.98,-6.4,33.5,3.4
2021-04-15T05:37:00,10622,3C273,on,227.103,vlbifreq7,-56.2,+49.7,193,TP,0.98,-6.8,34.2,3.1
2021-04-15T05:43:46,10627,3C273,on,227.103,vlbifreq7,-57.9,+48.3,39,TP,0.99,-5.8,31.1,4.8
2021-04-15T05:45:00,10629,3C273,on,227.103,vlbifreq7,-58.1,+48.1,194,TP,0.95,-5.9,31.3,4.6
2021-04-15T05:51:45,10634,J1337-1257,on,227.103,vlbifreq7,-64.7,+69.3,38,TP,0.96,-7.0,33.6,4.4
2021-04-15T05:53:00,10636,J1337-1257,on,227.103,vlbifreq7,-65.0,+69.1,121,TP,0.93,-7.3,34.3,3.6
2021-04-15T05:57:43,10641,3C273,on,227.103,vlbifreq7,-61.0,+45.6,39,TP,0.93,-7.2,33.6,3.5
2021-04-15T06:06:00,10646,3C273,on,227.103,vlbifreq7,-62.7,+43.9,191,TP,0.96,-7.5,34.7,4.9
2021-04-15T06:12:47,10651,3C273,on,227.103,vlbifreq7,-64.0,+42.5,38,TP,0.93,-5.4,28.9,5.2
2021-04-15T06:14:00,10653,3C273,on,227.103,vlbifreq7,-64.2,+42.2,194,TP,0.96,-6.9,32.5,3.7
2021-04-15T06:20:47,10658,3C279,on,227.103,vlbifreq7,-70.1,+50.7,40,TP,0.93,-8.1,36.4,3.4
2021-04-15T06:22:00,10660,3C279,on,227.103,vlbifreq7,-70.2,+50.4,119,TP,0.92,-8.8,38.7,3.9
2021-04-15T06:26:45,10665,3C273,on,227.103,vlbifreq7,-66.6,+39.6,39,TP,0.93,-6.8,33.2,5.0
2021-04-15T06:32:00,10667,3C273,on,227.103,vlbifreq7,-67.4,+38.5,193,TP,0.93,-5.4,29.4,5.3
2021-04-15T06:38:45,10672,J1337-1257,on,227.103,vlbifreq7,-76.7,+59.1,39,TP,0.92,-5.6,30.2,5.1
2021-04-15T06:40:00,10674,J1337-1257,on,227.103,vlbifreq7,-76.9,+58.8,120,TP,0.91,-5.6,30.2,4.6
2021-04-15T06:44:43,10679,3C273,on,227.103,vlbifreq7,-69.5,+35.7,40,TP,0.94,-5.6,29.9,4.8
2021-04-15T06:53:00,10684,3C273,on,227.103,vlbifreq7,-70.8,+33.9,265,TP,0.95,-5.7,30.2,5.4
2021-04-15T07:01:47,10689,3C279,on,227.103,vlbifreq7,-76.9,+41.6,40,TP,0.91,-5.8,30.6,5.2
2021-04-15T07:03:00,10691,3C279,on,227.103,vlbifreq7,-77.0,+41.3,120,TP,0.89,-5.6,30.1,5.2
2021-04-15T07:07:45,10696,3C273,on,227.103,vlbifreq7,-72.9,+30.7,40,TP,0.90,-6.4,32.5,4.7
2021-04-15T07:13:00,10698,3C273,on,227.103,vlbifreq7,-73.6,+29.5,265,TP,0.92,-6.2,31.4,5.8
2021-04-15T07:21:44,10703,3C273,on,227.103,vlbifreq7,-74.8,+27.6,41,TP,0.93,-6.5,33.0,5.4
2021-04-15T07:23:00,10705,3C273,on,227.103,vlbifreq7,-74.9,+27.3,227,TP,0.95,-6.6,33.3,5.9
2021-04-15T07:30:48,10710,J1743-0350,on,227.103,vlbifreq7,+44.2,+64.4,38,TP,0.90,-6.7,33.6,5.3
2021-04-15T07:52:00,10720,J1743-0350,on,227.103,vlbifreq7,+33.7,+67.4,83,TP,0.91,-6.6,32.8,6.0
2021-04-15T07:55:47,10725,SGRA,on,227.103,vlbifreq7,+121.8,+77.8,38,TP,0.83,-6.5,32.8,5.8
2021-04-15T07:57:00,10727,SGRA,on,227.103,vlbifreq7,+122.5,+78.0,373,TP,0.90,-7.1,34.6,5.9
2021-04-15T08:08:45,10732,SGRA,on,227.103,vlbifreq7,+129.6,+80.2,39,TP,0.89,-6.2,32.0,5.4
2021-04-15T08:10:00,10734,SGRA,on,227.103,vlbifreq7,+130.7,+80.4,336,TP,0.87,-6.4,32.8,5.5
2021-04-15T08:20:48,10739,J1743-0350,on,227.103,vlbifreq7,+15.1,+70.2,37,TP,0.88,-6.1,30.9,5.6
2021-04-15T08:23:00,10741,J1743-0350,on,227.103,vlbifreq7,+13.6,+70.3,83,TP,0.89,-6.2,31.2,4.9
2021-04-15T08:26:47,10746,3C279,on,227.103,vlbifreq7,-87.0,+22.2,39,TP,0.90,-6.0,31.2,5.5
2021-04-15T08:30:00,10748,3C279,on,227.103,vlbifreq7,-87.3,+21.5,85,TP,0.91,-6.2,31.5,5.6
2021-04-15T08:33:46,10753,J1743-0350,on,227.103,vlbifreq7,+5.5,+70.8,38,TP,0.89,-5.9,30.3,5.3
2021-04-15T08:37:00,10755,J1743-0350,on,227.103,vlbifreq7,+3.1,+70.8,85,TP,0.84,-5.8,29.8,5.6
2021-04-15T08:40:57,10760,SGRA,on,227.103,vlbifreq7,+175.5,+84.0,39,TP,0.84,-6.6,31.8,5.2
2021-04-15T08:43:00,10762,SGRA,on,227.103,vlbifreq7,+180.0,+84.0,335,TP,0.85,-6.7,32.1,5.2
2021-04-15T08:53:44,10767,SGRA,on,227.103,vlbifreq7,+201.1,+83.5,38,TP,0.82,-5.9,29.8,5.2
2021-04-15T08:55:00,10769,SGRA,on,227.103,vlbifreq7,+203.6,+83.4,338,TP,0.81,-6.0,29.9,5.5
2021-04-15T09:06:08,10774,J1743-0350,on,227.103,vlbifreq7,-18.6,+69.9,38,TP,0.84,-6.6,31.0,5.7
2021-04-15T09:09:00,10776,J1743-0350,on,227.103,vlbifreq7,-20.5,+69.7,85,TP,0.83,-5.7,28.8,5.8
2021-04-15T09:12:45,10781,J1743-0350,on,227.103,vlbifreq7,-23.1,+69.4,39,TP,0.82,-6.1,29.7,5.0
2021-04-15T09:21:00,10786,J1743-0350,on,227.103,vlbifreq7,-28.3,+68.5,85,TP,0.81,-6.0,28.9,4.9
2021-04-15T09:24:47,10791,SGRA,on,227.103,vlbifreq7,-124.9,+78.8,39,TP,0.81,-6.0,28.8,5.2
2021-04-15T09:26:00,10793,SGRA,on,227.103,vlbifreq7,-124.1,+78.6,371,TP,0.82,-6.0,29.0,5.3
2021-04-15T09:37:46,10798,SGRA,on,227.103,vlbifreq7,-119.0,+76.3,38,TP,0.75,-5.7,28.4,6.0
2021-04-15T09:39:00,10800,SGRA,on,227.103,vlbifreq7,-118.4,+76.0,338,TP,0.76,-5.8,28.6,5.4
2021-04-15T09:49:45,10805,J1743-0350,on,227.103,vlbifreq7,-43.6,+64.6,37,TP,0.77,-6.0,29.1,5.2
2021-04-15T09:51:00,10807,J1743-0350,on,227.103,vlbifreq7,-44.1,+64.4,84,TP,0.74,-6.3,29.6,5.0
2021-04-15T09:55:01,10812,J1924-2914,on,227.103,vlbifreq7,-223.1,+81.3,39,TP,0.71,-5.6,28.1,5.6
2021-04-15T09:58:00,10814,J1924-2914,on,227.103,vlbifreq7,-219.7,+81.8,85,TP,0.69,-5.8,28.5,6.6
2021-04-15T10:01:48,10819,SGRA,on,227.103,vlbifreq7,-113.0,+71.3,39,TP,0.70,-5.6,28.0,6.2
2021-04-15T10:04:00,10821,SGRA,on,227.103,vlbifreq7,-112.5,+70.8,371,TP,0.69,-5.8,28.4,5.6
2021-04-15T10:15:50,10826,SGRA,on,227.103,vlbifreq7,-111.1,+68.3,38,TP,0.67,-5.5,27.4,6.1
2021-04-15T10:17:00,10828,SGRA,on,227.103,vlbifreq7,-110.9,+68.0,336,TP,0.68,-5.6,27.8,6.9
2021-04-15T10:27:46,10833,J1743-0350,on,227.103,vlbifreq7,-57.5,+57.8,39,TP,0.67,-5.7,27.7,5.6
2021-04-15T10:29:00,10835,J1743-0350,on,227.103,vlbifreq7,-57.8,+57.6,84,TP,0.68,-5.7,27.6,6.1
2021-04-15T10:32:46,10840,J1924-2914,on,227.103,vlbifreq7,-159.3,+83.3,38,TP,0.65,-5.5,27.1,6.3
2021-04-15T10:35:45,10843,J1924-2914,on,227.103,vlbifreq7,-154.0,+83.1,22,TP,0.67,-5.6,27.1,6.3
2021-04-15T10:44:46,10849,SGRA,on,227.103,vlbifreq7,-109.0,+62.0,39,TP,0.65,-5.7,27.2,6.6
2021-04-15T10:46:00,10851,SGRA,on,227.103,vlbifreq7,-108.8,+61.7,372,TP,0.64,-5.6,27.1,6.7
2021-04-15T10:57:46,10856,SGRA,on,227.103,vlbifreq7,-108.5,+59.2,40,TP,0.67,-5.7,26.7,5.9
2021-04-15T10:59:00,10858,SGRA,on,227.103,vlbifreq7,-108.4,+58.9,374,TP,0.67,-5.8,27.0,6.2
2021-04-15T11:10:47,10863,J1924-2914,on,227.103,vlbifreq7,-122.1,+77.4,38,TP,0.65,-5.8,26.5,5.2
2021-04-15T11:12:00,10865,J1924-2914,on,227.103,vlbifreq7,-121.4,+77.1,82,TP,0.65,-5.8,26.6,5.9
2021-04-15T11:15:43,10870,SGRA,on,227.103,vlbifreq7,-108.3,+55.2,38,TP,0.63,-5.7,26.3,6.2
2021-04-15T11:17:00,10872,SGRA,on,227.103,vlbifreq7,-108.2,+55.0,373,TP,0.64,-6.1,27.0,6.2
2021-04-15T11:28:47,10877,SGRA,on,227.103,vlbifreq7,-108.2,+52.4,39,TP,0.61,-6.0,26.6,6.0
2021-04-15T11:30:00,10879,SGRA,on,227.103,vlbifreq7,-108.2,+52.1,336,TP,0.61,-6.2,26.9,6.0
2021-04-15T11:40:49,10884,J1743-0350,on,227.103,vlbifreq7,-73.2,+42.5,40,TP,0.59,-5.6,25.6,5.5
2021-04-15T11:42:00,10886,J1743-0350,on,227.103,vlbifreq7,-73.3,+42.2,85,TP,0.59,-5.7,26.0,5.4
2021-04-15T11:45:50,10891,J1924-2914,on,227.103,vlbifreq7,-112.7,+70.2,38,TP,0.58,-5.5,25.6,6.0
2021-04-15T11:54:00,10896,J1924-2914,on,227.103,vlbifreq7,-111.6,+68.4,83,TP,0.58,-5.4,25.9,6.2
2021-04-15T11:57:48,10901,SGRA,on,227.103,vlbifreq7,-108.6,+46.0,40,TP,0.60,-5.3,25.9,5.7
2021-04-15T11:59:00,10903,SGRA,on,227.103,vlbifreq7,-108.6,+45.8,375,TP,0.59,-5.2,26.5,6.2
2021-04-15T12:10:46,10908,SGRA,on,227.103,vlbifreq7,-109.0,+43.2,38,TP,0.59,-4.0,24.8,6.7
2021-04-15T12:12:00,10910,SGRA,on,227.103,vlbifreq7,-109.0,+42.9,374,TP,0.58,-3.7,24.6,6.3
2021-04-15T12:23:47,10915,J1924-2914,on,227.103,vlbifreq7,-109.3,+62.0,38,TP,0.57,-2.6,19.9,9.0
2021-04-15T12:25:00,10917,J1924-2914,on,227.103,vlbifreq7,-109.2,+61.7,85,TP,0.59,-2.4,19.7,9.3
2021-04-15T12:28:47,10922,SGRA,on,227.103,vlbifreq7,-109.5,+39.3,39,TP,0.59,-2.1,20.6,7.1
2021-04-15T12:30:00,10924,SGRA,on,227.103,vlbifreq7,-109.5,+39.0,370,TP,0.61,-2.0,19.8,7.5
2021-04-15T12:41:47,10929,SGRA,on,227.103,vlbifreq7,-110.0,+36.4,40,TP,0.59,-2.1,18.4,8.7
2021-04-15T12:43:00,10931,SGRA,on,227.103,vlbifreq7,-110.0,+36.2,303,TP,0.59,-1.8,18.8,9.5
2021-04-15T13:06:00,10937,J1924-2914,on,227.103,vlbifreq7,-108.5,+52.7,85,TP,0.58,-2.0,17.9,7.6
2021-04-15T13:09:46,10942,SGRA,on,227.103,vlbifreq7,-111.3,+30.4,38,TP,0.58,-1.5,17.3,8.9
2021-04-15T13:11:00,10944,SGRA,on,227.103,vlbifreq7,-111.3,+30.1,303,TP,0.55,-1.6,16.7,9.0
2021-04-15T13:20:48,10949,SGRA,on,227.103,vlbifreq7,-111.8,+28.0,38,TP,0.58,-1.2,16.6,9.5
2021-04-15T13:22:00,10951,SGRA,on,227.103,vlbifreq7,-111.8,+27.8,298,TP,0.58,-1.7,17.0,8.0
2021-04-15T13:31:49,10956,J1924-2914,on,227.103,vlbifreq7,+0.0,+47.1,0,TP,0.60,-1.3,17.0,8.8
