09-APR-2024,23.003116322487,6798,3C279,0.22631828486919,215103,AP-N201-F101,0.052373830229044,0.052373830229044,200.95083618164,272.64999389648
09-APR-2024,23.003116322487,6798,3C279,0.22631828486919,215103,AP-N202-F101,0.052446741610765,0.052446741610765,186.72796630859,272.64999389648
09-APR-2024,23.003116322487,6798,3C279,0.22631828486919,227103,AP-N203-F102,0.055740550160408,0.055740550160408,213.89241027832,272.64999389648
09-APR-2024,23.003116322487,6798,3C279,0.22631828486919,227103,AP-N204-F102,0.055951770395041,0.055951770395041,198.95375061035,272.64999389648
09-APR-2024,23.070755210767,6803,SOMBRERO,0.344831854105,215103,AP-N201-F101,0.04801682010293,0.04801682010293,157.11343383789,272.14999389648
09-APR-2024,23.070755210767,6803,SOMBRERO,0.344831854105,215103,AP-N202-F101,0.048483587801456,0.048483587801456,144.96322631836,272.14999389648
09-APR-2024,23.070755210767,6803,SOMBRERO,0.344831854105,227103,AP-N203-F102,0.051054161041975,0.051054161041975,165.52420043945,272.14999389648
09-APR-2024,23.070755210767,6803,SOMBRERO,0.344831854105,227103,AP-N204-F102,0.051305562257767,0.051305562257767,152.74272155762,272.14999389648
09-APR-2024,23.103116322075,6807,SOMBRERO,0.3526257276535,215103,AP-N201-F101,0.04801682010293,0.04801682010293,157.11343383789,272.14999389648
09-APR-2024,23.103116322075,6807,SOMBRERO,0.3526257276535,215103,AP-N202-F101,0.048483587801456,0.048483587801456,144.96322631836,272.14999389648
09-APR-2024,23.103116322075,6807,SOMBRERO,0.3526257276535,227103,AP-N203-F102,0.051054161041975,0.051054161041975,165.52420043945,272.14999389648
09-APR-2024,23.103116322075,6807,SOMBRERO,0.3526257276535,227103,AP-N204-F102,0.051305562257767,0.051305562257767,152.74272155762,272.14999389648
09-APR-2024,23.170755205115,6812,3C273,0.32044303417206,215103,AP-N201-F101,0.051381092518568,0.051381092518568,165.89747619629,272.04998779297
09-APR-2024,23.170755205115,6812,3C273,0.32044303417206,215103,AP-N202-F101,0.051788505166769,0.051788505166769,153.43946838379,272.04998779297
09-APR-2024,23.170755205115,6812,3C273,0.32044303417206,227103,AP-N203-F102,0.054699055850506,0.054699055850506,175.33601379395,272.04998779297
09-APR-2024,23.170755205115,6812,3C273,0.32044303417206,227103,AP-N204-F102,0.055189061909914,0.055189061909914,162.19171142578,272.04998779297
09-APR-2024,23.202560764585,6816,3C273,0.32800140976906,215103,AP-N201-F101,0.051381092518568,0.051381092518568,165.89747619629,272.04998779297
09-APR-2024,23.202560764585,6816,3C273,0.32800140976906,215103,AP-N202-F101,0.051788505166769,0.051788505166769,153.43946838379,272.04998779297
09-APR-2024,23.202560764585,6816,3C273,0.32800140976906,227103,AP-N203-F102,0.054699055850506,0.054699055850506,175.33601379395,272.04998779297
09-APR-2024,23.202560764585,6816,3C273,0.32800140976906,227103,AP-N204-F102,0.055189061909914,0.055189061909914,162.19171142578,272.04998779297
09-APR-2024,23.270755211513,6821,M87,0.25636488199234,215103,AP-N201-F101,0.054777361452579,0.054777361452579,188.63052368164,271.85000610352
09-APR-2024,23.270755211513,6821,M87,0.25636488199234,215103,AP-N202-F101,0.054857641458511,0.054857641458511,175.09289550781,271.85000610352
09-APR-2024,23.270755211513,6821,M87,0.25636488199234,227103,AP-N203-F102,0.058155085891485,0.058155085891485,200.10612487793,271.85000610352
09-APR-2024,23.270755211513,6821,M87,0.25636488199234,227103,AP-N204-F102,0.058482818305492,0.058482818305492,186.00416564941,271.85000610352
09-APR-2024,23.295199650621,6825,M87,0.26189541816711,215103,AP-N201-F101,0.054777361452579,0.054777361452579,188.63052368164,271.85000610352
09-APR-2024,23.295199650621,6825,M87,0.26189541816711,215103,AP-N202-F101,0.054857641458511,0.054857641458511,175.09289550781,271.85000610352
09-APR-2024,23.295199650621,6825,M87,0.26189541816711,227103,AP-N203-F102,0.058155085891485,0.058155085891485,200.10612487793,271.85000610352
09-APR-2024,23.295199650621,6825,M87,0.26189541816711,227103,AP-N204-F102,0.058482818305492,0.058482818305492,186.00416564941,271.85000610352
09-APR-2024,23.336171873927,6831,M87,0.27115082740784,215103,AP-N201-F101,0.054777361452579,0.054777361452579,188.63052368164,271.85000610352
09-APR-2024,23.336171873927,6831,M87,0.27115082740784,215103,AP-N202-F101,0.054857641458511,0.054857641458511,175.09289550781,271.85000610352
09-APR-2024,23.336171873927,6831,M87,0.27115082740784,227103,AP-N203-F102,0.058155085891485,0.058155085891485,200.10612487793,271.85000610352
09-APR-2024,23.336171873927,6831,M87,0.27115082740784,227103,AP-N204-F102,0.058482818305492,0.058482818305492,186.00416564941,271.85000610352
09-APR-2024,23.401310763391,6834,M87,0.2858279645443,215103,AP-N201-F101,0.058075293898582,0.058075293898582,184.5225982666,271.45001220703
09-APR-2024,23.401310763391,6834,M87,0.2858279645443,215103,AP-N202-F101,0.058187261223793,0.058187261223793,170.99633789063,271.45001220703
09-APR-2024,23.401310763391,6834,M87,0.2858279645443,227103,AP-N203-F102,0.061640121042728,0.061640121042728,195.45826721191,271.45001220703
09-APR-2024,23.401310763391,6834,M87,0.2858279645443,227103,AP-N204-F102,0.062036845833063,0.062036845833063,181.68974304199,271.45001220703
09-APR-2024,23.436449647513,6838,M84,0.31090521812439,215103,AP-N201-F101,0.058075293898582,0.058075293898582,184.5225982666,271.45001220703
09-APR-2024,23.436449647513,6838,M84,0.31090521812439,215103,AP-N202-F101,0.058187261223793,0.058187261223793,170.99633789063,271.45001220703
09-APR-2024,23.436449647513,6838,M84,0.31090521812439,227103,AP-N203-F102,0.061640121042728,0.061640121042728,195.45826721191,271.45001220703
09-APR-2024,23.436449647513,6838,M84,0.31090521812439,227103,AP-N204-F102,0.062036845833063,0.062036845833063,181.68974304199,271.45001220703
09-APR-2024,23.504366317998,6843,3C279,0.34742105007172,215103,AP-N201-F101,0.057709686458111,0.057709686458111,169.05146789551,271.95001220703
09-APR-2024,23.504366317998,6843,3C279,0.34742105007172,215103,AP-N202-F101,0.058025762438774,0.058025762438774,156.35290527344,271.95001220703
09-APR-2024,23.504366317998,6843,3C279,0.34742105007172,227103,AP-N203-F102,0.061406407505274,0.061406407505274,178.47378540039,271.95001220703
09-APR-2024,23.504366317998,6843,3C279,0.34742105007172,227103,AP-N204-F102,0.061901226639748,0.061901226639748,165.32461547852,271.95001220703
09-APR-2024,23.536171871705,6847,3C279,0.35510122776031,215103,AP-N201-F101,0.057709686458111,0.057709686458111,169.05146789551,271.95001220703
09-APR-2024,23.536171871705,6847,3C279,0.35510122776031,215103,AP-N202-F101,0.058025762438774,0.058025762438774,156.35290527344,271.95001220703
09-APR-2024,23.536171871705,6847,3C279,0.35510122776031,227103,AP-N203-F102,0.061406407505274,0.061406407505274,178.47378540039,271.95001220703
09-APR-2024,23.536171871705,6847,3C279,0.35510122776031,227103,AP-N204-F102,0.061901226639748,0.061901226639748,165.32461547852,271.95001220703
09-APR-2024,23.604366316188,6852,SOMBRERO,0.47354730963707,215103,AP-N201-F101,0.059536226093769,0.059536226093769,152.84561157227,272.64999389648
09-APR-2024,23.604366316188,6852,SOMBRERO,0.47354730963707,215103,AP-N202-F101,0.059952776879072,0.059952776879072,140.75953674316,272.64999389648
09-APR-2024,23.604366316188,6852,SOMBRERO,0.47354730963707,227103,AP-N203-F102,0.063130803406239,0.063130803406239,160.59205627441,272.64999389648
09-APR-2024,23.604366316188,6852,SOMBRERO,0.47354730963707,227103,AP-N204-F102,0.063625209033489,0.063625209033489,148.03771972656,272.64999389648
09-APR-2024,23.637005204813,6856,SOMBRERO,0.48143050074577,215103,AP-N201-F101,0.059536226093769,0.059536226093769,152.84561157227,272.64999389648
09-APR-2024,23.637005204813,6856,SOMBRERO,0.48143050074577,215103,AP-N202-F101,0.059952776879072,0.059952776879072,140.75953674316,272.64999389648
09-APR-2024,23.637005204813,6856,SOMBRERO,0.48143050074577,227103,AP-N203-F102,0.063130803406239,0.063130803406239,160.59205627441,272.64999389648
09-APR-2024,23.637005204813,6856,SOMBRERO,0.48143050074577,227103,AP-N204-F102,0.063625209033489,0.063625209033489,148.03771972656,272.64999389648
09-APR-2024,23.828414366591,6863,3C273,0.47547194361687,215103,AP-N201-F101,0.051648300141096,0.051648300141096,145.54318237305,272.64999389648
09-APR-2024,23.828414366591,6863,3C273,0.47547194361687,215103,AP-N202-F101,0.051943860948086,0.051943860948086,133.64710998535,272.64999389648
09-APR-2024,23.828414366591,6863,3C273,0.47547194361687,227103,AP-N203-F102,0.05469461902976,0.05469461902976,152.57112121582,272.64999389648
09-APR-2024,23.828414366591,6863,3C273,0.47547194361687,227103,AP-N204-F102,0.05531943961978,0.05531943961978,140.44752502441,272.64999389648
09-APR-2024,23.853831032942,6867,3C273,0.48140019178391,215103,AP-N201-F101,0.051648300141096,0.051648300141096,145.54318237305,272.64999389648
09-APR-2024,23.853831032942,6867,3C273,0.48140019178391,215103,AP-N202-F101,0.051943860948086,0.051943860948086,133.64710998535,272.64999389648
09-APR-2024,23.853831032942,6867,3C273,0.48140019178391,227103,AP-N203-F102,0.05469461902976,0.05469461902976,152.57112121582,272.64999389648
09-APR-2024,23.853831032942,6867,3C273,0.48140019178391,227103,AP-N204-F102,0.05531943961978,0.05531943961978,140.44752502441,272.64999389648
09-APR-2024,23.921469920348,6872,M87,0.40114232897758,215103,AP-N201-F101,0.052442785352468,0.052442785352468,154.36961364746,272.85000610352
09-APR-2024,23.921469920348,6872,M87,0.40114232897758,215103,AP-N202-F101,0.052767768502235,0.052767768502235,142.09761047363,272.85000610352
09-APR-2024,23.921469920348,6872,M87,0.40114232897758,227103,AP-N203-F102,0.055685635656118,0.055685635656118,162.33641052246,272.85000610352
09-APR-2024,23.921469920348,6872,M87,0.40114232897758,227103,AP-N204-F102,0.056203074753284,0.056203074753284,149.7211151123,272.85000610352
09-APR-2024,23.945219917912,6876,M87,0.40631753206253,215103,AP-N201-F101,0.052442785352468,0.052442785352468,154.36961364746,272.85000610352
09-APR-2024,23.945219917912,6876,M87,0.40631753206253,215103,AP-N202-F101,0.052767768502235,0.052767768502235,142.09761047363,272.85000610352
09-APR-2024,23.945219917912,6876,M87,0.40631753206253,227103,AP-N203-F102,0.055685635656118,0.055685635656118,162.33641052246,272.85000610352
09-APR-2024,23.945219917912,6876,M87,0.40631753206253,227103,AP-N204-F102,0.056203074753284,0.056203074753284,149.7211151123,272.85000610352
09-APR-2024,23.987442142634,6882,M84,0.43149480223656,215103,AP-N201-F101,0.052442785352468,0.052442785352468,154.36961364746,272.85000610352
09-APR-2024,23.987442142634,6882,M84,0.43149480223656,215103,AP-N202-F101,0.052767768502235,0.052767768502235,142.09761047363,272.85000610352
09-APR-2024,23.987442142634,6882,M84,0.43149480223656,227103,AP-N203-F102,0.055685635656118,0.055685635656118,162.33641052246,272.85000610352
09-APR-2024,23.987442142634,6882,M84,0.43149480223656,227103,AP-N204-F102,0.056203074753284,0.056203074753284,149.7211151123,272.85000610352
10-APR-2024,0.050636805888194,6885,M84,0.44502350687981,215103,AP-N201-F101,0.051724161952734,0.051724161952734,148.30123901367,272.75
10-APR-2024,0.050636805888194,6885,M84,0.44502350687981,215103,AP-N202-F101,0.051981464028358,0.051981464028358,136.37855529785,272.75
10-APR-2024,0.050636805888194,6885,M84,0.44502350687981,227103,AP-N203-F102,0.054694280028343,0.054694280028343,155.81196594238,272.75
10-APR-2024,0.050636805888194,6885,M84,0.44502350687981,227103,AP-N204-F102,0.055253256112337,0.055253256112337,143.45962524414,272.75
10-APR-2024,0.086609026673862,6889,M84,0.45269221067429,215103,AP-N201-F101,0.051724161952734,0.051724161952734,148.30123901367,272.75
10-APR-2024,0.086609026673862,6889,M84,0.45269221067429,215103,AP-N202-F101,0.051981464028358,0.051981464028358,136.37855529785,272.75
10-APR-2024,0.086609026673862,6889,M84,0.45269221067429,227103,AP-N203-F102,0.054694280028343,0.054694280028343,155.81196594238,272.75
10-APR-2024,0.086609026673862,6889,M84,0.45269221067429,227103,AP-N204-F102,0.055253256112337,0.055253256112337,143.45962524414,272.75
10-APR-2024,0.19397013719222,6894,3C279,0.5135812163353,215103,AP-N201-F101,0.047532640397549,0.047532640397549,139.19575500488,272.75
10-APR-2024,0.19397013719222,6894,3C279,0.5135812163353,215103,AP-N202-F101,0.04788501933217,0.04788501933217,127.3762588501,272.75
10-APR-2024,0.19397013719222,6894,3C279,0.5135812163353,227103,AP-N203-F102,0.050082951784134,0.050082951784134,145.54264831543,272.75
10-APR-2024,0.19397013719222,6894,3C279,0.5135812163353,227103,AP-N204-F102,0.050973799079657,0.050973799079657,133.67204284668,272.75
10-APR-2024,0.2152201352426,6898,3C279,0.51868379116058,215103,AP-N201-F101,0.047532640397549,0.047532640397549,139.19575500488,272.75
10-APR-2024,0.2152201352426,6898,3C279,0.51868379116058,215103,AP-N202-F101,0.04788501933217,0.04788501933217,127.3762588501,272.75
10-APR-2024,0.2152201352426,6898,3C279,0.51868379116058,227103,AP-N203-F102,0.050082951784134,0.050082951784134,145.54264831543,272.75
10-APR-2024,0.2152201352426,6898,3C279,0.51868379116058,227103,AP-N204-F102,0.050973799079657,0.050973799079657,133.67204284668,272.75
10-APR-2024,0.28605347069192,6905,SOMBRERO,0.63823288679123,215103,AP-N201-F101,0.046506859362125,0.046506859362125,131.89874267578,272.14999389648
10-APR-2024,0.28605347069192,6905,SOMBRERO,0.63823288679123,215103,AP-N202-F101,0.046982020139694,0.046982020139694,120.32048797607,272.14999389648
10-APR-2024,0.28605347069192,6905,SOMBRERO,0.63823288679123,227103,AP-N203-F102,0.04876147210598,0.04876147210598,137.49736022949,272.14999389648
10-APR-2024,0.28605347069192,6905,SOMBRERO,0.63823288679123,227103,AP-N204-F102,0.049643762409687,0.049643762409687,126.01355743408,272.14999389648
10-APR-2024,0.46174966337559,6912,3C273,0.62126296758652,215103,AP-N201-F101,0.044980864971876,0.044980864971876,131.41075134277,272.54998779297
10-APR-2024,0.46174966337559,6912,3C273,0.62126296758652,215103,AP-N202-F101,0.045516949146986,0.045516949146986,120.04833221436,272.54998779297
10-APR-2024,0.46174966337559,6912,3C273,0.62126296758652,227103,AP-N203-F102,0.047295443713665,0.047295443713665,136.92738342285,272.54998779297
10-APR-2024,0.46174966337559,6912,3C273,0.62126296758652,227103,AP-N204-F102,0.048074655234814,0.048074655234814,125.58302307129,272.54998779297
10-APR-2024,0.48744410878961,6916,3C273,0.62707734107971,215103,AP-N201-F101,0.044980864971876,0.044980864971876,131.41075134277,272.54998779297
10-APR-2024,0.48744410878961,6916,3C273,0.62707734107971,215103,AP-N202-F101,0.045516949146986,0.045516949146986,120.04833221436,272.54998779297
10-APR-2024,0.48744410878961,6916,3C273,0.62707734107971,227103,AP-N203-F102,0.047295443713665,0.047295443713665,136.92738342285,272.54998779297
10-APR-2024,0.48744410878961,6916,3C273,0.62707734107971,227103,AP-N204-F102,0.048074655234814,0.048074655234814,125.58302307129,272.54998779297
10-APR-2024,0.55480521643462,6921,M87,0.53578394651413,215103,AP-N201-F101,0.045735225081444,0.045735225081444,136.1459197998,272.75
10-APR-2024,0.55480521643462,6921,M87,0.53578394651413,215103,AP-N202-F101,0.04608390852809,0.04608390852809,124.53691101074,272.75
10-APR-2024,0.55480521643462,6921,M87,0.53578394651413,227103,AP-N203-F102,0.048049971461296,0.048049971461296,142.40762329102,272.75
10-APR-2024,0.55480521643462,6921,M87,0.53578394651413,227103,AP-N204-F102,0.048739969730377,0.048739969730377,130.42573547363,272.75
10-APR-2024,0.57883299375986,6925,M87,0.54073578119278,215103,AP-N201-F101,0.045735225081444,0.045735225081444,136.1459197998,272.75
10-APR-2024,0.57883299375986,6925,M87,0.54073578119278,215103,AP-N202-F101,0.04608390852809,0.04608390852809,124.53691101074,272.75
10-APR-2024,0.57883299375986,6925,M87,0.54073578119278,227103,AP-N203-F102,0.048049971461296,0.048049971461296,142.40762329102,272.75
10-APR-2024,0.57883299375986,6925,M87,0.54073578119278,227103,AP-N204-F102,0.048739969730377,0.048739969730377,130.42573547363,272.75
10-APR-2024,0.6199441048507,6931,M84,0.5633590221405,215103,AP-N201-F101,0.045735225081444,0.045735225081444,136.1459197998,272.75
10-APR-2024,0.6199441048507,6931,M84,0.5633590221405,215103,AP-N202-F101,0.04608390852809,0.04608390852809,124.53691101074,272.75
10-APR-2024,0.6199441048507,6931,M84,0.5633590221405,227103,AP-N203-F102,0.048049971461296,0.048049971461296,142.40762329102,272.75
10-APR-2024,0.6199441048507,6931,M84,0.5633590221405,227103,AP-N204-F102,0.048739969730377,0.048739969730377,130.42573547363,272.75
10-APR-2024,0.92049965667352,6941,SOMBRERO,0.79106020927429,215103,AP-N201-F101,0.04076350107789,0.04076350107789,123.993019104,272.64999389648
10-APR-2024,0.92049965667352,6941,SOMBRERO,0.79106020927429,215103,AP-N202-F101,0.041713409125805,0.041713409125805,112.88152313232,272.64999389648
10-APR-2024,0.92049965667352,6941,SOMBRERO,0.79106020927429,227103,AP-N203-F102,0.042507331818342,0.042507331818342,128.78558349609,272.64999389648
10-APR-2024,0.92049965667352,6941,SOMBRERO,0.79106020927429,227103,AP-N204-F102,0.043956477195024,0.043956477195024,117.6763458252,272.64999389648
10-APR-2024,1.0950286843688,6948,3C273,0.76141357421875,215103,AP-N201-F101,0.038489680737257,0.038489680737257,123.3888168335,272.54998779297
10-APR-2024,1.0950286843688,6948,3C273,0.76141357421875,215103,AP-N202-F101,0.039744112640619,0.039744112640619,112.31405639648,272.54998779297
10-APR-2024,1.0950286843688,6948,3C273,0.76141357421875,227103,AP-N203-F102,0.04056166484952,0.04056166484952,128.34928894043,272.54998779297
10-APR-2024,1.0950286843688,6948,3C273,0.76141357421875,227103,AP-N204-F102,0.041813835501671,0.041813835501671,117.00873565674,272.54998779297
10-APR-2024,1.119056463091,6952,3C273,0.76657688617706,215103,AP-N201-F101,0.038489680737257,0.038489680737257,123.3888168335,272.54998779297
10-APR-2024,1.119056463091,6952,3C273,0.76657688617706,215103,AP-N202-F101,0.039744112640619,0.039744112640619,112.31405639648,272.54998779297
10-APR-2024,1.119056463091,6952,3C273,0.76657688617706,227103,AP-N203-F102,0.04056166484952,0.04056166484952,128.34928894043,272.54998779297
10-APR-2024,1.119056463091,6952,3C273,0.76657688617706,227103,AP-N204-F102,0.041813835501671,0.041813835501671,117.00873565674,272.54998779297
10-APR-2024,1.1880842384756,6957,M87,0.66135251522064,215103,AP-N201-F101,0.040287375450134,0.040287375450134,127.03216552734,271.95001220703
10-APR-2024,1.1880842384756,6957,M87,0.66135251522064,215103,AP-N202-F101,0.041309185326099,0.041309185326099,115.78073120117,271.95001220703
10-APR-2024,1.1880842384756,6957,M87,0.66135251522064,227103,AP-N203-F102,0.042327474802732,0.042327474802732,132.2906036377,271.95001220703
10-APR-2024,1.1880842384756,6957,M87,0.66135251522064,227103,AP-N204-F102,0.043263264000416,0.043263264000416,120.8729095459,271.95001220703
10-APR-2024,1.211834239183,6961,M87,0.66583359241486,215103,AP-N201-F101,0.040287375450134,0.040287375450134,127.03216552734,271.95001220703
10-APR-2024,1.211834239183,6961,M87,0.66583359241486,215103,AP-N202-F101,0.041309185326099,0.041309185326099,115.78073120117,271.95001220703
10-APR-2024,1.211834239183,6961,M87,0.66583359241486,227103,AP-N203-F102,0.042327474802732,0.042327474802732,132.2906036377,271.95001220703
10-APR-2024,1.211834239183,6961,M87,0.66583359241486,227103,AP-N204-F102,0.043263264000416,0.043263264000416,120.8729095459,271.95001220703
10-APR-2024,1.2529453476545,6967,M84,0.68521255254745,215103,AP-N201-F101,0.040287375450134,0.040287375450134,127.03216552734,271.95001220703
10-APR-2024,1.2529453476545,6967,M84,0.68521255254745,215103,AP-N202-F101,0.041309185326099,0.041309185326099,115.78073120117,271.95001220703
10-APR-2024,1.2529453476545,6967,M84,0.68521255254745,227103,AP-N203-F102,0.042327474802732,0.042327474802732,132.2906036377,271.95001220703
10-APR-2024,1.2529453476545,6967,M84,0.68521255254745,227103,AP-N204-F102,0.043263264000416,0.043263264000416,120.8729095459,271.95001220703
10-APR-2024,1.3169731269799,6970,M84,0.69680458307266,215103,AP-N201-F101,0.035761445760727,0.035761445760727,123.15785980225,272.85000610352
10-APR-2024,1.3169731269799,6970,M84,0.69680458307266,215103,AP-N202-F101,0.036407623440027,0.036407623440027,112.04540252686,272.85000610352
10-APR-2024,1.3169731269799,6970,M84,0.69680458307266,227103,AP-N203-F102,0.037364635616541,0.037364635616541,128.14039611816,272.85000610352
10-APR-2024,1.3169731269799,6970,M84,0.69680458307266,227103,AP-N204-F102,0.038231398910284,0.038231398910284,116.86178588867,272.85000610352
10-APR-2024,1.3532231263043,6974,M84,0.70329654216766,215103,AP-N201-F101,0.035761445760727,0.035761445760727,123.15785980225,272.85000610352
10-APR-2024,1.3532231263043,6974,M84,0.70329654216766,215103,AP-N202-F101,0.036407623440027,0.036407623440027,112.04540252686,272.85000610352
10-APR-2024,1.3532231263043,6974,M84,0.70329654216766,227103,AP-N203-F102,0.037364635616541,0.037364635616541,128.14039611816,272.85000610352
10-APR-2024,1.3532231263043,6974,M84,0.70329654216766,227103,AP-N204-F102,0.038231398910284,0.038231398910284,116.86178588867,272.85000610352
10-APR-2024,1.4619731249758,6979,3C279,0.81379628181458,215103,AP-N201-F101,0.034485418349504,0.034485418349504,120.24699401855,272.75
10-APR-2024,1.4619731249758,6979,3C279,0.81379628181458,215103,AP-N202-F101,0.035367880016565,0.035367880016565,109.18516540527,272.75
10-APR-2024,1.4619731249758,6979,3C279,0.81379628181458,227103,AP-N203-F102,0.035942550748587,0.035942550748587,124.75183105469,272.75
10-APR-2024,1.4619731249758,6979,3C279,0.81379628181458,227103,AP-N204-F102,0.036999881267548,0.036999881267548,113.70531463623,272.75
10-APR-2024,1.4826675711875,6983,3C279,0.81858479976654,215103,AP-N201-F101,0.034485418349504,0.034485418349504,120.24699401855,272.75
10-APR-2024,1.4826675711875,6983,3C279,0.81858479976654,215103,AP-N202-F101,0.035367880016565,0.035367880016565,109.18516540527,272.75
10-APR-2024,1.4826675711875,6983,3C279,0.81858479976654,227103,AP-N203-F102,0.035942550748587,0.035942550748587,124.75183105469,272.75
10-APR-2024,1.4826675711875,6983,3C279,0.81858479976654,227103,AP-N204-F102,0.036999881267548,0.036999881267548,113.70531463623,272.75
10-APR-2024,1.5526675713701,6990,SOMBRERO,0.94181716442108,215103,AP-N201-F101,0.027446852996945,0.027446852996945,115.10108184814,272.25
10-APR-2024,1.5526675713701,6990,SOMBRERO,0.94181716442108,215103,AP-N202-F101,0.028784057125449,0.028784057125449,104.23610687256,272.25
10-APR-2024,1.5526675713701,6990,SOMBRERO,0.94181716442108,227103,AP-N203-F102,0.028040179982781,0.028040179982781,119.13413238525,272.25
10-APR-2024,1.5526675713701,6990,SOMBRERO,0.94181716442108,227103,AP-N204-F102,0.029961375519633,0.029961375519633,108.47013092041,272.25
10-APR-2024,1.727851151133,6997,3C273,0.89209216833115,215103,AP-N201-F101,0.025281133130193,0.025281133130193,114.34603118896,272.64999389648
10-APR-2024,1.727851151133,6997,3C273,0.89209216833115,215103,AP-N202-F101,0.026319529861212,0.026319529861212,103.79131317139,272.64999389648
10-APR-2024,1.727851151133,6997,3C273,0.89209216833115,227103,AP-N203-F102,0.026152219623327,0.026152219623327,118.58043670654,272.64999389648
10-APR-2024,1.727851151133,6997,3C273,0.89209216833115,227103,AP-N204-F102,0.027662931010127,0.027662931010127,107.87100982666,272.64999389648
10-APR-2024,1.7532678215009,7001,3C273,0.89706248044968,215103,AP-N201-F101,0.025281133130193,0.025281133130193,114.34603118896,272.64999389648
10-APR-2024,1.7532678215009,7001,3C273,0.89706248044968,215103,AP-N202-F101,0.026319529861212,0.026319529861212,103.79131317139,272.64999389648
10-APR-2024,1.7532678215009,7001,3C273,0.89706248044968,227103,AP-N203-F102,0.026152219623327,0.026152219623327,118.58043670654,272.64999389648
10-APR-2024,1.7532678215009,7001,3C273,0.89706248044968,227103,AP-N204-F102,0.027662931010127,0.027662931010127,107.87100982666,272.64999389648
10-APR-2024,1.8206289336861,7006,M87,0.77336233854294,215103,AP-N201-F101,0.024887975305319,0.024887975305319,115.46753692627,272.75
10-APR-2024,1.8206289336861,7006,M87,0.77336233854294,215103,AP-N202-F101,0.025619458407164,0.025619458407164,104.60227966309,272.75
10-APR-2024,1.8206289336861,7006,M87,0.77336233854294,227103,AP-N203-F102,0.025467434898019,0.025467434898019,119.81000518799,272.75
10-APR-2024,1.8206289336861,7006,M87,0.77336233854294,227103,AP-N204-F102,0.026770314201713,0.026770314201713,108.83417510986,272.75
10-APR-2024,1.8446567085666,7010,M87,0.77727353572845,215103,AP-N201-F101,0.024887975305319,0.024887975305319,115.46753692627,272.75
10-APR-2024,1.8446567085666,7010,M87,0.77727353572845,215103,AP-N202-F101,0.025619458407164,0.025619458407164,104.60227966309,272.75
10-APR-2024,1.8446567085666,7010,M87,0.77727353572845,227103,AP-N203-F102,0.025467434898019,0.025467434898019,119.81000518799,272.75
10-APR-2024,1.8446567085666,7010,M87,0.77727353572845,227103,AP-N204-F102,0.026770314201713,0.026770314201713,108.83417510986,272.75
10-APR-2024,1.8866011537018,7016,M84,0.79220777750015,215103,AP-N201-F101,0.024887975305319,0.024887975305319,115.46753692627,272.75
10-APR-2024,1.8866011537018,7016,M84,0.79220777750015,215103,AP-N202-F101,0.025619458407164,0.025619458407164,104.60227966309,272.75
10-APR-2024,1.8866011537018,7016,M84,0.79220777750015,227103,AP-N203-F102,0.025467434898019,0.025467434898019,119.81000518799,272.75
10-APR-2024,1.8866011537018,7016,M84,0.79220777750015,227103,AP-N204-F102,0.026770314201713,0.026770314201713,108.83417510986,272.75
10-APR-2024,1.9506289267409,7019,M84,0.80193293094635,215103,AP-N201-F101,0.02267394028604,0.02267394028604,114.03372192383,273.45001220703
10-APR-2024,1.9506289267409,7019,M84,0.80193293094635,215103,AP-N202-F101,0.023718472570181,0.023718472570181,103.33689117432,273.45001220703
10-APR-2024,1.9506289267409,7019,M84,0.80193293094635,227103,AP-N203-F102,0.023069258779287,0.023069258779287,118.25121307373,273.45001220703
10-APR-2024,1.9506289267409,7019,M84,0.80193293094635,227103,AP-N204-F102,0.024752013385296,0.024752013385296,107.36644744873,273.45001220703
10-APR-2024,1.9860455963864,7023,M84,0.8072110414505,215103,AP-N201-F101,0.02267394028604,0.02267394028604,114.03372192383,273.45001220703
10-APR-2024,1.9860455963864,7023,M84,0.8072110414505,215103,AP-N202-F101,0.023718472570181,0.023718472570181,103.33689117432,273.45001220703
10-APR-2024,1.9860455963864,7023,M84,0.8072110414505,227103,AP-N203-F102,0.023069258779287,0.023069258779287,118.25121307373,273.45001220703
10-APR-2024,1.9860455963864,7023,M84,0.8072110414505,227103,AP-N204-F102,0.024752013385296,0.024752013385296,107.36644744873,273.45001220703
10-APR-2024,2.0947955968041,7028,3C279,0.95723927021027,215103,AP-N201-F101,0.017940081655979,0.017940081655979,110.6008682251,274.25
10-APR-2024,2.0947955968041,7028,3C279,0.95723927021027,215103,AP-N202-F101,0.019398348405957,0.019398348405957,100.09244537354,274.25
10-APR-2024,2.0947955968041,7028,3C279,0.95723927021027,227103,AP-N203-F102,0.017920764163136,0.017920764163136,114.35595703125,274.25
10-APR-2024,2.0947955968041,7028,3C279,0.95723927021027,227103,AP-N204-F102,0.019562909379601,0.019562909379601,103.7483215332,274.25
10-APR-2024,2.1157678178874,7032,3C279,0.96185994148254,215103,AP-N201-F101,0.017940081655979,0.017940081655979,110.6008682251,274.25
10-APR-2024,2.1157678178874,7032,3C279,0.96185994148254,215103,AP-N202-F101,0.019398348405957,0.019398348405957,100.09244537354,274.25
10-APR-2024,2.1157678178874,7032,3C279,0.96185994148254,227103,AP-N203-F102,0.017920764163136,0.017920764163136,114.35595703125,274.25
10-APR-2024,2.1157678178874,7032,3C279,0.96185994148254,227103,AP-N204-F102,0.019562909379601,0.019562909379601,103.7483215332,274.25
10-APR-2024,2.1866011491458,7039,SOMBRERO,1.0893223285675,215103,AP-N201-F101,0.01484948117286,0.01484948117286,108.807472229,274.45001220703
10-APR-2024,2.1866011491458,7039,SOMBRERO,1.0893223285675,215103,AP-N202-F101,0.016830353066325,0.016830353066325,98.27904510498,274.45001220703
10-APR-2024,2.1866011491458,7039,SOMBRERO,1.0893223285675,227103,AP-N203-F102,0.014583663083613,0.014583663083613,112.3504486084,274.45001220703
10-APR-2024,2.1866011491458,7039,SOMBRERO,1.0893223285675,227103,AP-N204-F102,0.017004393041134,0.017004393041134,101.92344665527,274.45001220703
10-APR-2024,2.3616473395635,7046,3C273,1.0067913532257,215103,AP-N201-F101,0.015536282211542,0.015536282211542,109.21542358398,274.25
10-APR-2024,2.3616473395635,7046,3C273,1.0067913532257,215103,AP-N202-F101,0.017906961962581,0.017906961962581,98.747482299805,274.25
10-APR-2024,2.3616473395635,7046,3C273,1.0067913532257,227103,AP-N203-F102,0.015635460615158,0.015635460615158,112.84299468994,274.25
10-APR-2024,2.3616473395635,7046,3C273,1.0067913532257,227103,AP-N204-F102,0.017682276666164,0.017682276666164,102.4719619751,274.25
10-APR-2024,2.3870640066135,7050,3C273,1.0109032392502,215103,AP-N201-F101,0.015536282211542,0.015536282211542,109.21542358398,274.25
10-APR-2024,2.3870640066135,7050,3C273,1.0109032392502,215103,AP-N202-F101,0.017906961962581,0.017906961962581,98.747482299805,274.25
10-APR-2024,2.3870640066135,7050,3C273,1.0109032392502,227103,AP-N203-F102,0.015635460615158,0.015635460615158,112.84299468994,274.25
10-APR-2024,2.3870640066135,7050,3C273,1.0109032392502,227103,AP-N204-F102,0.017682276666164,0.017682276666164,102.4719619751,274.25
10-APR-2024,2.4544251236882,7055,M87,0.86563616991043,215103,AP-N201-F101,0.018128214403987,0.018128214403987,111.30123138428,274.54998779297
10-APR-2024,2.4544251236882,7055,M87,0.86563616991043,215103,AP-N202-F101,0.020050281658769,0.020050281658769,100.7438583374,274.54998779297
10-APR-2024,2.4544251236882,7055,M87,0.86563616991043,227103,AP-N203-F102,0.018483839929104,0.018483839929104,115.20314788818,274.54998779297
10-APR-2024,2.4544251236882,7055,M87,0.86563616991043,227103,AP-N204-F102,0.020178340375423,0.020178340375423,104.5669708252,274.54998779297
10-APR-2024,2.4781751207285,7059,M87,0.86859565973282,215103,AP-N201-F101,0.018128214403987,0.018128214403987,111.30123138428,274.54998779297
10-APR-2024,2.4781751207285,7059,M87,0.86859565973282,215103,AP-N202-F101,0.020050281658769,0.020050281658769,100.7438583374,274.54998779297
10-APR-2024,2.4781751207285,7059,M87,0.86859565973282,227103,AP-N203-F102,0.018483839929104,0.018483839929104,115.20314788818,274.54998779297
10-APR-2024,2.4781751207285,7059,M87,0.86859565973282,227103,AP-N204-F102,0.020178340375423,0.020178340375423,104.5669708252,274.54998779297
10-APR-2024,2.5192862292,7065,M84,0.87707012891769,215103,AP-N201-F101,0.018128214403987,0.018128214403987,111.30123138428,274.54998779297
10-APR-2024,2.5192862292,7065,M84,0.87707012891769,215103,AP-N202-F101,0.020050281658769,0.020050281658769,100.7438583374,274.54998779297
10-APR-2024,2.5192862292,7065,M84,0.87707012891769,227103,AP-N203-F102,0.018483839929104,0.018483839929104,115.20314788818,274.54998779297
10-APR-2024,2.5192862292,7065,M84,0.87707012891769,227103,AP-N204-F102,0.020178340375423,0.020178340375423,104.5669708252,274.54998779297
10-APR-2024,2.583314009224,7068,M84,0.8840988278389,215103,AP-N201-F101,0.018842246383429,0.018842246383429,111.14741516113,274.54998779297
10-APR-2024,2.583314009224,7068,M84,0.8840988278389,215103,AP-N202-F101,0.019523987546563,0.019523987546563,100.27130126953,274.54998779297
10-APR-2024,2.583314009224,7068,M84,0.8840988278389,227103,AP-N203-F102,0.018949471414089,0.018949471414089,114.95037841797,274.54998779297
10-APR-2024,2.583314009224,7068,M84,0.8840988278389,227103,AP-N204-F102,0.0197001285851,0.0197001285851,104.26361846924,274.54998779297
10-APR-2024,2.6206751188612,7072,M84,0.88804721832275,215103,AP-N201-F101,0.018842246383429,0.018842246383429,111.14741516113,274.54998779297
10-APR-2024,2.6206751188612,7072,M84,0.88804721832275,215103,AP-N202-F101,0.019523987546563,0.019523987546563,100.27130126953,274.54998779297
10-APR-2024,2.6206751188612,7072,M84,0.88804721832275,227103,AP-N203-F102,0.018949471414089,0.018949471414089,114.95037841797,274.54998779297
10-APR-2024,2.6206751188612,7072,M84,0.88804721832275,227103,AP-N204-F102,0.0197001285851,0.0197001285851,104.26361846924,274.54998779297
10-APR-2024,2.7285917873301,7077,3C279,1.0908033847809,215103,AP-N201-F101,0.015559020452201,0.015559020452201,108.65044403076,274.75
10-APR-2024,2.7285917873301,7077,3C279,1.0908033847809,215103,AP-N202-F101,0.016795272007585,0.016795272007585,98.014938354492,274.75
10-APR-2024,2.7285917873301,7077,3C279,1.0908033847809,227103,AP-N203-F102,0.01517493929714,0.01517493929714,112.28996276855,274.75
10-APR-2024,2.7285917873301,7077,3C279,1.0908033847809,227103,AP-N204-F102,0.016063572838902,0.016063572838902,101.65353393555,274.75
10-APR-2024,2.748175117117,7081,3C279,1.0946714878082,215103,AP-N201-F101,0.015559020452201,0.015559020452201,108.65044403076,274.75
10-APR-2024,2.748175117117,7081,3C279,1.0946714878082,215103,AP-N202-F101,0.016795272007585,0.016795272007585,98.014938354492,274.75
10-APR-2024,2.748175117117,7081,3C279,1.0946714878082,227103,AP-N203-F102,0.01517493929714,0.01517493929714,112.28996276855,274.75
10-APR-2024,2.748175117117,7081,3C279,1.0946714878082,227103,AP-N204-F102,0.016063572838902,0.016063572838902,101.65353393555,274.75
10-APR-2024,2.8198417825944,7088,SOMBRERO,1.2275322675705,215103,AP-N201-F101,0.013295159675181,0.013295159675181,107.47086334229,273.54998779297
10-APR-2024,2.8198417825944,7088,SOMBRERO,1.2275322675705,215103,AP-N202-F101,0.014796694740653,0.014796694740653,96.962539672852,273.54998779297
10-APR-2024,2.8198417825944,7088,SOMBRERO,1.2275322675705,227103,AP-N203-F102,0.013417908921838,0.013417908921838,111.07390594482,273.54998779297
10-APR-2024,2.8198417825944,7088,SOMBRERO,1.2275322675705,227103,AP-N204-F102,0.014062914066017,0.014062914066017,100.47298431396,273.54998779297
10-APR-2024,2.9941472504404,7094,3C273,1.0931723117828,215103,AP-N201-F101,0.015757169574499,0.015757169574499,108.65528869629,273.54998779297
10-APR-2024,2.9941472504404,7094,3C273,1.0931723117828,215103,AP-N202-F101,0.017192861065269,0.017192861065269,97.955528259277,273.54998779297
10-APR-2024,2.9941472504404,7094,3C273,1.0931723117828,227103,AP-N203-F102,0.015416557900608,0.015416557900608,112.3151550293,273.54998779297
10-APR-2024,2.9941472504404,7094,3C273,1.0931723117828,227103,AP-N204-F102,0.016401752829552,0.016401752829552,101.63321685791,273.54998779297
10-APR-2024,3.0192861387771,7098,3C273,1.0957888364792,215103,AP-N201-F101,0.015757169574499,0.015757169574499,108.65528869629,273.54998779297
10-APR-2024,3.0192861387771,7098,3C273,1.0957888364792,215103,AP-N202-F101,0.017192861065269,0.017192861065269,97.955528259277,273.54998779297
10-APR-2024,3.0192861387771,7098,3C273,1.0957888364792,227103,AP-N203-F102,0.015416557900608,0.015416557900608,112.3151550293,273.54998779297
10-APR-2024,3.0192861387771,7098,3C273,1.0957888364792,227103,AP-N204-F102,0.016401752829552,0.016401752829552,101.63321685791,273.54998779297
10-APR-2024,3.0877583600529,7103,M87,0.9291757941246,215103,AP-N201-F101,0.017982009798288,0.017982009798288,110.5358581543,274.14999389648
10-APR-2024,3.0877583600529,7103,M87,0.9291757941246,215103,AP-N202-F101,0.018787533044815,0.018787533044815,99.697227478027,274.14999389648
10-APR-2024,3.0877583600529,7103,M87,0.9291757941246,227103,AP-N203-F102,0.018196722492576,0.018196722492576,114.16513824463,274.14999389648
10-APR-2024,3.0877583600529,7103,M87,0.9291757941246,227103,AP-N204-F102,0.018823407590389,0.018823407590389,103.59119415283,274.14999389648
10-APR-2024,3.1117861372035,7107,M87,0.93089497089386,215103,AP-N201-F101,0.017982009798288,0.017982009798288,110.5358581543,274.14999389648
10-APR-2024,3.1117861372035,7107,M87,0.93089497089386,215103,AP-N202-F101,0.018787533044815,0.018787533044815,99.697227478027,274.14999389648
10-APR-2024,3.1117861372035,7107,M87,0.93089497089386,227103,AP-N203-F102,0.018196722492576,0.018196722492576,114.16513824463,274.14999389648
10-APR-2024,3.1117861372035,7107,M87,0.93089497089386,227103,AP-N204-F102,0.018823407590389,0.018823407590389,103.59119415283,274.14999389648
10-APR-2024,3.1526194709781,7113,M84,0.93116956949234,215103,AP-N201-F101,0.017982009798288,0.017982009798288,110.5358581543,274.14999389648
10-APR-2024,3.1526194709781,7113,M84,0.93116956949234,215103,AP-N202-F101,0.018787533044815,0.018787533044815,99.697227478027,274.14999389648
10-APR-2024,3.1526194709781,7113,M84,0.93116956949234,227103,AP-N203-F102,0.018196722492576,0.018196722492576,114.16513824463,274.14999389648
10-APR-2024,3.1526194709781,7113,M84,0.93116956949234,227103,AP-N204-F102,0.018823407590389,0.018823407590389,103.59119415283,274.14999389648
10-APR-2024,3.2166472501289,7116,M84,0.93457627296448,215103,AP-N201-F101,0.01839293166995,0.01839293166995,110.65828704834,273.95001220703
10-APR-2024,3.2166472501289,7116,M84,0.93457627296448,215103,AP-N202-F101,0.019684372469783,0.019684372469783,99.878578186035,273.95001220703
10-APR-2024,3.2166472501289,7116,M84,0.93457627296448,227103,AP-N203-F102,0.01836390979588,0.01836390979588,114.46382141113,273.95001220703
10-APR-2024,3.2166472501289,7116,M84,0.93457627296448,227103,AP-N204-F102,0.019339013844728,0.019339013844728,103.72124481201,273.95001220703
10-APR-2024,3.2528972494533,7120,M84,0.93631970882416,215103,AP-N201-F101,0.01839293166995,0.01839293166995,110.65828704834,273.95001220703
10-APR-2024,3.2528972494533,7120,M84,0.93631970882416,215103,AP-N202-F101,0.019684372469783,0.019684372469783,99.878578186035,273.95001220703
10-APR-2024,3.2528972494533,7120,M84,0.93631970882416,227103,AP-N203-F102,0.01836390979588,0.01836390979588,114.46382141113,273.95001220703
10-APR-2024,3.2528972494533,7120,M84,0.93631970882416,227103,AP-N204-F102,0.019339013844728,0.019339013844728,103.72124481201,273.95001220703
10-APR-2024,3.361091692619,7125,3C279,1.2024873495102,215103,AP-N201-F101,0.013731177896261,0.013731177896261,107.68522644043,274.25
10-APR-2024,3.361091692619,7125,3C279,1.2024873495102,215103,AP-N202-F101,0.015252730809152,0.015252730809152,97.128601074219,274.25
10-APR-2024,3.361091692619,7125,3C279,1.2024873495102,227103,AP-N203-F102,0.013376955874264,0.013376955874264,111.24614715576,274.25
10-APR-2024,3.361091692619,7125,3C279,1.2024873495102,227103,AP-N204-F102,0.014372838661075,0.014372838661075,100.69409942627,274.25
10-APR-2024,3.381786137783,7129,3C279,1.205534696579,215103,AP-N201-F101,0.013731177896261,0.013731177896261,107.68522644043,274.25
10-APR-2024,3.381786137783,7129,3C279,1.205534696579,215103,AP-N202-F101,0.015252730809152,0.015252730809152,97.128601074219,274.25
10-APR-2024,3.381786137783,7129,3C279,1.205534696579,227103,AP-N203-F102,0.013376955874264,0.013376955874264,111.24614715576,274.25
10-APR-2024,3.381786137783,7129,3C279,1.205534696579,227103,AP-N204-F102,0.014372838661075,0.014372838661075,100.69409942627,274.25
10-APR-2024,3.4534527999426,7136,SOMBRERO,1.3389914035797,215103,AP-N201-F101,0.011901259422302,0.011901259422302,106.86323547363,273.95001220703
10-APR-2024,3.4534527999426,7136,SOMBRERO,1.3389914035797,215103,AP-N202-F101,0.013330196030438,0.013330196030438,96.351280212402,273.95001220703
10-APR-2024,3.4534527999426,7136,SOMBRERO,1.3389914035797,227103,AP-N203-F102,0.011355402879417,0.011355402879417,110.33255767822,273.95001220703
10-APR-2024,3.4534527999426,7136,SOMBRERO,1.3389914035797,227103,AP-N204-F102,0.012691391631961,0.012691391631961,99.899253845215,273.95001220703
10-APR-2024,3.6277582447384,7142,3C273,1.1343985795975,215103,AP-N201-F101,0.014741496182978,0.014741496182978,108.04070281982,274.54998779297
10-APR-2024,3.6277582447384,7142,3C273,1.1343985795975,215103,AP-N202-F101,0.016027674078941,0.016027674078941,97.608459472656,274.54998779297
10-APR-2024,3.6277582447384,7142,3C273,1.1343985795975,227103,AP-N203-F102,0.014522680081427,0.014522680081427,111.6819152832,274.54998779297
10-APR-2024,3.6277582447384,7142,3C273,1.1343985795975,227103,AP-N204-F102,0.015236699953675,0.015236699953675,101.14189147949,274.54998779297
10-APR-2024,3.6526193557587,7146,3C273,1.1348618268967,215103,AP-N201-F101,0.014741496182978,0.014741496182978,108.04070281982,274.54998779297
10-APR-2024,3.6526193557587,7146,3C273,1.1348618268967,215103,AP-N202-F101,0.016027674078941,0.016027674078941,97.608459472656,274.54998779297
10-APR-2024,3.6526193557587,7146,3C273,1.1348618268967,227103,AP-N203-F102,0.014522680081427,0.014522680081427,111.6819152832,274.54998779297
10-APR-2024,3.6526193557587,7146,3C273,1.1348618268967,227103,AP-N204-F102,0.015236699953675,0.015236699953675,101.14189147949,274.54998779297
10-APR-2024,3.7210915773838,7151,M87,0.95508718490601,215103,AP-N201-F101,0.017048915848136,0.017048915848136,109.85227966309,274.64999389648
10-APR-2024,3.7210915773838,7151,M87,0.95508718490601,215103,AP-N202-F101,0.018359722569585,0.018359722569585,99.22159576416,274.64999389648
10-APR-2024,3.7210915773838,7151,M87,0.95508718490601,227103,AP-N203-F102,0.01713121496141,0.01713121496141,113.56420898438,274.64999389648
10-APR-2024,3.7210915773838,7151,M87,0.95508718490601,227103,AP-N204-F102,0.017915474250913,0.017915474250913,102.99966430664,274.64999389648
10-APR-2024,3.7451193541852,7155,M87,0.95524305105209,215103,AP-N201-F101,0.017048915848136,0.017048915848136,109.85227966309,274.64999389648
10-APR-2024,3.7451193541852,7155,M87,0.95524305105209,215103,AP-N202-F101,0.018359722569585,0.018359722569585,99.22159576416,274.64999389648
10-APR-2024,3.7451193541852,7155,M87,0.95524305105209,227103,AP-N203-F102,0.01713121496141,0.01713121496141,113.56420898438,274.64999389648
10-APR-2024,3.7451193541852,7155,M87,0.95524305105209,227103,AP-N204-F102,0.017915474250913,0.017915474250913,102.99966430664,274.64999389648
10-APR-2024,3.7862304654506,7161,M84,0.94630569219589,215103,AP-N201-F101,0.017048915848136,0.017048915848136,109.85227966309,274.64999389648
10-APR-2024,3.7862304654506,7161,M84,0.94630569219589,215103,AP-N202-F101,0.018359722569585,0.018359722569585,99.22159576416,274.64999389648
10-APR-2024,3.7862304654506,7161,M84,0.94630569219589,227103,AP-N203-F102,0.01713121496141,0.01713121496141,113.56420898438,274.64999389648
10-APR-2024,3.7862304654506,7161,M84,0.94630569219589,227103,AP-N204-F102,0.017915474250913,0.017915474250913,102.99966430664,274.64999389648
10-APR-2024,3.8499804646658,7164,M84,0.94549840688705,215103,AP-N201-F101,0.017075411975384,0.017075411975384,109.95278167725,274.04998779297
10-APR-2024,3.8499804646658,7164,M84,0.94549840688705,215103,AP-N202-F101,0.01836184412241,0.01836184412241,99.333374023437,274.04998779297
10-APR-2024,3.8499804646658,7164,M84,0.94549840688705,227103,AP-N203-F102,0.017093118280172,0.017093118280172,113.78678131104,274.04998779297
10-APR-2024,3.8499804646658,7164,M84,0.94549840688705,227103,AP-N204-F102,0.017878467217088,0.017878467217088,103.07236480713,274.04998779297
10-APR-2024,3.8862304643394,7168,M84,0.94484424591064,215103,AP-N201-F101,0.017075411975384,0.017075411975384,109.95278167725,274.04998779297
10-APR-2024,3.8862304643394,7168,M84,0.94484424591064,215103,AP-N202-F101,0.01836184412241,0.01836184412241,99.333374023437,274.04998779297
10-APR-2024,3.8862304643394,7168,M84,0.94484424591064,227103,AP-N203-F102,0.017093118280172,0.017093118280172,113.78678131104,274.04998779297
10-APR-2024,3.8862304643394,7168,M84,0.94484424591064,227103,AP-N204-F102,0.017878467217088,0.017878467217088,103.07236480713,274.04998779297
10-APR-2024,3.9941471294904,7173,3C279,1.2674161195755,215103,AP-N201-F101,0.01286602485925,0.01286602485925,107.22592163086,273.95001220703
10-APR-2024,3.9941471294904,7173,3C279,1.2674161195755,215103,AP-N202-F101,0.014005484990776,0.014005484990776,96.735298156738,273.95001220703
10-APR-2024,3.9941471294904,7173,3C279,1.2674161195755,227103,AP-N203-F102,0.012109908275306,0.012109908275306,110.72087860107,273.95001220703
10-APR-2024,3.9941471294904,7173,3C279,1.2674161195755,227103,AP-N204-F102,0.013042238540947,0.013042238540947,100.0978012085,273.95001220703
10-APR-2024,4.0156749081749,7177,3C279,1.2683730125427,215103,AP-N201-F101,0.01286602485925,0.01286602485925,107.22592163086,273.95001220703
10-APR-2024,4.0156749081749,7177,3C279,1.2683730125427,215103,AP-N202-F101,0.014005484990776,0.014005484990776,96.735298156738,273.95001220703
10-APR-2024,4.0156749081749,7177,3C279,1.2683730125427,227103,AP-N203-F102,0.012109908275306,0.012109908275306,110.72087860107,273.95001220703
10-APR-2024,4.0156749081749,7177,3C279,1.2683730125427,227103,AP-N204-F102,0.013042238540947,0.013042238540947,100.0978012085,273.95001220703
10-APR-2024,4.086786020242,7184,SOMBRERO,1.3713774681091,215103,AP-N201-F101,0.01168299280107,0.01168299280107,106.74775695801,274.35000610352
10-APR-2024,4.086786020242,7184,SOMBRERO,1.3713774681091,215103,AP-N202-F101,0.013406700454652,0.013406700454652,96.328926086426,274.35000610352
10-APR-2024,4.086786020242,7184,SOMBRERO,1.3713774681091,227103,AP-N203-F102,0.011400528252125,0.011400528252125,110.17409515381,274.35000610352
10-APR-2024,4.086786020242,7184,SOMBRERO,1.3713774681091,227103,AP-N204-F102,0.012662596069276,0.012662596069276,99.784492492676,274.35000610352
10-APR-2024,4.2283414058357,7190,3C273,1.1199879646301,215103,AP-N201-F101,0.01491439063102,0.01491439063102,108.36080169678,274.25
10-APR-2024,4.2283414058357,7190,3C273,1.1199879646301,215103,AP-N202-F101,0.016350205987692,0.016350205987692,97.7841796875,274.25
10-APR-2024,4.2283414058357,7190,3C273,1.1199879646301,227103,AP-N203-F102,0.01472488604486,0.01472488604486,111.88953399658,274.25
10-APR-2024,4.2283414058357,7190,3C273,1.1199879646301,227103,AP-N204-F102,0.015658069401979,0.015658069401979,101.30937194824,274.25
10-APR-2024,4.2529247411113,7194,3C273,1.1182919740677,215103,AP-N201-F101,0.01491439063102,0.01491439063102,108.36080169678,274.25
10-APR-2024,4.2529247411113,7194,3C273,1.1182919740677,215103,AP-N202-F101,0.016350205987692,0.016350205987692,97.7841796875,274.25
10-APR-2024,4.2529247411113,7194,3C273,1.1182919740677,227103,AP-N203-F102,0.01472488604486,0.01472488604486,111.88953399658,274.25
10-APR-2024,4.2529247411113,7194,3C273,1.1182919740677,227103,AP-N204-F102,0.015658069401979,0.015658069401979,101.30937194824,274.25
10-APR-2024,4.3213969606409,7199,M87,0.94059562683105,215103,AP-N201-F101,0.01732849702239,0.01732849702239,109.99343109131,274.45001220703
10-APR-2024,4.3213969606409,7199,M87,0.94059562683105,215103,AP-N202-F101,0.01805136911571,0.01805136911571,99.303268432617,274.45001220703
10-APR-2024,4.3213969606409,7199,M87,0.94059562683105,227103,AP-N203-F102,0.017185002565384,0.017185002565384,113.70188903809,274.45001220703
10-APR-2024,4.3213969606409,7199,M87,0.94059562683105,227103,AP-N204-F102,0.017889676615596,0.017889676615596,103.15173339844,274.45001220703
10-APR-2024,4.344313625907,7203,M87,0.93930101394653,215103,AP-N201-F101,0.01732849702239,0.01732849702239,109.99343109131,274.45001220703
10-APR-2024,4.344313625907,7203,M87,0.93930101394653,215103,AP-N202-F101,0.01805136911571,0.01805136911571,99.303268432617,274.45001220703
10-APR-2024,4.344313625907,7203,M87,0.93930101394653,227103,AP-N203-F102,0.017185002565384,0.017185002565384,113.70188903809,274.45001220703
10-APR-2024,4.344313625907,7203,M87,0.93930101394653,227103,AP-N204-F102,0.017889676615596,0.017889676615596,103.15173339844,274.45001220703
10-APR-2024,4.386535850454,7209,M84,0.92210358381271,215103,AP-N201-F101,0.01732849702239,0.01732849702239,109.99343109131,274.45001220703
10-APR-2024,4.386535850454,7209,M84,0.92210358381271,215103,AP-N202-F101,0.01805136911571,0.01805136911571,99.303268432617,274.45001220703
10-APR-2024,4.386535850454,7209,M84,0.92210358381271,227103,AP-N203-F102,0.017185002565384,0.017185002565384,113.70188903809,274.45001220703
10-APR-2024,4.386535850454,7209,M84,0.92210358381271,227103,AP-N204-F102,0.017889676615596,0.017889676615596,103.15173339844,274.45001220703
10-APR-2024,4.450285846526,7212,M84,0.91744482517242,215103,AP-N201-F101,0.01765869371593,0.01765869371593,110.35329437256,273.45001220703
10-APR-2024,4.450285846526,7212,M84,0.91744482517242,215103,AP-N202-F101,0.018806511536241,0.018806511536241,99.775726318359,273.45001220703
10-APR-2024,4.450285846526,7212,M84,0.91744482517242,227103,AP-N203-F102,0.017937121912837,0.017937121912837,114.20342254639,273.45001220703
10-APR-2024,4.450285846526,7212,M84,0.91744482517242,227103,AP-N204-F102,0.018596991896629,0.018596991896629,103.5203704834,273.45001220703
10-APR-2024,4.4862580701056,7216,M84,0.91464626789093,215103,AP-N201-F101,0.01765869371593,0.01765869371593,110.35329437256,273.45001220703
10-APR-2024,4.4862580701056,7216,M84,0.91464626789093,215103,AP-N202-F101,0.018806511536241,0.018806511536241,99.775726318359,273.45001220703
10-APR-2024,4.4862580701056,7216,M84,0.91464626789093,227103,AP-N203-F102,0.017937121912837,0.017937121912837,114.20342254639,273.45001220703
10-APR-2024,4.4862580701056,7216,M84,0.91464626789093,227103,AP-N204-F102,0.018596991896629,0.018596991896629,103.5203704834,273.45001220703
10-APR-2024,4.5941747350819,7221,3C279,1.2576315402985,215103,AP-N201-F101,0.013336207717657,0.013336207717657,107.39492797852,273.54998779297
10-APR-2024,4.5941747350819,7221,3C279,1.2576315402985,215103,AP-N202-F101,0.014839272946119,0.014839272946119,96.870063781738,273.54998779297
10-APR-2024,4.5941747350819,7221,3C279,1.2576315402985,227103,AP-N203-F102,0.012902502901852,0.012902502901852,110.95709991455,273.54998779297
10-APR-2024,4.5941747350819,7221,3C279,1.2576315402985,227103,AP-N204-F102,0.014099406078458,0.014099406078458,100.49369049072,273.54998779297
10-APR-2024,4.6154247354024,7225,3C279,1.2559431791306,215103,AP-N201-F101,0.013336207717657,0.013336207717657,107.39492797852,273.54998779297
10-APR-2024,4.6154247354024,7225,3C279,1.2559431791306,215103,AP-N202-F101,0.014839272946119,0.014839272946119,96.870063781738,273.54998779297
10-APR-2024,4.6154247354024,7225,3C279,1.2559431791306,227103,AP-N203-F102,0.012902502901852,0.012902502901852,110.95709991455,273.54998779297
10-APR-2024,4.6154247354024,7225,3C279,1.2559431791306,227103,AP-N204-F102,0.014099406078458,0.014099406078458,100.49369049072,273.54998779297
10-APR-2024,4.6868136249605,7232,SOMBRERO,1.3010214567184,215103,AP-N201-F101,0.013030285947025,0.013030285947025,107.23701477051,273.85000610352
10-APR-2024,4.6868136249605,7232,SOMBRERO,1.3010214567184,215103,AP-N202-F101,0.014818820171058,0.014818820171058,96.740440368652,273.85000610352
10-APR-2024,4.6868136249605,7232,SOMBRERO,1.3010214567184,227103,AP-N203-F102,0.012964202091098,0.012964202091098,110.85133361816,273.85000610352
10-APR-2024,4.6868136249605,7232,SOMBRERO,1.3010214567184,227103,AP-N204-F102,0.013653882779181,0.013653882779181,100.21322631836,273.85000610352
10-APR-2024,4.7944525126205,7237,3C273,1.062379360199,215103,AP-N201-F101,0.015883004292846,0.015883004292846,108.72631835938,273.95001220703
10-APR-2024,4.7944525126205,7237,3C273,1.062379360199,215103,AP-N202-F101,0.016959771513939,0.016959771513939,98.095176696777,273.95001220703
10-APR-2024,4.7944525126205,7237,3C273,1.062379360199,227103,AP-N203-F102,0.015448605641723,0.015448605641723,112.49021148682,273.95001220703
10-APR-2024,4.7944525126205,7237,3C273,1.062379360199,227103,AP-N204-F102,0.016182783991098,0.016182783991098,101.79140472412,273.95001220703
10-APR-2024,4.8201469568122,7241,3C273,1.0589443445206,215103,AP-N201-F101,0.015883004292846,0.015883004292846,108.72631835938,273.95001220703
10-APR-2024,4.8201469568122,7241,3C273,1.0589443445206,215103,AP-N202-F101,0.016959771513939,0.016959771513939,98.095176696777,273.95001220703
10-APR-2024,4.8201469568122,7241,3C273,1.0589443445206,227103,AP-N203-F102,0.015448605641723,0.015448605641723,112.49021148682,273.95001220703
10-APR-2024,4.8201469568122,7241,3C273,1.0589443445206,227103,AP-N204-F102,0.016182783991098,0.016182783991098,101.79140472412,273.95001220703
10-APR-2024,4.8875080658542,7246,M87,0.8941822052002,215103,AP-N201-F101,0.018780972808599,0.018780972808599,110.79106140137,273.95001220703
10-APR-2024,4.8875080658542,7246,M87,0.8941822052002,215103,AP-N202-F101,0.019793873652816,0.019793873652816,100.16413879395,273.95001220703
10-APR-2024,4.8875080658542,7246,M87,0.8941822052002,227103,AP-N203-F102,0.018896829336882,0.018896829336882,114.64724731445,273.95001220703
10-APR-2024,4.8875080658542,7246,M87,0.8941822052002,227103,AP-N204-F102,0.019805137068033,0.019805137068033,104.11837005615,273.95001220703
10-APR-2024,4.9104247330411,7250,M87,0.89171320199966,215103,AP-N201-F101,0.018780972808599,0.018780972808599,110.79106140137,273.95001220703
10-APR-2024,4.9104247330411,7250,M87,0.89171320199966,215103,AP-N202-F101,0.019793873652816,0.019793873652816,100.16413879395,273.95001220703
10-APR-2024,4.9104247330411,7250,M87,0.89171320199966,227103,AP-N203-F102,0.018896829336882,0.018896829336882,114.64724731445,273.95001220703
10-APR-2024,4.9104247330411,7250,M87,0.89171320199966,227103,AP-N204-F102,0.019805137068033,0.019805137068033,104.11837005615,273.95001220703
10-APR-2024,4.9537580663295,7256,M84,0.868184030056,215103,AP-N201-F101,0.018780972808599,0.018780972808599,110.79106140137,273.95001220703
10-APR-2024,4.9537580663295,7256,M84,0.868184030056,215103,AP-N202-F101,0.019793873652816,0.019793873652816,100.16413879395,273.95001220703
10-APR-2024,4.9537580663295,7256,M84,0.868184030056,227103,AP-N203-F102,0.018896829336882,0.018896829336882,114.64724731445,273.95001220703
10-APR-2024,4.9537580663295,7256,M84,0.868184030056,227103,AP-N204-F102,0.019805137068033,0.019805137068033,104.11837005615,273.95001220703
10-APR-2024,5.0175080636238,7259,M84,0.8605101108551,215103,AP-N201-F101,0.019424088299274,0.019424088299274,111.28283691406,273.64999389648
10-APR-2024,5.0175080636238,7259,M84,0.8605101108551,215103,AP-N202-F101,0.020397279411554,0.020397279411554,100.64226531982,273.64999389648
10-APR-2024,5.0175080636238,7259,M84,0.8605101108551,227103,AP-N203-F102,0.019590836018324,0.019590836018324,115.33098602295,273.64999389648
10-APR-2024,5.0175080636238,7259,M84,0.8605101108551,227103,AP-N204-F102,0.020115064457059,0.020115064457059,104.5979309082,273.64999389648
10-APR-2024,5.053063622626,7263,M84,0.85609996318817,215103,AP-N201-F101,0.019424088299274,0.019424088299274,111.28283691406,273.64999389648
10-APR-2024,5.053063622626,7263,M84,0.85609996318817,215103,AP-N202-F101,0.020397279411554,0.020397279411554,100.64226531982,273.64999389648
10-APR-2024,5.053063622626,7263,M84,0.85609996318817,227103,AP-N203-F102,0.019590836018324,0.019590836018324,115.33098602295,273.64999389648
10-APR-2024,5.053063622626,7263,M84,0.85609996318817,227103,AP-N204-F102,0.020115064457059,0.020115064457059,104.5979309082,273.64999389648
10-APR-2024,5.1608413973725,7268,3C279,1.1885796785355,215103,AP-N201-F101,0.014061030931771,0.014061030931771,107.70319366455,273.95001220703
10-APR-2024,5.1608413973725,7268,3C279,1.1885796785355,215103,AP-N202-F101,0.015542645938694,0.015542645938694,97.176170349121,273.95001220703
10-APR-2024,5.1608413973725,7268,3C279,1.1885796785355,227103,AP-N203-F102,0.013896441087127,0.013896441087127,111.27983093262,273.95001220703
10-APR-2024,5.1608413973725,7268,3C279,1.1885796785355,227103,AP-N204-F102,0.014663580805063,0.014663580805063,100.74563598633,273.95001220703
10-APR-2024,5.1818136217737,7272,3C279,1.1852374076843,215103,AP-N201-F101,0.014061030931771,0.014061030931771,107.70319366455,273.95001220703
10-APR-2024,5.1818136217737,7272,3C279,1.1852374076843,215103,AP-N202-F101,0.015542645938694,0.015542645938694,97.176170349121,273.95001220703
10-APR-2024,5.1818136217737,7272,3C279,1.1852374076843,227103,AP-N203-F102,0.013896441087127,0.013896441087127,111.27983093262,273.95001220703
10-APR-2024,5.1818136217737,7272,3C279,1.1852374076843,227103,AP-N204-F102,0.014663580805063,0.014663580805063,100.74563598633,273.95001220703
10-APR-2024,5.2534802862034,7279,SOMBRERO,1.1897453069687,215103,AP-N201-F101,0.014034773223102,0.014034773223102,107.70848846436,274.25
10-APR-2024,5.2534802862034,7279,SOMBRERO,1.1897453069687,215103,AP-N202-F101,0.015670938417315,0.015670938417315,97.27352142334,274.25
10-APR-2024,5.2534802862034,7279,SOMBRERO,1.1897453069687,227103,AP-N203-F102,0.014015449211001,0.014015449211001,111.42666625977,274.25
10-APR-2024,5.2534802862034,7279,SOMBRERO,1.1897453069687,227103,AP-N204-F102,0.014656389132142,0.014656389132142,100.85070800781,274.25
10-APR-2024,5.3657487566863,7285,3C273,0.97354078292847,215103,AP-N201-F101,0.017045779153705,0.017045779153705,109.54223632813,273.25
10-APR-2024,5.3657487566863,7285,3C273,0.97354078292847,215103,AP-N202-F101,0.018047688528895,0.018047688528895,98.864356994629,273.25
10-APR-2024,5.3657487566863,7285,3C273,0.97354078292847,227103,AP-N203-F102,0.016913570463657,0.016913570463657,113.25102233887,273.25
10-APR-2024,5.3657487566863,7285,3C273,0.97354078292847,227103,AP-N204-F102,0.017557850107551,0.017557850107551,102.71364593506,273.25
10-APR-2024,5.3892209799028,7289,3C273,0.96941238641739,215103,AP-N201-F101,0.017045779153705,0.017045779153705,109.54223632813,273.25
10-APR-2024,5.3892209799028,7289,3C273,0.96941238641739,215103,AP-N202-F101,0.018047688528895,0.018047688528895,98.864356994629,273.25
10-APR-2024,5.3892209799028,7289,3C273,0.96941238641739,227103,AP-N203-F102,0.016913570463657,0.016913570463657,113.25102233887,273.25
10-APR-2024,5.3892209799028,7289,3C273,0.96941238641739,227103,AP-N204-F102,0.017557850107551,0.017557850107551,102.71364593506,273.25
10-APR-2024,5.454637644762,7294,M87,0.82179063558578,215103,AP-N201-F101,0.019560471177101,0.019560471177101,111.75905609131,273.45001220703
10-APR-2024,5.454637644762,7294,M87,0.82179063558578,215103,AP-N202-F101,0.020100556313992,0.020100556313992,100.92929077148,273.45001220703
10-APR-2024,5.454637644762,7294,M87,0.82179063558578,227103,AP-N203-F102,0.019763622432947,0.019763622432947,115.81056213379,273.45001220703
10-APR-2024,5.454637644762,7294,M87,0.82179063558578,227103,AP-N204-F102,0.020285939797759,0.020285939797759,105.01929473877,273.45001220703
10-APR-2024,5.4786654220873,7298,M87,0.81825399398804,215103,AP-N201-F101,0.019560471177101,0.019560471177101,111.75905609131,273.45001220703
10-APR-2024,5.4786654220873,7298,M87,0.81825399398804,215103,AP-N202-F101,0.020100556313992,0.020100556313992,100.92929077148,273.45001220703
10-APR-2024,5.4786654220873,7298,M87,0.81825399398804,227103,AP-N203-F102,0.019763622432947,0.019763622432947,115.81056213379,273.45001220703
10-APR-2024,5.4786654220873,7298,M87,0.81825399398804,227103,AP-N204-F102,0.020285939797759,0.020285939797759,105.01929473877,273.45001220703
10-APR-2024,5.5197765357975,7304,M84,0.79059308767319,215103,AP-N201-F101,0.019560471177101,0.019560471177101,111.75905609131,273.45001220703
10-APR-2024,5.5197765357975,7304,M84,0.79059308767319,215103,AP-N202-F101,0.020100556313992,0.020100556313992,100.92929077148,273.45001220703
10-APR-2024,5.5197765357975,7304,M84,0.79059308767319,227103,AP-N203-F102,0.019763622432947,0.019763622432947,115.81056213379,273.45001220703
10-APR-2024,5.5197765357975,7304,M84,0.79059308767319,227103,AP-N204-F102,0.020285939797759,0.020285939797759,105.01929473877,273.45001220703
10-APR-2024,5.5838043140752,7307,M84,0.78061205148697,215103,AP-N201-F101,0.020055854693055,0.020055854693055,112.63389587402,273.54998779297
10-APR-2024,5.5838043140752,7307,M84,0.78061205148697,215103,AP-N202-F101,0.020805424079299,0.020805424079299,101.66170501709,273.54998779297
10-APR-2024,5.5838043140752,7307,M84,0.78061205148697,227103,AP-N203-F102,0.020589945837855,0.020589945837855,116.53419494629,273.54998779297
10-APR-2024,5.5838043140752,7307,M84,0.78061205148697,227103,AP-N204-F102,0.021132735535502,0.021132735535502,105.83550262451,273.54998779297
10-APR-2024,5.6203320886204,7311,M84,0.7748196721077,215103,AP-N201-F101,0.020055854693055,0.020055854693055,112.63389587402,273.54998779297
10-APR-2024,5.6203320886204,7311,M84,0.7748196721077,215103,AP-N202-F101,0.020805424079299,0.020805424079299,101.66170501709,273.54998779297
10-APR-2024,5.6203320886204,7311,M84,0.7748196721077,227103,AP-N203-F102,0.020589945837855,0.020589945837855,116.53419494629,273.54998779297
10-APR-2024,5.6203320886204,7311,M84,0.7748196721077,227103,AP-N204-F102,0.021132735535502,0.021132735535502,105.83550262451,273.54998779297
10-APR-2024,5.7279709755819,7316,3C279,1.085785984993,215103,AP-N201-F101,0.015261499211192,0.015261499211192,108.57481384277,273.95001220703
10-APR-2024,5.7279709755819,7316,3C279,1.085785984993,215103,AP-N202-F101,0.017007574439049,0.017007574439049,97.90535736084,273.95001220703
10-APR-2024,5.7279709755819,7316,3C279,1.085785984993,227103,AP-N203-F102,0.015090370550752,0.015090370550752,112.07411956787,273.95001220703
10-APR-2024,5.7279709755819,7316,3C279,1.085785984993,227103,AP-N204-F102,0.015791406854987,0.015791406854987,101.61097717285,273.95001220703
10-APR-2024,5.752832089047,7320,3C279,1.0808138847351,215103,AP-N201-F101,0.015261499211192,0.015261499211192,108.57481384277,273.95001220703
10-APR-2024,5.752832089047,7320,3C279,1.0808138847351,215103,AP-N202-F101,0.017007574439049,0.017007574439049,97.90535736084,273.95001220703
10-APR-2024,5.752832089047,7320,3C279,1.0808138847351,227103,AP-N203-F102,0.015090370550752,0.015090370550752,112.07411956787,273.95001220703
10-APR-2024,5.752832089047,7320,3C279,1.0808138847351,227103,AP-N204-F102,0.015791406854987,0.015791406854987,101.61097717285,273.95001220703
10-APR-2024,5.8193598663147,7326,SOMBRERO,1.0634981393814,215103,AP-N201-F101,0.015261499211192,0.015261499211192,108.57481384277,273.95001220703
10-APR-2024,5.8193598663147,7326,SOMBRERO,1.0634981393814,215103,AP-N202-F101,0.017007574439049,0.017007574439049,97.90535736084,273.95001220703
10-APR-2024,5.8193598663147,7326,SOMBRERO,1.0634981393814,227103,AP-N203-F102,0.015090370550752,0.015090370550752,112.07411956787,273.95001220703
10-APR-2024,5.8193598663147,7326,SOMBRERO,1.0634981393814,227103,AP-N204-F102,0.015791406854987,0.015791406854987,101.61097717285,273.95001220703
10-APR-2024,5.9277527246682,7332,3C273,0.867322742939,215103,AP-N201-F101,0.018816651776433,0.018816651776433,111.02825927734,273.54998779297
10-APR-2024,5.9277527246682,7332,3C273,0.867322742939,215103,AP-N202-F101,0.019531399011612,0.019531399011612,100.35724639893,273.54998779297
10-APR-2024,5.9277527246682,7332,3C273,0.867322742939,227103,AP-N203-F102,0.019205275923014,0.019205275923014,114.85960388184,273.54998779297
10-APR-2024,5.9277527246682,7332,3C273,0.867322742939,227103,AP-N204-F102,0.019386248663068,0.019386248663068,104.33869171143,273.54998779297
10-APR-2024,5.9528916137034,7336,3C273,0.862264752388,215103,AP-N201-F101,0.018816651776433,0.018816651776433,111.02825927734,273.54998779297
10-APR-2024,5.9528916137034,7336,3C273,0.862264752388,215103,AP-N202-F101,0.019531399011612,0.019531399011612,100.35724639893,273.54998779297
10-APR-2024,5.9528916137034,7336,3C273,0.862264752388,227103,AP-N203-F102,0.019205275923014,0.019205275923014,114.85960388184,273.54998779297
10-APR-2024,5.9528916137034,7336,3C273,0.862264752388,227103,AP-N204-F102,0.019386248663068,0.019386248663068,104.33869171143,273.54998779297
10-APR-2024,6.0208082782511,7341,M87,0.73033773899078,215103,AP-N201-F101,0.021276695653796,0.021276695653796,113.84019470215,273.75
10-APR-2024,6.0208082782511,7341,M87,0.73033773899078,215103,AP-N202-F101,0.022049207240343,0.022049207240343,102.81814575195,273.75
10-APR-2024,6.0208082782511,7341,M87,0.73033773899078,227103,AP-N203-F102,0.021762527525425,0.021762527525425,117.95426177979,273.75
10-APR-2024,6.0208082782511,7341,M87,0.73033773899078,227103,AP-N204-F102,0.022186884656549,0.022186884656549,107.07050323486,273.75
10-APR-2024,6.0448360555763,7345,M87,0.72612202167511,215103,AP-N201-F101,0.021276695653796,0.021276695653796,113.84019470215,273.75
10-APR-2024,6.0448360555763,7345,M87,0.72612202167511,215103,AP-N202-F101,0.022049207240343,0.022049207240343,102.81814575195,273.75
10-APR-2024,6.0448360555763,7345,M87,0.72612202167511,227103,AP-N203-F102,0.021762527525425,0.021762527525425,117.95426177979,273.75
10-APR-2024,6.0448360555763,7345,M87,0.72612202167511,227103,AP-N204-F102,0.022186884656549,0.022186884656549,107.07050323486,273.75
10-APR-2024,6.086502723046,7351,M84,0.69543761014938,215103,AP-N201-F101,0.021276695653796,0.021276695653796,113.84019470215,273.75
10-APR-2024,6.086502723046,7351,M84,0.69543761014938,215103,AP-N202-F101,0.022049207240343,0.022049207240343,102.81814575195,273.75
10-APR-2024,6.086502723046,7351,M84,0.69543761014938,227103,AP-N203-F102,0.021762527525425,0.021762527525425,117.95426177979,273.75
10-APR-2024,6.086502723046,7351,M84,0.69543761014938,227103,AP-N204-F102,0.022186884656549,0.022186884656549,107.07050323486,273.75
10-APR-2024,6.1499749445957,7354,M84,0.68393075466156,215103,AP-N201-F101,0.022319721058011,0.022319721058011,114.83781433105,273.54998779297
10-APR-2024,6.1499749445957,7354,M84,0.68393075466156,215103,AP-N202-F101,0.02269235253334,0.02269235253334,103.90602111816,273.54998779297
10-APR-2024,6.1499749445957,7354,M84,0.68393075466156,227103,AP-N203-F102,0.022893469780684,0.022893469780684,119.18106842041,273.54998779297
10-APR-2024,6.1499749445957,7354,M84,0.68393075466156,227103,AP-N204-F102,0.023180149495602,0.023180149495602,108.29318237305,273.54998779297
10-APR-2024,6.1870582742973,7358,M84,0.67713755369186,215103,AP-N201-F101,0.022319721058011,0.022319721058011,114.83781433105,273.54998779297
10-APR-2024,6.1870582742973,7358,M84,0.67713755369186,215103,AP-N202-F101,0.02269235253334,0.02269235253334,103.90602111816,273.54998779297
10-APR-2024,6.1870582742973,7358,M84,0.67713755369186,227103,AP-N203-F102,0.022893469780684,0.022893469780684,119.18106842041,273.54998779297
10-APR-2024,6.1870582742973,7358,M84,0.67713755369186,227103,AP-N204-F102,0.023180149495602,0.023180149495602,108.29318237305,273.54998779297
10-APR-2024,6.2941416094202,7363,3C279,0.96656477451324,215103,AP-N201-F101,0.017471425235271,0.017471425235271,109.97434997559,273.95001220703
10-APR-2024,6.2941416094202,7363,3C279,0.96656477451324,215103,AP-N202-F101,0.018652865663171,0.018652865663171,99.318885803223,273.95001220703
10-APR-2024,6.2941416094202,7363,3C279,0.96656477451324,227103,AP-N203-F102,0.017387082800269,0.017387082800269,113.52722930908,273.95001220703
10-APR-2024,6.2941416094202,7363,3C279,0.96656477451324,227103,AP-N204-F102,0.018429750576615,0.018429750576615,103.09463500977,273.95001220703
10-APR-2024,6.3195582748986,7367,3C279,0.96097600460052,215103,AP-N201-F101,0.017471425235271,0.017471425235271,109.97434997559,273.95001220703
10-APR-2024,6.3195582748986,7367,3C279,0.96097600460052,215103,AP-N202-F101,0.018652865663171,0.018652865663171,99.318885803223,273.95001220703
10-APR-2024,6.3195582748986,7367,3C279,0.96097600460052,227103,AP-N203-F102,0.017387082800269,0.017387082800269,113.52722930908,273.95001220703
10-APR-2024,6.3195582748986,7367,3C279,0.96097600460052,227103,AP-N204-F102,0.018429750576615,0.018429750576615,103.09463500977,273.95001220703
10-APR-2024,6.3873360544552,7373,SOMBRERO,0.93072116374969,215103,AP-N201-F101,0.017471425235271,0.017471425235271,109.97434997559,273.95001220703
10-APR-2024,6.3873360544552,7373,SOMBRERO,0.93072116374969,215103,AP-N202-F101,0.018652865663171,0.018652865663171,99.318885803223,273.95001220703
10-APR-2024,6.3873360544552,7373,SOMBRERO,0.93072116374969,227103,AP-N203-F102,0.017387082800269,0.017387082800269,113.52722930908,273.95001220703
10-APR-2024,6.3873360544552,7373,SOMBRERO,0.93072116374969,227103,AP-N204-F102,0.018429750576615,0.018429750576615,103.09463500977,273.95001220703
10-APR-2024,6.4946971639259,7379,3C273,0.74869227409363,215103,AP-N201-F101,0.021333489567041,0.021333489567041,113.48783111572,273.14999389648
10-APR-2024,6.4946971639259,7379,3C273,0.74869227409363,215103,AP-N202-F101,0.021877862513065,0.021877862513065,102.64287567139,273.14999389648
10-APR-2024,6.4946971639259,7379,3C273,0.74869227409363,227103,AP-N203-F102,0.022325100377202,0.022325100377202,117.6641998291,273.14999389648
10-APR-2024,6.4946971639259,7379,3C273,0.74869227409363,227103,AP-N204-F102,0.022449642419815,0.022449642419815,106.87487030029,273.14999389648
10-APR-2024,6.5198360503417,7383,3C273,0.74324226379395,215103,AP-N201-F101,0.021333489567041,0.021333489567041,113.48783111572,273.14999389648
10-APR-2024,6.5198360503417,7383,3C273,0.74324226379395,215103,AP-N202-F101,0.021877862513065,0.021877862513065,102.64287567139,273.14999389648
10-APR-2024,6.5198360503417,7383,3C273,0.74324226379395,227103,AP-N203-F102,0.022325100377202,0.022325100377202,117.6641998291,273.14999389648
10-APR-2024,6.5198360503417,7383,3C273,0.74324226379395,227103,AP-N204-F102,0.022449642419815,0.022449642419815,106.87487030029,273.14999389648
10-APR-2024,6.5880304937773,7388,M87,0.62509071826935,215103,AP-N201-F101,0.022671453654766,0.022671453654766,116.09885406494,273.75
10-APR-2024,6.5880304937773,7388,M87,0.62509071826935,215103,AP-N202-F101,0.023113630712032,0.023113630712032,105.06562805176,273.75
10-APR-2024,6.5880304937773,7388,M87,0.62509071826935,227103,AP-N203-F102,0.023837180808187,0.023837180808187,120.78746795654,273.75
10-APR-2024,6.5880304937773,7388,M87,0.62509071826935,227103,AP-N204-F102,0.023653078824282,0.023653078824282,109.80310058594,273.75
10-APR-2024,6.6123360485935,7392,M87,0.62034338712692,215103,AP-N201-F101,0.022671453654766,0.022671453654766,116.09885406494,273.75
10-APR-2024,6.6123360485935,7392,M87,0.62034338712692,215103,AP-N202-F101,0.023113630712032,0.023113630712032,105.06562805176,273.75
10-APR-2024,6.6123360485935,7392,M87,0.62034338712692,227103,AP-N203-F102,0.023837180808187,0.023837180808187,120.78746795654,273.75
10-APR-2024,6.6123360485935,7392,M87,0.62034338712692,227103,AP-N204-F102,0.023653078824282,0.023653078824282,109.80310058594,273.75
10-APR-2024,6.6531693825426,7398,M84,0.5879071354866,215103,AP-N201-F101,0.022671453654766,0.022671453654766,116.09885406494,273.75
10-APR-2024,6.6531693825426,7398,M84,0.5879071354866,215103,AP-N202-F101,0.023113630712032,0.023113630712032,105.06562805176,273.75
10-APR-2024,6.6531693825426,7398,M84,0.5879071354866,227103,AP-N203-F102,0.023837180808187,0.023837180808187,120.78746795654,273.75
10-APR-2024,6.6531693825426,7398,M84,0.5879071354866,227103,AP-N204-F102,0.023653078824282,0.023653078824282,109.80310058594,273.75
10-APR-2024,6.7177527149291,7401,M84,0.57504290342331,215103,AP-N201-F101,0.022800205275416,0.022800205275416,117.28456115723,273.45001220703
10-APR-2024,6.7177527149291,7401,M84,0.57504290342331,215103,AP-N202-F101,0.023214535787702,0.023214535787702,106.16938781738,273.45001220703
10-APR-2024,6.7177527149291,7401,M84,0.57504290342331,227103,AP-N203-F102,0.023794813081622,0.023794813081622,121.92024230957,273.45001220703
10-APR-2024,6.7177527149291,7401,M84,0.57504290342331,227103,AP-N204-F102,0.024074209854007,0.024074209854007,110.84846496582,273.45001220703
10-APR-2024,6.7528916065598,7405,M84,0.5679971575737,215103,AP-N201-F101,0.022800205275416,0.022800205275416,117.28456115723,273.45001220703
10-APR-2024,6.7528916065598,7405,M84,0.5679971575737,215103,AP-N202-F101,0.023214535787702,0.023214535787702,106.16938781738,273.45001220703
10-APR-2024,6.7528916065598,7405,M84,0.5679971575737,227103,AP-N203-F102,0.023794813081622,0.023794813081622,121.92024230957,273.45001220703
10-APR-2024,6.7528916065598,7405,M84,0.5679971575737,227103,AP-N204-F102,0.024074209854007,0.024074209854007,110.84846496582,273.45001220703
10-APR-2024,6.8616416034851,7410,3C279,0.83865815401077,215103,AP-N201-F101,0.018963102251291,0.018963102251291,111.4594039917,273.95001220703
10-APR-2024,6.8616416034851,7410,3C279,0.83865815401077,215103,AP-N202-F101,0.019751165062189,0.019751165062189,100.61305236816,273.95001220703
10-APR-2024,6.8616416034851,7410,3C279,0.83865815401077,227103,AP-N203-F102,0.01959865167737,0.01959865167737,115.37172698975,273.95001220703
10-APR-2024,6.8616416034851,7410,3C279,0.83865815401077,227103,AP-N204-F102,0.019562996923923,0.019562996923923,104.70581817627,273.95001220703
10-APR-2024,6.8865027157278,7414,3C279,0.83293181657791,215103,AP-N201-F101,0.018963102251291,0.018963102251291,111.4594039917,273.95001220703
10-APR-2024,6.8865027157278,7414,3C279,0.83293181657791,215103,AP-N202-F101,0.019751165062189,0.019751165062189,100.61305236816,273.95001220703
10-APR-2024,6.8865027157278,7414,3C279,0.83293181657791,227103,AP-N203-F102,0.01959865167737,0.01959865167737,115.37172698975,273.95001220703
10-APR-2024,6.8865027157278,7414,3C279,0.83293181657791,227103,AP-N204-F102,0.019562996923923,0.019562996923923,104.70581817627,273.95001220703
10-APR-2024,6.9540027158727,7420,SOMBRERO,0.79552441835403,215103,AP-N201-F101,0.018963102251291,0.018963102251291,111.4594039917,273.95001220703
10-APR-2024,6.9540027158727,7420,SOMBRERO,0.79552441835403,215103,AP-N202-F101,0.019751165062189,0.019751165062189,100.61305236816,273.95001220703
10-APR-2024,6.9540027158727,7420,SOMBRERO,0.79552441835403,227103,AP-N203-F102,0.01959865167737,0.01959865167737,115.37172698975,273.95001220703
10-APR-2024,6.9540027158727,7420,SOMBRERO,0.79552441835403,227103,AP-N204-F102,0.019562996923923,0.019562996923923,104.70581817627,273.95001220703
10-APR-2024,7.0620916855355,7426,3C273,0.62283605337143,215103,AP-N201-F101,0.022036511451006,0.022036511451006,115.63829803467,273.45001220703
10-APR-2024,7.0620916855355,7426,3C273,0.62283605337143,215103,AP-N202-F101,0.022458959370852,0.022458959370852,104.49570465088,273.45001220703
10-APR-2024,7.0620916855355,7426,3C273,0.62283605337143,227103,AP-N203-F102,0.022856811061502,0.022856811061502,120.06535339355,273.45001220703
10-APR-2024,7.0620916855355,7426,3C273,0.62283605337143,227103,AP-N204-F102,0.02323604375124,0.02323604375124,109.00868225098,273.45001220703
10-APR-2024,7.0872305756184,7430,3C273,0.61714035272598,215103,AP-N201-F101,0.022036511451006,0.022036511451006,115.63829803467,273.45001220703
10-APR-2024,7.0872305756184,7430,3C273,0.61714035272598,215103,AP-N202-F101,0.022458959370852,0.022458959370852,104.49570465088,273.45001220703
10-APR-2024,7.0872305756184,7430,3C273,0.61714035272598,227103,AP-N203-F102,0.022856811061502,0.022856811061502,120.06535339355,273.45001220703
10-APR-2024,7.0872305756184,7430,3C273,0.61714035272598,227103,AP-N204-F102,0.02323604375124,0.02323604375124,109.00868225098,273.45001220703
10-APR-2024,7.1548694698348,7435,M87,0.510373711586,215103,AP-N201-F101,0.022651221603155,0.022651221603155,118.68981933594,273.54998779297
10-APR-2024,7.1548694698348,7435,M87,0.510373711586,215103,AP-N202-F101,0.022784795612097,0.022784795612097,107.63834381104,273.54998779297
10-APR-2024,7.1548694698348,7435,M87,0.510373711586,227103,AP-N203-F102,0.023470435291529,0.023470435291529,123.81433868408,273.54998779297
10-APR-2024,7.1548694698348,7435,M87,0.510373711586,227103,AP-N204-F102,0.023815477266908,0.023815477266908,112.38026428223,273.54998779297
10-APR-2024,7.1780639111948,7439,M87,0.50552076101303,215103,AP-N201-F101,0.022651221603155,0.022651221603155,118.68981933594,273.54998779297
10-APR-2024,7.1780639111948,7439,M87,0.50552076101303,215103,AP-N202-F101,0.022784795612097,0.022784795612097,107.63834381104,273.54998779297
10-APR-2024,7.1780639111948,7439,M87,0.50552076101303,227103,AP-N203-F102,0.023470435291529,0.023470435291529,123.81433868408,273.54998779297
10-APR-2024,7.1780639111948,7439,M87,0.50552076101303,227103,AP-N204-F102,0.023815477266908,0.023815477266908,112.38026428223,273.54998779297
10-APR-2024,7.2208416851357,7445,M84,0.47144550085068,215103,AP-N201-F101,0.022651221603155,0.022651221603155,118.68981933594,273.54998779297
10-APR-2024,7.2208416851357,7445,M84,0.47144550085068,215103,AP-N202-F101,0.022784795612097,0.022784795612097,107.63834381104,273.54998779297
10-APR-2024,7.2208416851357,7445,M84,0.47144550085068,227103,AP-N203-F102,0.023470435291529,0.023470435291529,123.81433868408,273.54998779297
10-APR-2024,7.2208416851357,7445,M84,0.47144550085068,227103,AP-N204-F102,0.023815477266908,0.023815477266908,112.38026428223,273.54998779297
10-APR-2024,7.2843139058122,7448,M84,0.45800074934959,215103,AP-N201-F101,0.022955663502216,0.022955663502216,120.67674255371,273.45001220703
10-APR-2024,7.2843139058122,7448,M84,0.45800074934959,215103,AP-N202-F101,0.023204177618027,0.023204177618027,109.42994689941,273.45001220703
10-APR-2024,7.2843139058122,7448,M84,0.45800074934959,227103,AP-N203-F102,0.023946771398187,0.023946771398187,125.96873474121,273.45001220703
10-APR-2024,7.2843139058122,7448,M84,0.45800074934959,227103,AP-N204-F102,0.024200344458222,0.024200344458222,114.5080871582,273.45001220703
10-APR-2024,7.3205639068828,7452,M84,0.45028781890869,215103,AP-N201-F101,0.022955663502216,0.022955663502216,120.67674255371,273.45001220703
10-APR-2024,7.3205639068828,7452,M84,0.45028781890869,215103,AP-N202-F101,0.023204177618027,0.023204177618027,109.42994689941,273.45001220703
10-APR-2024,7.3205639068828,7452,M84,0.45028781890869,227103,AP-N203-F102,0.023946771398187,0.023946771398187,125.96873474121,273.45001220703
10-APR-2024,7.3205639068828,7452,M84,0.45028781890869,227103,AP-N204-F102,0.024200344458222,0.024200344458222,114.5080871582,273.45001220703
10-APR-2024,7.4276472378147,7457,3C279,0.70658427476883,215103,AP-N201-F101,0.021245416253805,0.021245416253805,113.85218811035,272.54998779297
10-APR-2024,7.4276472378147,7457,3C279,0.70658427476883,215103,AP-N202-F101,0.021652687340975,0.021652687340975,102.82843780518,272.54998779297
10-APR-2024,7.4276472378147,7457,3C279,0.70658427476883,227103,AP-N203-F102,0.021824084222317,0.021824084222317,118.07232666016,272.54998779297
10-APR-2024,7.4276472378147,7457,3C279,0.70658427476883,227103,AP-N204-F102,0.021893663331866,0.021893663331866,107.04386901855,272.54998779297
10-APR-2024,7.4530639073094,7461,3C279,0.70058363676071,215103,AP-N201-F101,0.021245416253805,0.021245416253805,113.85218811035,272.54998779297
10-APR-2024,7.4530639073094,7461,3C279,0.70058363676071,215103,AP-N202-F101,0.021652687340975,0.021652687340975,102.82843780518,272.54998779297
10-APR-2024,7.4530639073094,7461,3C279,0.70058363676071,227103,AP-N203-F102,0.021824084222317,0.021824084222317,118.07232666016,272.54998779297
10-APR-2024,7.4530639073094,7461,3C279,0.70058363676071,227103,AP-N204-F102,0.021893663331866,0.021893663331866,107.04386901855,272.54998779297
10-APR-2024,7.5194527966175,7467,SOMBRERO,0.65937823057175,215103,AP-N201-F101,0.021245416253805,0.021245416253805,113.85218811035,272.54998779297
10-APR-2024,7.5194527966175,7467,SOMBRERO,0.65937823057175,215103,AP-N202-F101,0.021652687340975,0.021652687340975,102.82843780518,272.54998779297
10-APR-2024,7.5194527966175,7467,SOMBRERO,0.65937823057175,227103,AP-N203-F102,0.021824084222317,0.021824084222317,118.07232666016,272.54998779297
10-APR-2024,7.5194527966175,7467,SOMBRERO,0.65937823057175,227103,AP-N204-F102,0.021893663331866,0.021893663331866,107.04386901855,272.54998779297
10-APR-2024,7.7109805686108,7473,3C273,0.47346276044846,215103,AP-N201-F101,0.023657754063606,0.023657754063606,120.8909072876,273.35000610352
10-APR-2024,7.7109805686108,7473,3C273,0.47346276044846,215103,AP-N202-F101,0.024043364450336,0.024043364450336,109.5619354248,273.35000610352
10-APR-2024,7.7109805686108,7473,3C273,0.47346276044846,227103,AP-N203-F102,0.024866258725524,0.024866258725524,126.03513336182,273.35000610352
10-APR-2024,7.7109805686108,7473,3C273,0.47346276044846,227103,AP-N204-F102,0.025165067985654,0.025165067985654,114.64900970459,273.35000610352
10-APR-2024,7.7361194586937,7477,3C273,0.46759164333344,215103,AP-N201-F101,0.023657754063606,0.023657754063606,120.8909072876,273.35000610352
10-APR-2024,7.7361194586937,7477,3C273,0.46759164333344,215103,AP-N202-F101,0.024043364450336,0.024043364450336,109.5619354248,273.35000610352
10-APR-2024,7.7361194586937,7477,3C273,0.46759164333344,227103,AP-N203-F102,0.024866258725524,0.024866258725524,126.03513336182,273.35000610352
10-APR-2024,7.7361194586937,7477,3C273,0.46759164333344,227103,AP-N204-F102,0.025165067985654,0.025165067985654,114.64900970459,273.35000610352
10-APR-2024,7.8051472344275,7482,M87,0.37061947584152,215103,AP-N201-F101,0.025104068219662,0.025104068219662,126.83631134033,273.35000610352
10-APR-2024,7.8051472344275,7482,M87,0.37061947584152,215103,AP-N202-F101,0.025182472541928,0.025182472541928,115.41795349121,273.35000610352
10-APR-2024,7.8051472344275,7482,M87,0.37061947584152,227103,AP-N203-F102,0.026518382132053,0.026518382132053,132.8902130127,273.35000610352
10-APR-2024,7.8051472344275,7482,M87,0.37061947584152,227103,AP-N204-F102,0.026680152863264,0.026680152863264,121.07178497314,273.35000610352
10-APR-2024,7.8288972391513,7486,M87,0.36538738012314,215103,AP-N201-F101,0.025104068219662,0.025104068219662,126.83631134033,273.35000610352
10-APR-2024,7.8288972391513,7486,M87,0.36538738012314,215103,AP-N202-F101,0.025182472541928,0.025182472541928,115.41795349121,273.35000610352
10-APR-2024,7.8288972391513,7486,M87,0.36538738012314,227103,AP-N203-F102,0.026518382132053,0.026518382132053,132.8902130127,273.35000610352
10-APR-2024,7.8288972391513,7486,M87,0.36538738012314,227103,AP-N204-F102,0.026680152863264,0.026680152863264,121.07178497314,273.35000610352
10-APR-2024,7.8697305680364,7492,M84,0.33082869648933,215103,AP-N201-F101,0.025104068219662,0.025104068219662,126.83631134033,273.35000610352
10-APR-2024,7.8697305680364,7492,M84,0.33082869648933,215103,AP-N202-F101,0.025182472541928,0.025182472541928,115.41795349121,273.35000610352
10-APR-2024,7.8697305680364,7492,M84,0.33082869648933,227103,AP-N203-F102,0.026518382132053,0.026518382132053,132.8902130127,273.35000610352
10-APR-2024,7.8697305680364,7492,M84,0.33082869648933,227103,AP-N204-F102,0.026680152863264,0.026680152863264,121.07178497314,273.35000610352
10-APR-2024,7.9348694554047,7495,M84,0.31637132167816,215103,AP-N201-F101,0.026058781892061,0.026058781892061,131.97802734375,273.25
10-APR-2024,7.9348694554047,7495,M84,0.31637132167816,215103,AP-N202-F101,0.026072038337588,0.026072038337588,120.3219909668,273.25
10-APR-2024,7.9348694554047,7495,M84,0.31637132167816,227103,AP-N203-F102,0.027461521327496,0.027461521327496,138.51092529297,273.25
10-APR-2024,7.9348694554047,7495,M84,0.31637132167816,227103,AP-N204-F102,0.027544748038054,0.027544748038054,126.56269836426,273.25
10-APR-2024,7.9702861259233,7499,M84,0.30848753452301,215103,AP-N201-F101,0.026058781892061,0.026058781892061,131.97802734375,273.25
10-APR-2024,7.9702861259233,7499,M84,0.30848753452301,215103,AP-N202-F101,0.026072038337588,0.026072038337588,120.3219909668,273.25
10-APR-2024,7.9702861259233,7499,M84,0.30848753452301,227103,AP-N203-F102,0.027461521327496,0.027461521327496,138.51092529297,273.25
10-APR-2024,7.9702861259233,7499,M84,0.30848753452301,227103,AP-N204-F102,0.027544748038054,0.027544748038054,126.56269836426,273.25
10-APR-2024,8.0376472368862,7504,3C279,0.56146866083145,215103,AP-N201-F101,0.023887980729342,0.023887980729342,118.22100830078,273.25
10-APR-2024,8.0376472368862,7504,3C279,0.56146866083145,215103,AP-N202-F101,0.024352785199881,0.024352785199881,107.13668060303,273.25
10-APR-2024,8.0376472368862,7504,3C279,0.56146866083145,227103,AP-N203-F102,0.025067141279578,0.025067141279578,123.15316772461,273.25
10-APR-2024,8.0376472368862,7504,3C279,0.56146866083145,227103,AP-N204-F102,0.025157049298286,0.025157049298286,111.79364013672,273.25
10-APR-2024,8.0700083480197,7508,3C279,0.55371814966202,215103,AP-N201-F101,0.023887980729342,0.023887980729342,118.22100830078,273.25
10-APR-2024,8.0700083480197,7508,3C279,0.55371814966202,215103,AP-N202-F101,0.024352785199881,0.024352785199881,107.13668060303,273.25
10-APR-2024,8.0700083480197,7508,3C279,0.55371814966202,227103,AP-N203-F102,0.025067141279578,0.025067141279578,123.15316772461,273.25
10-APR-2024,8.0700083480197,7508,3C279,0.55371814966202,227103,AP-N204-F102,0.025157049298286,0.025157049298286,111.79364013672,273.25
10-APR-2024,8.1363972322636,7514,SOMBRERO,0.51034647226334,215103,AP-N201-F101,0.023887980729342,0.023887980729342,118.22100830078,273.25
10-APR-2024,8.1363972322636,7514,SOMBRERO,0.51034647226334,215103,AP-N202-F101,0.024352785199881,0.024352785199881,107.13668060303,273.25
10-APR-2024,8.1363972322636,7514,SOMBRERO,0.51034647226334,227103,AP-N203-F102,0.025067141279578,0.025067141279578,123.15316772461,273.25
10-APR-2024,8.1363972322636,7514,SOMBRERO,0.51034647226334,227103,AP-N204-F102,0.025157049298286,0.025157049298286,111.79364013672,273.25
10-APR-2024,8.3277397311948,7521,3C273,0.32811656594276,215103,AP-N201-F101,0.025953259319067,0.025953259319067,130.82141113281,273.04998779297
10-APR-2024,8.3277397311948,7521,3C273,0.32811656594276,215103,AP-N202-F101,0.025974558666348,0.025974558666348,119.32220458984,273.04998779297
10-APR-2024,8.3277397311948,7521,3C273,0.32811656594276,227103,AP-N203-F102,0.027438178658485,0.027438178658485,137.37521362305,273.04998779297
10-APR-2024,8.3277397311948,7521,3C273,0.32811656594276,227103,AP-N204-F102,0.027479449287057,0.027479449287057,125.30654907227,273.04998779297
10-APR-2024,8.3523230636765,7525,3C273,0.32227489352226,215103,AP-N201-F101,0.025953259319067,0.025953259319067,130.82141113281,273.04998779297
10-APR-2024,8.3523230636765,7525,3C273,0.32227489352226,215103,AP-N202-F101,0.025974558666348,0.025974558666348,119.32220458984,273.04998779297
10-APR-2024,8.3523230636765,7525,3C273,0.32227489352226,227103,AP-N203-F102,0.027438178658485,0.027438178658485,137.37521362305,273.04998779297
10-APR-2024,8.3523230636765,7525,3C273,0.32227489352226,227103,AP-N204-F102,0.027479449287057,0.027479449287057,125.30654907227,273.04998779297
10-APR-2024,8.4210730612209,7530,M87,0.23264993727207,215103,AP-N201-F101,0.027458153665066,0.027458153665066,144.66371154785,272.35000610352
10-APR-2024,8.4210730612209,7530,M87,0.23264993727207,215103,AP-N202-F101,0.027394970878959,0.027394970878959,132.22653198242,272.35000610352
10-APR-2024,8.4210730612209,7530,M87,0.23264993727207,227103,AP-N203-F102,0.029057096689939,0.029057096689939,152.80415344238,272.35000610352
10-APR-2024,8.4210730612209,7530,M87,0.23264993727207,227103,AP-N204-F102,0.029048392549157,0.029048392549157,139.80267333984,272.35000610352
10-APR-2024,8.4451008401178,7534,M87,0.22718217968941,215103,AP-N201-F101,0.027458153665066,0.027458153665066,144.66371154785,272.35000610352
10-APR-2024,8.4451008401178,7534,M87,0.22718217968941,215103,AP-N202-F101,0.027394970878959,0.027394970878959,132.22653198242,272.35000610352
10-APR-2024,8.4451008401178,7534,M87,0.22718217968941,227103,AP-N203-F102,0.029057096689939,0.029057096689939,152.80415344238,272.35000610352
10-APR-2024,8.4451008401178,7534,M87,0.22718217968941,227103,AP-N204-F102,0.029048392549157,0.029048392549157,139.80267333984,272.35000610352
10-APR-2024,8.4859341717968,7540,M84,0.19209560751915,215103,AP-N201-F101,0.027458153665066,0.027458153665066,144.66371154785,272.35000610352
10-APR-2024,8.4859341717968,7540,M84,0.19209560751915,215103,AP-N202-F101,0.027394970878959,0.027394970878959,132.22653198242,272.35000610352
10-APR-2024,8.4859341717968,7540,M84,0.19209560751915,227103,AP-N203-F102,0.029057096689939,0.029057096689939,152.80415344238,272.35000610352
10-APR-2024,8.4859341717968,7540,M84,0.19209560751915,227103,AP-N204-F102,0.029048392549157,0.029048392549157,139.80267333984,272.35000610352
10-APR-2024,8.5505175054056,7543,M84,0.17732799053192,215103,AP-N201-F101,0.027895683422685,0.027895683422685,159.21820068359,273.25
10-APR-2024,8.5505175054056,7543,M84,0.17732799053192,215103,AP-N202-F101,0.027732530608773,0.027732530608773,146.14454650879,273.25
10-APR-2024,8.5505175054056,7543,M84,0.17732799053192,227103,AP-N203-F102,0.029563931748271,0.029563931748271,168.9712677002,273.25
10-APR-2024,8.5505175054056,7543,M84,0.17732799053192,227103,AP-N204-F102,0.02953864634037,0.02953864634037,155.2797088623,273.25
10-APR-2024,8.5874619478461,7547,M84,0.16886310279369,215103,AP-N201-F101,0.027895683422685,0.027895683422685,159.21820068359,273.25
10-APR-2024,8.5874619478461,7547,M84,0.16886310279369,215103,AP-N202-F101,0.027732530608773,0.027732530608773,146.14454650879,273.25
10-APR-2024,8.5874619478461,7547,M84,0.16886310279369,227103,AP-N203-F102,0.029563931748271,0.029563931748271,168.9712677002,273.25
10-APR-2024,8.5874619478461,7547,M84,0.16886310279369,227103,AP-N204-F102,0.02953864634037,0.02953864634037,155.2797088623,273.25
10-APR-2024,8.6777397263451,7552,3C279,0.40756621956825,215103,AP-N201-F101,0.024837611243129,0.024837611243129,124.54214477539,273.45001220703
10-APR-2024,8.6777397263451,7552,3C279,0.40756621956825,215103,AP-N202-F101,0.024883104488254,0.024883104488254,113.10893249512,273.45001220703
10-APR-2024,8.6777397263451,7552,3C279,0.40756621956825,227103,AP-N203-F102,0.026137931272388,0.026137931272388,130.28996276855,273.45001220703
10-APR-2024,8.6777397263451,7552,3C279,0.40756621956825,227103,AP-N204-F102,0.02625142224133,0.02625142224133,118.76412963867,273.45001220703
10-APR-2024,8.7034341701875,7556,3C279,0.4013686478138,215103,AP-N201-F101,0.024837611243129,0.024837611243129,124.54214477539,273.45001220703
10-APR-2024,8.7034341701875,7556,3C279,0.4013686478138,215103,AP-N202-F101,0.024883104488254,0.024883104488254,113.10893249512,273.45001220703
10-APR-2024,8.7034341701875,7556,3C279,0.4013686478138,227103,AP-N203-F102,0.026137931272388,0.026137931272388,130.28996276855,273.45001220703
10-APR-2024,8.7034341701875,7556,3C279,0.4013686478138,227103,AP-N204-F102,0.02625142224133,0.02625142224133,118.76412963867,273.45001220703
10-APR-2024,8.7735730590283,7561,SOMBRERO,0.35657802224159,215103,AP-N201-F101,0.025067031383514,0.025067031383514,127.70645141602,273.75
10-APR-2024,8.7735730590283,7561,SOMBRERO,0.35657802224159,215103,AP-N202-F101,0.025087265297771,0.025087265297771,116.33150482178,273.75
10-APR-2024,8.7735730590283,7561,SOMBRERO,0.35657802224159,227103,AP-N203-F102,0.026386689394712,0.026386689394712,133.89668273926,273.75
10-APR-2024,8.7735730590283,7561,SOMBRERO,0.35657802224159,227103,AP-N204-F102,0.026586486026645,0.026586486026645,122.10823059082,273.75
