07-APR-2024,10.032977352953,4709,J1939-1525,1.2712860107422,215103,AP-N201-F101,0.068722695112228,0.068722695112228,109.66875457764,273.85000610352
07-APR-2024,10.032977352953,4709,J1939-1525,1.2712860107422,215103,AP-N202-F101,0.068741388618946,0.068741388618946,102.20775604248,273.85000610352
07-APR-2024,10.032977352953,4709,J1939-1525,1.2712860107422,227103,AP-N203-F102,0.071276366710663,0.071276366710663,115.47239685059,273.85000610352
07-APR-2024,10.032977352953,4709,J1939-1525,1.2712860107422,227103,AP-N204-F102,0.070921845734119,0.070921845734119,107.28558349609,273.85000610352
07-APR-2024,10.070338461892,4713,J1939-1525,1.2795350551605,215103,AP-N201-F101,0.068722695112228,0.068722695112228,109.66875457764,273.85000610352
07-APR-2024,10.070338461892,4713,J1939-1525,1.2795350551605,215103,AP-N202-F101,0.068741388618946,0.068741388618946,102.20775604248,273.85000610352
07-APR-2024,10.070338461892,4713,J1939-1525,1.2795350551605,227103,AP-N203-F102,0.071276366710663,0.071276366710663,115.47239685059,273.85000610352
07-APR-2024,10.070338461892,4713,J1939-1525,1.2795350551605,227103,AP-N204-F102,0.070921845734119,0.070921845734119,107.28558349609,273.85000610352
07-APR-2024,1.0119362961397,4240,J0741+3112,0.5194171667099,215103,AP-N201-F101,0.16320322453976,0.16320322453976,215.91027832031,273.04998779297
07-APR-2024,1.0119362961397,4240,J0741+3112,0.5194171667099,215103,AP-N202-F101,0.16236321628094,0.16236321628094,205.89260864258,273.04998779297
07-APR-2024,1.0119362961397,4240,J0741+3112,0.5194171667099,227103,AP-N203-F102,0.17335779964924,0.17335779964924,231.81901550293,273.04998779297
07-APR-2024,1.0119362961397,4240,J0741+3112,0.5194171667099,227103,AP-N204-F102,0.17271672189236,0.17271672189236,220.2518157959,273.04998779297
07-APR-2024,10.210755129279,4718,J1924-2914,1.3804292678833,215103,AP-N201-F101,0.065858922898769,0.065858922898769,108.00524902344,274.14999389648
07-APR-2024,10.210755129279,4718,J1924-2914,1.3804292678833,215103,AP-N202-F101,0.0659319460392,0.0659319460392,100.499168396,274.14999389648
07-APR-2024,10.210755129279,4718,J1924-2914,1.3804292678833,227103,AP-N203-F102,0.067926689982414,0.067926689982414,113.54105377197,274.14999389648
07-APR-2024,10.210755129279,4718,J1924-2914,1.3804292678833,227103,AP-N204-F102,0.067919671535492,0.067919671535492,105.43391418457,274.14999389648
07-APR-2024,10.240060683647,4722,J1924-2914,1.3860630989075,215103,AP-N201-F101,0.065858922898769,0.065858922898769,108.00524902344,274.14999389648
07-APR-2024,10.240060683647,4722,J1924-2914,1.3860630989075,215103,AP-N202-F101,0.0659319460392,0.0659319460392,100.499168396,274.14999389648
07-APR-2024,10.240060683647,4722,J1924-2914,1.3860630989075,227103,AP-N203-F102,0.067926689982414,0.067926689982414,113.54105377197,274.14999389648
07-APR-2024,10.240060683647,4722,J1924-2914,1.3860630989075,227103,AP-N204-F102,0.067919671535492,0.067919671535492,105.43391418457,274.14999389648
07-APR-2024,10.528532903875,4731,J1504+1029,0.39272207021713,215103,AP-N201-F101,0.075025334954262,0.075025334954262,156.97929382324,273.45001220703
07-APR-2024,10.528532903875,4731,J1504+1029,0.39272207021713,215103,AP-N202-F101,0.074493266642094,0.074493266642094,148.17102050781,273.45001220703
07-APR-2024,10.528532903875,4731,J1504+1029,0.39272207021713,227103,AP-N203-F102,0.078975178301334,0.078975178301334,167.18515014648,273.45001220703
07-APR-2024,10.528532903875,4731,J1504+1029,0.39272207021713,227103,AP-N204-F102,0.078830376267433,0.078830376267433,157.42694091797,273.45001220703
07-APR-2024,10.561727346957,4735,J1504+1029,0.38532146811485,215103,AP-N201-F101,0.075025334954262,0.075025334954262,156.97929382324,273.45001220703
07-APR-2024,10.561727346957,4735,J1504+1029,0.38532146811485,215103,AP-N202-F101,0.074493266642094,0.074493266642094,148.17102050781,273.45001220703
07-APR-2024,10.561727346957,4735,J1504+1029,0.38532146811485,227103,AP-N203-F102,0.078975178301334,0.078975178301334,167.18515014648,273.45001220703
07-APR-2024,10.561727346957,4735,J1504+1029,0.38532146811485,227103,AP-N204-F102,0.078830376267433,0.078830376267433,157.42694091797,273.45001220703
07-APR-2024,10.794551318003,4742,J2129-1538,1.0246893167496,215103,AP-N201-F101,0.07207153737545,0.07207153737545,114.08553314209,273.75
07-APR-2024,10.794551318003,4742,J2129-1538,1.0246893167496,215103,AP-N202-F101,0.071744956076145,0.071744956076145,106.46236419678,273.75
07-APR-2024,10.794551318003,4742,J2129-1538,1.0246893167496,227103,AP-N203-F102,0.074773840606213,0.074773840606213,120.23262023926,273.75
07-APR-2024,10.794551318003,4742,J2129-1538,1.0246893167496,227103,AP-N204-F102,0.074656493961811,0.074656493961811,112.04013824463,273.75
07-APR-2024,10.819690206514,4746,J2129-1538,1.0307035446167,215103,AP-N201-F101,0.07207153737545,0.07207153737545,114.08553314209,273.75
07-APR-2024,10.819690206514,4746,J2129-1538,1.0307035446167,215103,AP-N202-F101,0.071744956076145,0.071744956076145,106.46236419678,273.75
07-APR-2024,10.819690206514,4746,J2129-1538,1.0307035446167,227103,AP-N203-F102,0.074773840606213,0.074773840606213,120.23262023926,273.75
07-APR-2024,10.819690206514,4746,J2129-1538,1.0307035446167,227103,AP-N204-F102,0.074656493961811,0.074656493961811,112.04013824463,273.75
07-APR-2024,10.883162426667,4749,J2129-1538,1.0458736419678,215103,AP-N201-F101,0.070981532335281,0.070981532335281,113.53260803223,273.85000610352
07-APR-2024,10.883162426667,4749,J2129-1538,1.0458736419678,215103,AP-N202-F101,0.070602551102638,0.070602551102638,105.9807434082,273.85000610352
07-APR-2024,10.883162426667,4749,J2129-1538,1.0458736419678,227103,AP-N203-F102,0.073643371462822,0.073643371462822,119.69187164307,273.85000610352
07-APR-2024,10.883162426667,4749,J2129-1538,1.0458736419678,227103,AP-N204-F102,0.074117965996265,0.074117965996265,111.37217712402,273.85000610352
07-APR-2024,10.919967985164,4753,J2129-1538,1.0546591281891,215103,AP-N201-F101,0.070981532335281,0.070981532335281,113.53260803223,273.85000610352
07-APR-2024,10.919967985164,4753,J2129-1538,1.0546591281891,215103,AP-N202-F101,0.070602551102638,0.070602551102638,105.9807434082,273.85000610352
07-APR-2024,10.919967985164,4753,J2129-1538,1.0546591281891,227103,AP-N203-F102,0.073643371462822,0.073643371462822,119.69187164307,273.85000610352
07-APR-2024,10.919967985164,4753,J2129-1538,1.0546591281891,227103,AP-N204-F102,0.074117965996265,0.074117965996265,111.37217712402,273.85000610352
07-APR-2024,11.06121798223,4758,J2131-1207,1.0550391674042,215103,AP-N201-F101,0.074736624956131,0.074736624956131,114.94239044189,273.35000610352
07-APR-2024,11.06121798223,4758,J2131-1207,1.0550391674042,215103,AP-N202-F101,0.07468469440937,0.07468469440937,107.30752563477,273.35000610352
07-APR-2024,11.06121798223,4758,J2131-1207,1.0550391674042,227103,AP-N203-F102,0.077614031732082,0.077614031732082,121.19747161865,273.35000610352
07-APR-2024,11.06121798223,4758,J2131-1207,1.0550391674042,227103,AP-N204-F102,0.077899321913719,0.077899321913719,112.82479858398,273.35000610352
07-APR-2024,11.094967982565,4762,J2131-1207,1.0628325939178,215103,AP-N201-F101,0.074736624956131,0.074736624956131,114.94239044189,273.35000610352
07-APR-2024,11.094967982565,4762,J2131-1207,1.0628325939178,215103,AP-N202-F101,0.07468469440937,0.07468469440937,107.30752563477,273.35000610352
07-APR-2024,11.094967982565,4762,J2131-1207,1.0628325939178,227103,AP-N203-F102,0.077614031732082,0.077614031732082,121.19747161865,273.35000610352
07-APR-2024,11.094967982565,4762,J2131-1207,1.0628325939178,227103,AP-N204-F102,0.077899321913719,0.077899321913719,112.82479858398,273.35000610352
07-APR-2024,11.260662426772,4767,J1939-1525,1.4329096078873,215103,AP-N201-F101,0.072491116821766,0.072491116821766,110.31764221191,273.64999389648
07-APR-2024,11.260662426772,4767,J1939-1525,1.4329096078873,215103,AP-N202-F101,0.072742119431496,0.072742119431496,102.74823760986,273.64999389648
07-APR-2024,11.260662426772,4767,J1939-1525,1.4329096078873,227103,AP-N203-F102,0.075014814734459,0.075014814734459,115.96439361572,273.64999389648
07-APR-2024,11.260662426772,4767,J1939-1525,1.4329096078873,227103,AP-N204-F102,0.075313441455364,0.075313441455364,107.94744873047,273.64999389648
07-APR-2024,11.286912423327,4771,J1939-1525,1.4310743808746,215103,AP-N201-F101,0.072491116821766,0.072491116821766,110.31764221191,273.64999389648
07-APR-2024,11.286912423327,4771,J1939-1525,1.4310743808746,215103,AP-N202-F101,0.072742119431496,0.072742119431496,102.74823760986,273.64999389648
07-APR-2024,11.286912423327,4771,J1939-1525,1.4310743808746,227103,AP-N203-F102,0.075014814734459,0.075014814734459,115.96439361572,273.64999389648
07-APR-2024,11.286912423327,4771,J1939-1525,1.4310743808746,227103,AP-N204-F102,0.075313441455364,0.075313441455364,107.94744873047,273.64999389648
07-APR-2024,11.349829091641,4774,J1939-1525,1.4256156682968,215103,AP-N201-F101,0.074346318840981,0.074346318840981,111.0461807251,273.14999389648
07-APR-2024,11.349829091641,4774,J1939-1525,1.4256156682968,215103,AP-N202-F101,0.074416823685169,0.074416823685169,103.5037612915,273.14999389648
07-APR-2024,11.349829091641,4774,J1939-1525,1.4256156682968,227103,AP-N203-F102,0.076947629451752,0.076947629451752,116.72512817383,273.14999389648
07-APR-2024,11.349829091641,4774,J1939-1525,1.4256156682968,227103,AP-N204-F102,0.076942622661591,0.076942622661591,108.56691741943,273.14999389648
07-APR-2024,11.386356868107,4778,J1939-1525,1.4217749834061,215103,AP-N201-F101,0.074346318840981,0.074346318840981,111.0461807251,273.14999389648
07-APR-2024,11.386356868107,4778,J1939-1525,1.4217749834061,215103,AP-N202-F101,0.074416823685169,0.074416823685169,103.5037612915,273.14999389648
07-APR-2024,11.386356868107,4778,J1939-1525,1.4217749834061,227103,AP-N203-F102,0.076947629451752,0.076947629451752,116.72512817383,273.14999389648
07-APR-2024,11.386356868107,4778,J1939-1525,1.4217749834061,227103,AP-N204-F102,0.076942622661591,0.076942622661591,108.56691741943,273.14999389648
07-APR-2024,11.527606867967,4783,J1924-2914,1.3832235336304,215103,AP-N201-F101,0.076323971152306,0.076323971152306,111.92446136475,273.95001220703
07-APR-2024,11.527606867967,4783,J1924-2914,1.3832235336304,215103,AP-N202-F101,0.076251350343227,0.076251350343227,104.3871383667,273.95001220703
07-APR-2024,11.527606867967,4783,J1924-2914,1.3832235336304,227103,AP-N203-F102,0.078987635672092,0.078987635672092,117.73648834229,273.95001220703
07-APR-2024,11.527606867967,4783,J1924-2914,1.3832235336304,227103,AP-N204-F102,0.07897025346756,0.07897025346756,109.59265899658,273.95001220703
07-APR-2024,11.556634644145,4787,J1924-2914,1.3775933980942,215103,AP-N201-F101,0.076323971152306,0.076323971152306,111.92446136475,273.95001220703
07-APR-2024,11.556634644145,4787,J1924-2914,1.3775933980942,215103,AP-N202-F101,0.076251350343227,0.076251350343227,104.3871383667,273.95001220703
07-APR-2024,11.556634644145,4787,J1924-2914,1.3775933980942,227103,AP-N203-F102,0.078987635672092,0.078987635672092,117.73648834229,273.95001220703
07-APR-2024,11.556634644145,4787,J1924-2914,1.3775933980942,227103,AP-N204-F102,0.07897025346756,0.07897025346756,109.59265899658,273.95001220703
07-APR-2024,11.677884641957,4792,J1743-0350,0.85790759325027,215103,AP-N201-F101,0.083713077008724,0.083713077008724,124.08827972412,274.04998779297
07-APR-2024,11.677884641957,4792,J1743-0350,0.85790759325027,215103,AP-N202-F101,0.083203941583633,0.083203941583633,116.18478393555,274.04998779297
07-APR-2024,11.677884641957,4792,J1743-0350,0.85790759325027,227103,AP-N203-F102,0.087208032608032,0.087208032608032,131.10247802734,274.04998779297
07-APR-2024,11.677884641957,4792,J1743-0350,0.85790759325027,227103,AP-N204-F102,0.087110474705696,0.087110474705696,122.44898223877,274.04998779297
07-APR-2024,11.711912420656,4796,J1743-0350,0.85028833150864,215103,AP-N201-F101,0.083713077008724,0.083713077008724,124.08827972412,274.04998779297
07-APR-2024,11.711912420656,4796,J1743-0350,0.85028833150864,215103,AP-N202-F101,0.083203941583633,0.083203941583633,116.18478393555,274.04998779297
07-APR-2024,11.711912420656,4796,J1743-0350,0.85028833150864,227103,AP-N203-F102,0.087208032608032,0.087208032608032,131.10247802734,274.04998779297
07-APR-2024,11.711912420656,4796,J1743-0350,0.85028833150864,227103,AP-N204-F102,0.087110474705696,0.087110474705696,122.44898223877,274.04998779297
07-APR-2024,1.177908516965,4245,J1159+2914,0.49243339896202,215103,AP-N201-F101,0.1611812710762,0.1611812710762,224.23059082031,273.04998779297
07-APR-2024,1.177908516965,4245,J1159+2914,0.49243339896202,215103,AP-N202-F101,0.1604463160038,0.1604463160038,214.08811950684,273.04998779297
07-APR-2024,1.177908516965,4245,J1159+2914,0.49243339896202,227103,AP-N203-F102,0.17093040049076,0.17093040049076,240.51725769043,273.04998779297
07-APR-2024,1.177908516965,4245,J1159+2914,0.49243339896202,227103,AP-N204-F102,0.17046688497066,0.17046688497066,229.16246032715,273.04998779297
07-APR-2024,11.944180865183,4804,J1939-1525,1.3263717889786,215103,AP-N201-F101,0.078072749078274,0.078072749078274,112.95249176025,273.75
07-APR-2024,11.944180865183,4804,J1939-1525,1.3263717889786,215103,AP-N202-F101,0.07810328155756,0.07810328155756,105.30054473877,273.75
07-APR-2024,11.944180865183,4804,J1939-1525,1.3263717889786,227103,AP-N203-F102,0.080581024289131,0.080581024289131,118.75421905518,273.75
07-APR-2024,11.944180865183,4804,J1939-1525,1.3263717889786,227103,AP-N204-F102,0.081071987748146,0.081071987748146,110.65319061279,273.75
07-APR-2024,11.969875310248,4808,J1939-1525,1.3210133314133,215103,AP-N201-F101,0.078072749078274,0.078072749078274,112.95249176025,273.75
07-APR-2024,11.969875310248,4808,J1939-1525,1.3210133314133,215103,AP-N202-F101,0.07810328155756,0.07810328155756,105.30054473877,273.75
07-APR-2024,11.969875310248,4808,J1939-1525,1.3210133314133,227103,AP-N203-F102,0.080581024289131,0.080581024289131,118.75421905518,273.75
07-APR-2024,11.969875310248,4808,J1939-1525,1.3210133314133,227103,AP-N204-F102,0.081071987748146,0.081071987748146,110.65319061279,273.75
07-APR-2024,12.033069753084,4811,J1939-1525,1.3076515197754,215103,AP-N201-F101,0.078812718391418,0.078812718391418,113.53924560547,274.95001220703
07-APR-2024,12.033069753084,4811,J1939-1525,1.3076515197754,215103,AP-N202-F101,0.078673467040062,0.078673467040062,105.91941833496,274.95001220703
07-APR-2024,12.033069753084,4811,J1939-1525,1.3076515197754,227103,AP-N203-F102,0.081782720983028,0.081782720983028,119.40531921387,274.95001220703
07-APR-2024,12.033069753084,4811,J1939-1525,1.3076515197754,227103,AP-N204-F102,0.081557333469391,0.081557333469391,111.26158905029,274.95001220703
07-APR-2024,12.069319752409,4815,J1939-1525,1.2998749017715,215103,AP-N201-F101,0.078812718391418,0.078812718391418,113.53924560547,274.95001220703
07-APR-2024,12.069319752409,4815,J1939-1525,1.2998749017715,215103,AP-N202-F101,0.078673467040062,0.078673467040062,105.91941833496,274.95001220703
07-APR-2024,12.069319752409,4815,J1939-1525,1.2998749017715,227103,AP-N203-F102,0.081782720983028,0.081782720983028,119.40531921387,274.95001220703
07-APR-2024,12.069319752409,4815,J1939-1525,1.2998749017715,227103,AP-N204-F102,0.081557333469391,0.081557333469391,111.26158905029,274.95001220703
07-APR-2024,1.2111029603967,4249,J1159+2914,0.49690961837769,215103,AP-N201-F101,0.1611812710762,0.1611812710762,224.23059082031,273.04998779297
07-APR-2024,1.2111029603967,4249,J1159+2914,0.49690961837769,215103,AP-N202-F101,0.1604463160038,0.1604463160038,214.08811950684,273.04998779297
07-APR-2024,1.2111029603967,4249,J1159+2914,0.49690961837769,227103,AP-N203-F102,0.17093040049076,0.17093040049076,240.51725769043,273.04998779297
07-APR-2024,1.2111029603967,4249,J1159+2914,0.49690961837769,227103,AP-N204-F102,0.17046688497066,0.17046688497066,229.16246032715,273.04998779297
07-APR-2024,12.211125306378,4820,J1924-2914,1.238667011261,215103,AP-N201-F101,0.080938287079334,0.080938287079334,114.99243927002,274.75
07-APR-2024,12.211125306378,4820,J1924-2914,1.238667011261,215103,AP-N202-F101,0.080651342868805,0.080651342868805,107.18705749512,274.75
07-APR-2024,12.211125306378,4820,J1924-2914,1.238667011261,227103,AP-N203-F102,0.0837447270751,0.0837447270751,120.98983764648,274.75
07-APR-2024,12.211125306378,4820,J1924-2914,1.238667011261,227103,AP-N204-F102,0.083626635372639,0.083626635372639,112.64949798584,274.75
07-APR-2024,12.240986416775,4824,J1924-2914,1.232027888298,215103,AP-N201-F101,0.080938287079334,0.080938287079334,114.99243927002,274.75
07-APR-2024,12.240986416775,4824,J1924-2914,1.232027888298,215103,AP-N202-F101,0.080651342868805,0.080651342868805,107.18705749512,274.75
07-APR-2024,12.240986416775,4824,J1924-2914,1.232027888298,227103,AP-N203-F102,0.0837447270751,0.0837447270751,120.98983764648,274.75
07-APR-2024,12.240986416775,4824,J1924-2914,1.232027888298,227103,AP-N204-F102,0.083626635372639,0.083626635372639,112.64949798584,274.75
07-APR-2024,12.394736414553,4829,J2129-1538,1.3832005262375,215103,AP-N201-F101,0.079801164567471,0.079801164567471,113.4554977417,275.14999389648
07-APR-2024,12.394736414553,4829,J2129-1538,1.3832005262375,215103,AP-N202-F101,0.079832635819912,0.079832635819912,105.88046264648,275.14999389648
07-APR-2024,12.394736414553,4829,J2129-1538,1.3832005262375,227103,AP-N203-F102,0.082633942365646,0.082633942365646,119.44277954102,275.14999389648
07-APR-2024,12.394736414553,4829,J2129-1538,1.3832005262375,227103,AP-N204-F102,0.082635328173637,0.082635328173637,111.05632781982,275.14999389648
07-APR-2024,12.419597526272,4833,J2129-1538,1.3875731229782,215103,AP-N201-F101,0.079801164567471,0.079801164567471,113.4554977417,275.14999389648
07-APR-2024,12.419597526272,4833,J2129-1538,1.3875731229782,215103,AP-N202-F101,0.079832635819912,0.079832635819912,105.88046264648,275.14999389648
07-APR-2024,12.419597526272,4833,J2129-1538,1.3875731229782,227103,AP-N203-F102,0.082633942365646,0.082633942365646,119.44277954102,275.14999389648
07-APR-2024,12.419597526272,4833,J2129-1538,1.3875731229782,227103,AP-N204-F102,0.082635328173637,0.082635328173637,111.05632781982,275.14999389648
07-APR-2024,12.483069747123,4836,J2129-1538,1.398260474205,215103,AP-N201-F101,0.080484792590141,0.080484792590141,113.86193084717,275.25
07-APR-2024,12.483069747123,4836,J2129-1538,1.398260474205,215103,AP-N202-F101,0.080844327807426,0.080844327807426,106.12002563477,275.25
07-APR-2024,12.483069747123,4836,J2129-1538,1.398260474205,227103,AP-N203-F102,0.083890236914158,0.083890236914158,119.75706481934,275.25
07-APR-2024,12.483069747123,4836,J2129-1538,1.398260474205,227103,AP-N204-F102,0.083953805267811,0.083953805267811,111.54543304443,275.25
07-APR-2024,12.519041968608,4840,J2129-1538,1.4039560556412,215103,AP-N201-F101,0.080484792590141,0.080484792590141,113.86193084717,275.25
07-APR-2024,12.519041968608,4840,J2129-1538,1.4039560556412,215103,AP-N202-F101,0.080844327807426,0.080844327807426,106.12002563477,275.25
07-APR-2024,12.519041968608,4840,J2129-1538,1.4039560556412,227103,AP-N203-F102,0.083890236914158,0.083890236914158,119.75706481934,275.25
07-APR-2024,12.519041968608,4840,J2129-1538,1.4039560556412,227103,AP-N204-F102,0.083953805267811,0.083953805267811,111.54543304443,275.25
07-APR-2024,12.831147410599,4852,W-AQL,0.96835750341415,215103,AP-N201-F101,0,0,0,0
07-APR-2024,12.831147410599,4852,W-AQL,0.96835750341415,215103,AP-N202-F101,0,0,0,0
07-APR-2024,12.831147410599,4852,W-AQL,0.96835750341415,227103,AP-N203-F102,0,0,0,0
07-APR-2024,12.831147410599,4852,W-AQL,0.96835750341415,227103,AP-N204-F102,0,0,0,0
07-APR-2024,12.86461963711,4856,J1743-0350,0.58309417963028,215103,AP-N201-F101,0,0,0,0
07-APR-2024,12.86461963711,4856,J1743-0350,0.58309417963028,215103,AP-N202-F101,0,0,0,0
07-APR-2024,12.86461963711,4856,J1743-0350,0.58309417963028,227103,AP-N203-F102,0,0,0,0
07-APR-2024,12.86461963711,4856,J1743-0350,0.58309417963028,227103,AP-N204-F102,0,0,0,0
07-APR-2024,12.994480746396,4861,J1924-2914,1.0615788698196,215103,AP-N201-F101,0.084743343293667,0.084743343293667,119.31387329102,275.85000610352
07-APR-2024,12.994480746396,4861,J1924-2914,1.0615788698196,215103,AP-N202-F101,0.084333717823029,0.084333717823029,111.47331237793,275.85000610352
07-APR-2024,12.994480746396,4861,J1924-2914,1.0615788698196,227103,AP-N203-F102,0.088251113891602,0.088251113891602,125.81492614746,275.85000610352
07-APR-2024,12.994480746396,4861,J1924-2914,1.0615788698196,227103,AP-N204-F102,0.088049799203873,0.088049799203873,117.33495330811,275.85000610352
07-APR-2024,13.024064079651,4865,J1924-2914,1.0548210144043,215103,AP-N201-F101,0.084743343293667,0.084743343293667,119.31387329102,275.85000610352
07-APR-2024,13.024064079651,4865,J1924-2914,1.0548210144043,215103,AP-N202-F101,0.084333717823029,0.084333717823029,111.47331237793,275.85000610352
07-APR-2024,13.024064079651,4865,J1924-2914,1.0548210144043,227103,AP-N203-F102,0.088251113891602,0.088251113891602,125.81492614746,275.85000610352
07-APR-2024,13.024064079651,4865,J1924-2914,1.0548210144043,227103,AP-N204-F102,0.088049799203873,0.088049799203873,117.33495330811,275.85000610352
07-APR-2024,1.3042974049079,4254,J0956+2515,0.72986179590225,215103,AP-N201-F101,0.15495598316193,0.15495598316193,174.03778076172,273.35000610352
07-APR-2024,1.3042974049079,4254,J0956+2515,0.72986179590225,215103,AP-N202-F101,0.15436075627804,0.15436075627804,165.28363037109,273.35000610352
07-APR-2024,1.3042974049079,4254,J0956+2515,0.72986179590225,227103,AP-N203-F102,0.16414470970631,0.16414470970631,185.72518920898,273.35000610352
07-APR-2024,1.3042974049079,4254,J0956+2515,0.72986179590225,227103,AP-N204-F102,0.1637200564146,0.1637200564146,175.75993347168,273.35000610352
07-APR-2024,13.143647411645,4870,J2025-0735,1.1536132097244,215103,AP-N201-F101,0.088702283799648,0.088702283799648,119.42743682861,275.95001220703
07-APR-2024,13.143647411645,4870,J2025-0735,1.1536132097244,215103,AP-N202-F101,0.088692583143711,0.088692583143711,111.65468597412,275.95001220703
07-APR-2024,13.143647411645,4870,J2025-0735,1.1536132097244,227103,AP-N203-F102,0.092162162065506,0.092162162065506,125.89972686768,275.95001220703
07-APR-2024,13.143647411645,4870,J2025-0735,1.1536132097244,227103,AP-N204-F102,0.092490062117577,0.092490062117577,117.43392944336,275.95001220703
07-APR-2024,13.169897412739,4874,J2025-0735,1.1485494375229,215103,AP-N201-F101,0.088702283799648,0.088702283799648,119.42743682861,275.95001220703
07-APR-2024,13.169897412739,4874,J2025-0735,1.1485494375229,215103,AP-N202-F101,0.088692583143711,0.088692583143711,111.65468597412,275.95001220703
07-APR-2024,13.169897412739,4874,J2025-0735,1.1485494375229,227103,AP-N203-F102,0.092162162065506,0.092162162065506,125.89972686768,275.95001220703
07-APR-2024,13.169897412739,4874,J2025-0735,1.1485494375229,227103,AP-N204-F102,0.092490062117577,0.092490062117577,117.43392944336,275.95001220703
07-APR-2024,13.261702969621,4879,J1939-1525,1.0238020420074,215103,AP-N201-F101,0.089217528700829,0.089217528700829,122.26942443848,276.04998779297
07-APR-2024,13.261702969621,4879,J1939-1525,1.0238020420074,215103,AP-N202-F101,0.088742084801197,0.088742084801197,114.34466552734,276.04998779297
07-APR-2024,13.261702969621,4879,J1939-1525,1.0238020420074,227103,AP-N203-F102,0.093016885221004,0.093016885221004,128.96824645996,276.04998779297
07-APR-2024,13.261702969621,4879,J1939-1525,1.0238020420074,227103,AP-N204-F102,0.093326553702354,0.093326553702354,120.51580810547,276.04998779297
07-APR-2024,13.286841853243,4883,J1939-1525,1.0177885293961,215103,AP-N201-F101,0.089217528700829,0.089217528700829,122.26942443848,276.04998779297
07-APR-2024,13.286841853243,4883,J1939-1525,1.0177885293961,215103,AP-N202-F101,0.088742084801197,0.088742084801197,114.34466552734,276.04998779297
07-APR-2024,13.286841853243,4883,J1939-1525,1.0177885293961,227103,AP-N203-F102,0.093016885221004,0.093016885221004,128.96824645996,276.04998779297
07-APR-2024,13.286841853243,4883,J1939-1525,1.0177885293961,227103,AP-N204-F102,0.093326553702354,0.093326553702354,120.51580810547,276.04998779297
07-APR-2024,13.350036298873,4886,J1939-1525,1.002657532692,215103,AP-N201-F101,0.087567038834095,0.087567038834095,122.11971282959,276.14999389648
07-APR-2024,13.350036298873,4886,J1939-1525,1.002657532692,215103,AP-N202-F101,0.087482661008835,0.087482661008835,114.24884796143,276.14999389648
07-APR-2024,13.350036298873,4886,J1939-1525,1.002657532692,227103,AP-N203-F102,0.091279409825802,0.091279409825802,128.88636779785,276.14999389648
07-APR-2024,13.350036298873,4886,J1939-1525,1.002657532692,227103,AP-N204-F102,0.091447949409485,0.091447949409485,120.26289367676,276.14999389648
07-APR-2024,1.3366585149936,4258,J0956+2515,0.73014050722122,215103,AP-N201-F101,0.15495598316193,0.15495598316193,174.03778076172,273.35000610352
07-APR-2024,1.3366585149936,4258,J0956+2515,0.73014050722122,215103,AP-N202-F101,0.15436075627804,0.15436075627804,165.28363037109,273.35000610352
07-APR-2024,1.3366585149936,4258,J0956+2515,0.73014050722122,227103,AP-N203-F102,0.16414470970631,0.16414470970631,185.72518920898,273.35000610352
07-APR-2024,1.3366585149936,4258,J0956+2515,0.73014050722122,227103,AP-N204-F102,0.1637200564146,0.1637200564146,175.75993347168,273.35000610352
07-APR-2024,13.387119631544,4890,J1939-1525,0.99376940727234,215103,AP-N201-F101,0.087567038834095,0.087567038834095,122.11971282959,276.14999389648
07-APR-2024,13.387119631544,4890,J1939-1525,0.99376940727234,215103,AP-N202-F101,0.087482661008835,0.087482661008835,114.24884796143,276.14999389648
07-APR-2024,13.387119631544,4890,J1939-1525,0.99376940727234,227103,AP-N203-F102,0.091279409825802,0.091279409825802,128.88636779785,276.14999389648
07-APR-2024,13.387119631544,4890,J1939-1525,0.99376940727234,227103,AP-N204-F102,0.091447949409485,0.091447949409485,120.26289367676,276.14999389648
07-APR-2024,13.527604043218,4897,J1924-2914,0.93954503536224,215103,AP-N201-F101,0.086386866867542,0.086386866867542,123.28554534912,276.35000610352
07-APR-2024,13.527604043218,4897,J1924-2914,0.93954503536224,215103,AP-N202-F101,0.086578495800495,0.086578495800495,115.45777130127,276.35000610352
07-APR-2024,13.527604043218,4897,J1924-2914,0.93954503536224,227103,AP-N203-F102,0.09029047191143,0.09029047191143,130.2077331543,276.35000610352
07-APR-2024,13.527604043218,4897,J1924-2914,0.93954503536224,227103,AP-N204-F102,0.090463623404503,0.090463623404503,121.61595916748,276.35000610352
07-APR-2024,13.557187377871,4901,J1924-2914,0.93276542425156,215103,AP-N201-F101,0.086386866867542,0.086386866867542,123.28554534912,276.35000610352
07-APR-2024,13.557187377871,4901,J1924-2914,0.93276542425156,215103,AP-N202-F101,0.086578495800495,0.086578495800495,115.45777130127,276.35000610352
07-APR-2024,13.557187377871,4901,J1924-2914,0.93276542425156,227103,AP-N203-F102,0.09029047191143,0.09029047191143,130.2077331543,276.35000610352
07-APR-2024,13.557187377871,4901,J1924-2914,0.93276542425156,227103,AP-N204-F102,0.090463623404503,0.090463623404503,121.61595916748,276.35000610352
07-APR-2024,13.710937374078,4906,J2129-1538,1.339732170105,215103,AP-N201-F101,0.088408835232258,0.088408835232258,116.96775054932,276.54998779297
07-APR-2024,13.710937374078,4906,J2129-1538,1.339732170105,215103,AP-N202-F101,0.088045746088028,0.088045746088028,109.29368591309,276.54998779297
07-APR-2024,13.710937374078,4906,J2129-1538,1.339732170105,227103,AP-N203-F102,0.091562002897263,0.091562002897263,123.35397338867,276.54998779297
07-APR-2024,13.710937374078,4906,J2129-1538,1.339732170105,227103,AP-N204-F102,0.091422893106937,0.091422893106937,114.74835968018,276.54998779297
07-APR-2024,13.736909594189,4910,J2129-1538,1.3343954086304,215103,AP-N201-F101,0.088408835232258,0.088408835232258,116.96775054932,276.54998779297
07-APR-2024,13.736909594189,4910,J2129-1538,1.3343954086304,215103,AP-N202-F101,0.088045746088028,0.088045746088028,109.29368591309,276.54998779297
07-APR-2024,13.736909594189,4910,J2129-1538,1.3343954086304,227103,AP-N203-F102,0.091562002897263,0.091562002897263,123.35397338867,276.54998779297
07-APR-2024,13.736909594189,4910,J2129-1538,1.3343954086304,227103,AP-N204-F102,0.091422893106937,0.091422893106937,114.74835968018,276.54998779297
07-APR-2024,13.799826262153,4913,J2129-1538,1.3212616443634,215103,AP-N201-F101,0.085493676364422,0.085493676364422,116.26295471191,276.64999389648
07-APR-2024,13.799826262153,4913,J2129-1538,1.3212616443634,215103,AP-N202-F101,0.08539853990078,0.08539853990078,108.37902069092,276.64999389648
07-APR-2024,13.799826262153,4913,J2129-1538,1.3212616443634,227103,AP-N203-F102,0.088535331189632,0.088535331189632,122.36731719971,276.64999389648
07-APR-2024,13.799826262153,4913,J2129-1538,1.3212616443634,227103,AP-N204-F102,0.088757500052452,0.088757500052452,113.97920227051,276.64999389648
07-APR-2024,13.836354038969,4917,J2129-1538,1.3135101795197,215103,AP-N201-F101,0.085493676364422,0.085493676364422,116.26295471191,276.64999389648
07-APR-2024,13.836354038969,4917,J2129-1538,1.3135101795197,215103,AP-N202-F101,0.08539853990078,0.08539853990078,108.37902069092,276.64999389648
07-APR-2024,13.836354038969,4917,J2129-1538,1.3135101795197,227103,AP-N203-F102,0.088535331189632,0.088535331189632,122.36731719971,276.64999389648
07-APR-2024,13.836354038969,4917,J2129-1538,1.3135101795197,227103,AP-N204-F102,0.088757500052452,0.088757500052452,113.97920227051,276.64999389648
07-APR-2024,13.994548485159,4922,BLLAC,0.42292582988739,215103,AP-N201-F101,0.090753883123398,0.090753883123398,169.21440124512,276.64999389648
07-APR-2024,13.994548485159,4922,BLLAC,0.42292582988739,215103,AP-N202-F101,0.090406276285648,0.090406276285648,160.19996643066,276.64999389648
07-APR-2024,13.994548485159,4922,BLLAC,0.42292582988739,227103,AP-N203-F102,0.095818415284157,0.095818415284157,180.69441223145,276.64999389648
07-APR-2024,13.994548485159,4922,BLLAC,0.42292582988739,227103,AP-N204-F102,0.095623336732388,0.095623336732388,170.1173248291,276.64999389648
07-APR-2024,14.024131815271,4926,BLLAC,0.4221385717392,215103,AP-N201-F101,0.090753883123398,0.090753883123398,169.21440124512,276.64999389648
07-APR-2024,14.024131815271,4926,BLLAC,0.4221385717392,215103,AP-N202-F101,0.090406276285648,0.090406276285648,160.19996643066,276.64999389648
07-APR-2024,14.024131815271,4926,BLLAC,0.4221385717392,227103,AP-N203-F102,0.095818415284157,0.095818415284157,180.69441223145,276.64999389648
07-APR-2024,14.024131815271,4926,BLLAC,0.4221385717392,227103,AP-N204-F102,0.095623336732388,0.095623336732388,170.1173248291,276.64999389648
07-APR-2024,14.127881817359,4931,J2015+3710,0.36089286208153,215103,AP-N201-F101,0.09235604852438,0.09235604852438,186.57577514648,277.14999389648
07-APR-2024,14.127881817359,4931,J2015+3710,0.36089286208153,215103,AP-N202-F101,0.091961145401001,0.091961145401001,176.97119140625,277.14999389648
07-APR-2024,14.127881817359,4931,J2015+3710,0.36089286208153,227103,AP-N203-F102,0.097585655748844,0.097585655748844,199.64503479004,277.14999389648
07-APR-2024,14.127881817359,4931,J2015+3710,0.36089286208153,227103,AP-N204-F102,0.097296126186848,0.097296126186848,188.5092010498,277.14999389648
07-APR-2024,14.156909593014,4935,J2015+3710,0.35733324289322,215103,AP-N201-F101,0.09235604852438,0.09235604852438,186.57577514648,277.14999389648
07-APR-2024,14.156909593014,4935,J2015+3710,0.35733324289322,215103,AP-N202-F101,0.091961145401001,0.091961145401001,176.97119140625,277.14999389648
07-APR-2024,14.156909593014,4935,J2015+3710,0.35733324289322,227103,AP-N203-F102,0.097585655748844,0.097585655748844,199.64503479004,277.14999389648
07-APR-2024,14.156909593014,4935,J2015+3710,0.35733324289322,227103,AP-N204-F102,0.097296126186848,0.097296126186848,188.5092010498,277.14999389648
07-APR-2024,14.34398948019,4942,J1924-2914,0.75270414352417,215103,AP-N201-F101,0.08897502720356,0.08897502720356,132.24125671387,277.04998779297
07-APR-2024,14.34398948019,4942,J1924-2914,0.75270414352417,215103,AP-N202-F101,0.088535808026791,0.088535808026791,124.01836395264,277.04998779297
07-APR-2024,14.34398948019,4942,J1924-2914,0.75270414352417,227103,AP-N203-F102,0.093633204698563,0.093633204698563,140.30972290039,277.04998779297
07-APR-2024,14.34398948019,4942,J1924-2914,0.75270414352417,227103,AP-N204-F102,0.093621224164963,0.093621224164963,131.28726196289,277.04998779297
07-APR-2024,14.373850590064,4946,J1924-2914,0.74588978290558,215103,AP-N201-F101,0.08897502720356,0.08897502720356,132.24125671387,277.04998779297
07-APR-2024,14.373850590064,4946,J1924-2914,0.74588978290558,215103,AP-N202-F101,0.088535808026791,0.088535808026791,124.01836395264,277.04998779297
07-APR-2024,14.373850590064,4946,J1924-2914,0.74588978290558,227103,AP-N203-F102,0.093633204698563,0.093633204698563,140.30972290039,277.04998779297
07-APR-2024,14.373850590064,4946,J1924-2914,0.74588978290558,227103,AP-N204-F102,0.093621224164963,0.093621224164963,131.28726196289,277.04998779297
07-APR-2024,14.544545032076,4951,BLLAC,0.40121051669121,215103,AP-N201-F101,0.094059854745865,0.094059854745865,177.96392822266,276.95001220703
07-APR-2024,14.544545032076,4951,BLLAC,0.40121051669121,215103,AP-N202-F101,0.093629948794842,0.093629948794842,168.40286254883,276.95001220703
07-APR-2024,14.544545032076,4951,BLLAC,0.40121051669121,227103,AP-N203-F102,0.09923542290926,0.09923542290926,189.9195098877,276.95001220703
07-APR-2024,14.544545032076,4951,BLLAC,0.40121051669121,227103,AP-N204-F102,0.099093236029148,0.099093236029148,179.29803466797,276.95001220703
07-APR-2024,14.574961701472,4955,BLLAC,0.39957663416862,215103,AP-N201-F101,0.094059854745865,0.094059854745865,177.96392822266,276.95001220703
07-APR-2024,14.574961701472,4955,BLLAC,0.39957663416862,215103,AP-N202-F101,0.093629948794842,0.093629948794842,168.40286254883,276.95001220703
07-APR-2024,14.574961701472,4955,BLLAC,0.39957663416862,227103,AP-N203-F102,0.09923542290926,0.09923542290926,189.9195098877,276.95001220703
07-APR-2024,14.574961701472,4955,BLLAC,0.39957663416862,227103,AP-N204-F102,0.099093236029148,0.099093236029148,179.29803466797,276.95001220703
07-APR-2024,14.677878364277,4960,J2015+3710,0.28838726878166,215103,AP-N201-F101,0.092944979667664,0.092944979667664,216.0785369873,277.25
07-APR-2024,14.677878364277,4960,J2015+3710,0.28838726878166,215103,AP-N202-F101,0.09248923510313,0.09248923510313,205.51655578613,277.25
07-APR-2024,14.677878364277,4960,J2015+3710,0.28838726878166,227103,AP-N203-F102,0.098222501575947,0.098222501575947,231.48957824707,277.25
07-APR-2024,14.677878364277,4960,J2015+3710,0.28838726878166,227103,AP-N204-F102,0.098127119243145,0.098127119243145,219.81904602051,277.25
07-APR-2024,14.707739477119,4964,J2015+3710,0.2841594517231,215103,AP-N201-F101,0.092944979667664,0.092944979667664,216.0785369873,277.25
07-APR-2024,14.707739477119,4964,J2015+3710,0.2841594517231,215103,AP-N202-F101,0.09248923510313,0.09248923510313,205.51655578613,277.25
07-APR-2024,14.707739477119,4964,J2015+3710,0.2841594517231,227103,AP-N203-F102,0.098222501575947,0.098222501575947,231.48957824707,277.25
07-APR-2024,14.707739477119,4964,J2015+3710,0.2841594517231,227103,AP-N204-F102,0.098127119243145,0.098127119243145,219.81904602051,277.25
07-APR-2024,14.811211696653,4969,BLLAC,0.38542166352272,215103,AP-N201-F101,0.097960330545902,0.097960330545902,186.67924499512,277.14999389648
07-APR-2024,14.811211696653,4969,BLLAC,0.38542166352272,215103,AP-N202-F101,0.097525589168072,0.097525589168072,176.94435119629,277.14999389648
07-APR-2024,14.811211696653,4969,BLLAC,0.38542166352272,227103,AP-N203-F102,0.10359578579664,0.10359578579664,199.69309997559,277.14999389648
07-APR-2024,14.811211696653,4969,BLLAC,0.38542166352272,227103,AP-N204-F102,0.10328348726034,0.10328348726034,188.49810791016,277.14999389648
07-APR-2024,14.841072809146,4973,BLLAC,0.38344630599022,215103,AP-N201-F101,0.097960330545902,0.097960330545902,186.67924499512,277.14999389648
07-APR-2024,14.841072809146,4973,BLLAC,0.38344630599022,215103,AP-N202-F101,0.097525589168072,0.097525589168072,176.94435119629,277.14999389648
07-APR-2024,14.841072809146,4973,BLLAC,0.38344630599022,227103,AP-N203-F102,0.10359578579664,0.10359578579664,199.69309997559,277.14999389648
07-APR-2024,14.841072809146,4973,BLLAC,0.38344630599022,227103,AP-N204-F102,0.10328348726034,0.10328348726034,188.49810791016,277.14999389648
07-APR-2024,15.011213888918,4980,J1924-2914,0.60103267431259,215103,AP-N201-F101,0.09380791336298,0.09380791336298,146.23759460449,277.14999389648
07-APR-2024,15.011213888918,4980,J1924-2914,0.60103267431259,215103,AP-N202-F101,0.093064464628696,0.093064464628696,137.44361877441,277.14999389648
07-APR-2024,15.011213888918,4980,J1924-2914,0.60103267431259,227103,AP-N203-F102,0.098403081297874,0.098403081297874,155.20883178711,277.14999389648
07-APR-2024,15.011213888918,4980,J1924-2914,0.60103267431259,227103,AP-N204-F102,0.098082028329372,0.098082028329372,145.58985900879,277.14999389648
07-APR-2024,15.040797224443,4984,J1924-2914,0.59434187412262,215103,AP-N201-F101,0.09380791336298,0.09380791336298,146.23759460449,277.14999389648
07-APR-2024,15.040797224443,4984,J1924-2914,0.59434187412262,215103,AP-N202-F101,0.093064464628696,0.093064464628696,137.44361877441,277.14999389648
07-APR-2024,15.040797224443,4984,J1924-2914,0.59434187412262,227103,AP-N203-F102,0.098403081297874,0.098403081297874,155.20883178711,277.14999389648
07-APR-2024,15.040797224443,4984,J1924-2914,0.59434187412262,227103,AP-N204-F102,0.098082028329372,0.098082028329372,145.58985900879,277.14999389648
07-APR-2024,15.178158333668,4989,J2225+2118,0.72679996490479,215103,AP-N201-F101,0.093171291053295,0.093171291053295,136.31929016113,277.54998779297
07-APR-2024,15.178158333668,4989,J2225+2118,0.72679996490479,215103,AP-N202-F101,0.09287466853857,0.09287466853857,128.02098083496,277.54998779297
07-APR-2024,15.178158333668,4989,J2225+2118,0.72679996490479,227103,AP-N203-F102,0.097832314670086,0.097832314670086,144.57424926758,277.54998779297
07-APR-2024,15.178158333668,4989,J2225+2118,0.72679996490479,227103,AP-N204-F102,0.097326219081879,0.097326219081879,135.16168212891,277.54998779297
07-APR-2024,15.204130553779,4993,J2225+2118,0.72415339946747,215103,AP-N201-F101,0.093171291053295,0.093171291053295,136.31929016113,277.54998779297
07-APR-2024,15.204130553779,4993,J2225+2118,0.72415339946747,215103,AP-N202-F101,0.09287466853857,0.09287466853857,128.02098083496,277.54998779297
07-APR-2024,15.204130553779,4993,J2225+2118,0.72415339946747,227103,AP-N203-F102,0.097832314670086,0.097832314670086,144.57424926758,277.54998779297
07-APR-2024,15.204130553779,4993,J2225+2118,0.72415339946747,227103,AP-N204-F102,0.097326219081879,0.097326219081879,135.16168212891,277.54998779297
07-APR-2024,1.5277695413844,4267,J0741+3112,0.45649713277817,215103,AP-N201-F101,0.15194074809551,0.15194074809551,224.88084411621,273.85000610352
07-APR-2024,1.5277695413844,4267,J0741+3112,0.45649713277817,215103,AP-N202-F101,0.15117016434669,0.15117016434669,214.62670898438,273.85000610352
07-APR-2024,1.5277695413844,4267,J0741+3112,0.45649713277817,227103,AP-N203-F102,0.16121459007263,0.16121459007263,241.47920227051,273.85000610352
07-APR-2024,1.5277695413844,4267,J0741+3112,0.45649713277817,227103,AP-N204-F102,0.16078740358353,0.16078740358353,229.74102783203,273.85000610352
07-APR-2024,15.345380552766,4998,J2025-0735,0.65873098373413,215103,AP-N201-F101,0.097634740173817,0.097634740173817,144.03598022461,277.54998779297
07-APR-2024,15.345380552766,4998,J2025-0735,0.65873098373413,215103,AP-N202-F101,0.09729640185833,0.09729640185833,135.49504089355,277.54998779297
07-APR-2024,15.345380552766,4998,J2025-0735,0.65873098373413,227103,AP-N203-F102,0.10266201198101,0.10266201198101,152.90126037598,277.54998779297
07-APR-2024,15.345380552766,4998,J2025-0735,0.65873098373413,227103,AP-N204-F102,0.10263175517321,0.10263175517321,143.41543579102,277.54998779297
07-APR-2024,15.37024166431,5002,J2025-0735,0.65278899669647,215103,AP-N201-F101,0.097634740173817,0.097634740173817,144.03598022461,277.54998779297
07-APR-2024,15.37024166431,5002,J2025-0735,0.65278899669647,215103,AP-N202-F101,0.09729640185833,0.09729640185833,135.49504089355,277.54998779297
07-APR-2024,15.37024166431,5002,J2025-0735,0.65278899669647,227103,AP-N203-F102,0.10266201198101,0.10266201198101,152.90126037598,277.54998779297
07-APR-2024,15.37024166431,5002,J2025-0735,0.65278899669647,227103,AP-N204-F102,0.10263175517321,0.10263175517321,143.41543579102,277.54998779297
07-APR-2024,15.477602777099,5007,J2257-3627,1.2337148189545,215103,AP-N201-F101,0.086441956460476,0.086441956460476,117.70983886719,277.35000610352
07-APR-2024,15.477602777099,5007,J2257-3627,1.2337148189545,215103,AP-N202-F101,0.086552865803242,0.086552865803242,109.78447723389,277.35000610352
07-APR-2024,15.477602777099,5007,J2257-3627,1.2337148189545,227103,AP-N203-F102,0.089689135551453,0.089689135551453,123.96224975586,277.35000610352
07-APR-2024,15.477602777099,5007,J2257-3627,1.2337148189545,227103,AP-N204-F102,0.090053707361221,0.090053707361221,115.43354034424,277.35000610352
07-APR-2024,15.512186108159,5011,J2257-3627,1.2279983758926,215103,AP-N201-F101,0.086441956460476,0.086441956460476,117.70983886719,277.35000610352
07-APR-2024,15.512186108159,5011,J2257-3627,1.2279983758926,215103,AP-N202-F101,0.086552865803242,0.086552865803242,109.78447723389,277.35000610352
07-APR-2024,15.512186108159,5011,J2257-3627,1.2279983758926,227103,AP-N203-F102,0.089689135551453,0.089689135551453,123.96224975586,277.35000610352
07-APR-2024,15.512186108159,5011,J2257-3627,1.2279983758926,227103,AP-N204-F102,0.090053707361221,0.090053707361221,115.43354034424,277.35000610352
07-APR-2024,1.5608250966818,4271,J0741+3112,0.45207130908966,215103,AP-N201-F101,0.15194074809551,0.15194074809551,224.88084411621,273.85000610352
07-APR-2024,1.5608250966818,4271,J0741+3112,0.45207130908966,215103,AP-N202-F101,0.15117016434669,0.15117016434669,214.62670898438,273.85000610352
07-APR-2024,1.5608250966818,4271,J0741+3112,0.45207130908966,227103,AP-N203-F102,0.16121459007263,0.16121459007263,241.47920227051,273.85000610352
07-APR-2024,1.5608250966818,4271,J0741+3112,0.45207130908966,227103,AP-N204-F102,0.16078740358353,0.16078740358353,229.74102783203,273.85000610352
07-APR-2024,15.62732499698,5016,J2225+2118,0.67520320415497,215103,AP-N201-F101,0.093122556805611,0.093122556805611,140.05062866211,277.35000610352
07-APR-2024,15.62732499698,5016,J2225+2118,0.67520320415497,215103,AP-N202-F101,0.092882342636585,0.092882342636585,131.60903930664,277.35000610352
07-APR-2024,15.62732499698,5016,J2225+2118,0.67520320415497,227103,AP-N203-F102,0.09802071005106,0.09802071005106,148.53974914551,277.35000610352
07-APR-2024,15.62732499698,5016,J2225+2118,0.67520320415497,227103,AP-N204-F102,0.097651183605194,0.097651183605194,139.09454345703,277.35000610352
07-APR-2024,15.653991661081,5020,J2225+2118,0.67177051305771,215103,AP-N201-F101,0.093122556805611,0.093122556805611,140.05062866211,277.35000610352
07-APR-2024,15.653991661081,5020,J2225+2118,0.67177051305771,215103,AP-N202-F101,0.092882342636585,0.092882342636585,131.60903930664,277.35000610352
07-APR-2024,15.653991661081,5020,J2225+2118,0.67177051305771,227103,AP-N203-F102,0.09802071005106,0.09802071005106,148.53974914551,277.35000610352
07-APR-2024,15.653991661081,5020,J2225+2118,0.67177051305771,227103,AP-N204-F102,0.097651183605194,0.097651183605194,139.09454345703,277.35000610352
07-APR-2024,15.911356880819,5027,J2025-0735,0.52288854122162,215103,AP-N201-F101,0.094260863959789,0.094260863959789,155.99150085449,277.54998779297
07-APR-2024,15.911356880819,5027,J2025-0735,0.52288854122162,215103,AP-N202-F101,0.093830838799477,0.093830838799477,146.93560791016,277.54998779297
07-APR-2024,15.911356880819,5027,J2025-0735,0.52288854122162,227103,AP-N203-F102,0.099413014948368,0.099413014948368,165.77865600586,277.54998779297
07-APR-2024,15.911356880819,5027,J2025-0735,0.52288854122162,227103,AP-N204-F102,0.099264569580555,0.099264569580555,155.82420349121,277.54998779297
07-APR-2024,15.936495771251,5031,J2025-0735,0.51683282852173,215103,AP-N201-F101,0.094260863959789,0.094260863959789,155.99150085449,277.54998779297
07-APR-2024,15.936495771251,5031,J2025-0735,0.51683282852173,215103,AP-N202-F101,0.093830838799477,0.093830838799477,146.93560791016,277.54998779297
07-APR-2024,15.936495771251,5031,J2025-0735,0.51683282852173,227103,AP-N203-F102,0.099413014948368,0.099413014948368,165.77865600586,277.54998779297
07-APR-2024,15.936495771251,5031,J2025-0735,0.51683282852173,227103,AP-N204-F102,0.099264569580555,0.099264569580555,155.82420349121,277.54998779297
07-APR-2024,16.003856881516,5036,J2257-3627,1.1396721601486,215103,AP-N201-F101,0.083254501223564,0.083254501223564,117.73043060303,277.25
07-APR-2024,16.003856881516,5036,J2257-3627,1.1396721601486,215103,AP-N202-F101,0.083203576505184,0.083203576505184,109.74103546143,277.25
07-APR-2024,16.003856881516,5036,J2257-3627,1.1396721601486,227103,AP-N203-F102,0.086886584758759,0.086886584758759,123.99307250977,277.25
07-APR-2024,16.003856881516,5036,J2257-3627,1.1396721601486,227103,AP-N204-F102,0.087154000997543,0.087154000997543,115.56834411621,277.25
07-APR-2024,16.078440215101,5040,J2257-3627,1.1254017353058,215103,AP-N201-F101,0.083254501223564,0.083254501223564,117.73043060303,277.25
07-APR-2024,16.078440215101,5040,J2257-3627,1.1254017353058,215103,AP-N202-F101,0.083203576505184,0.083203576505184,109.74103546143,277.25
07-APR-2024,16.078440215101,5040,J2257-3627,1.1254017353058,227103,AP-N203-F102,0.086886584758759,0.086886584758759,123.99307250977,277.25
07-APR-2024,16.078440215101,5040,J2257-3627,1.1254017353058,227103,AP-N204-F102,0.087154000997543,0.087154000997543,115.56834411621,277.25
07-APR-2024,1.6942973187632,4274,J0741+3112,0.43377354741096,215103,AP-N201-F101,0.14933057129383,0.14933057129383,229.94165039062,273.25
07-APR-2024,1.6942973187632,4274,J0741+3112,0.43377354741096,215103,AP-N202-F101,0.14903363585472,0.14903363585472,219.73042297363,273.25
07-APR-2024,1.6942973187632,4274,J0741+3112,0.43377354741096,227103,AP-N203-F102,0.15883547067642,0.15883547067642,247.43678283691,273.25
07-APR-2024,1.6942973187632,4274,J0741+3112,0.43377354741096,227103,AP-N204-F102,0.15824483335018,0.15824483335018,235.25228881836,273.25
07-APR-2024,1.727769539162,4278,J0741+3112,0.42907333374023,215103,AP-N201-F101,0.14933057129383,0.14933057129383,229.94165039062,273.25
07-APR-2024,1.727769539162,4278,J0741+3112,0.42907333374023,215103,AP-N202-F101,0.14903363585472,0.14903363585472,219.73042297363,273.25
07-APR-2024,1.727769539162,4278,J0741+3112,0.42907333374023,227103,AP-N203-F102,0.15883547067642,0.15883547067642,247.43678283691,273.25
07-APR-2024,1.727769539162,4278,J0741+3112,0.42907333374023,227103,AP-N204-F102,0.15824483335018,0.15824483335018,235.25228881836,273.25
07-APR-2024,1.860963983054,4283,J0909+0121,1.0445120334625,215103,AP-N201-F101,0.14454488456249,0.14454488456249,146.81942749023,273.85000610352
07-APR-2024,1.860963983054,4283,J0909+0121,1.0445120334625,215103,AP-N202-F101,0.14471358060837,0.14471358060837,138.7135925293,273.85000610352
07-APR-2024,1.860963983054,4283,J0909+0121,1.0445120334625,227103,AP-N203-F102,0.15234872698784,0.15234872698784,155.58346557617,273.85000610352
07-APR-2024,1.860963983054,4283,J0909+0121,1.0445120334625,227103,AP-N204-F102,0.15220393240452,0.15220393240452,146.67486572266,273.85000610352
07-APR-2024,1.8944362067706,4287,J0909+0121,1.0393849611282,215103,AP-N201-F101,0.14454488456249,0.14454488456249,146.81942749023,273.85000610352
07-APR-2024,1.8944362067706,4287,J0909+0121,1.0393849611282,215103,AP-N202-F101,0.14471358060837,0.14471358060837,138.7135925293,273.85000610352
07-APR-2024,1.8944362067706,4287,J0909+0121,1.0393849611282,227103,AP-N203-F102,0.15234872698784,0.15234872698784,155.58346557617,273.85000610352
07-APR-2024,1.8944362067706,4287,J0909+0121,1.0393849611282,227103,AP-N204-F102,0.15220393240452,0.15220393240452,146.67486572266,273.85000610352
07-APR-2024,2.0281862056445,4292,3C279,0.8984289765358,215103,AP-N201-F101,0.14343868196011,0.14343868196011,153.44635009766,273.54998779297
07-APR-2024,2.0281862056445,4292,3C279,0.8984289765358,215103,AP-N202-F101,0.14291413128376,0.14291413128376,145.18406677246,273.54998779297
07-APR-2024,2.0281862056445,4292,3C279,0.8984289765358,227103,AP-N203-F102,0.15133902430534,0.15133902430534,163.08657836914,273.54998779297
07-APR-2024,2.0281862056445,4292,3C279,0.8984289765358,227103,AP-N204-F102,0.15081609785557,0.15081609785557,153.87394714355,273.54998779297
07-APR-2024,2.0563806481276,4296,3C279,0.90479421615601,215103,AP-N201-F101,0.14343868196011,0.14343868196011,153.44635009766,273.54998779297
07-APR-2024,2.0563806481276,4296,3C279,0.90479421615601,215103,AP-N202-F101,0.14291413128376,0.14291413128376,145.18406677246,273.54998779297
07-APR-2024,2.0563806481276,4296,3C279,0.90479421615601,227103,AP-N203-F102,0.15133902430534,0.15133902430534,163.08657836914,273.54998779297
07-APR-2024,2.0563806481276,4296,3C279,0.90479421615601,227103,AP-N204-F102,0.15081609785557,0.15081609785557,153.87394714355,273.54998779297
07-APR-2024,2.1776306485592,4301,J1159+2914,0.60431361198425,215103,AP-N201-F101,0.14118674397469,0.14118674397469,181.36058044434,273.85000610352
07-APR-2024,2.1776306485592,4301,J1159+2914,0.60431361198425,215103,AP-N202-F101,0.14021079242229,0.14021079242229,172.12533569336,273.85000610352
07-APR-2024,2.1776306485592,4301,J1159+2914,0.60431361198425,227103,AP-N203-F102,0.14935953915119,0.14935953915119,193.48719787598,273.85000610352
07-APR-2024,2.1776306485592,4301,J1159+2914,0.60431361198425,227103,AP-N204-F102,0.14906932413578,0.14906932413578,183.39649963379,273.85000610352
07-APR-2024,2.2113806452265,4305,J1159+2914,0.60715848207474,215103,AP-N201-F101,0.14118674397469,0.14118674397469,181.36058044434,273.85000610352
07-APR-2024,2.2113806452265,4305,J1159+2914,0.60715848207474,215103,AP-N202-F101,0.14021079242229,0.14021079242229,172.12533569336,273.85000610352
07-APR-2024,2.2113806452265,4305,J1159+2914,0.60715848207474,227103,AP-N203-F102,0.14935953915119,0.14935953915119,193.48719787598,273.85000610352
07-APR-2024,2.2113806452265,4305,J1159+2914,0.60715848207474,227103,AP-N204-F102,0.14906932413578,0.14906932413578,183.39649963379,273.85000610352
07-APR-2024,2.3273528675679,4310,J0956+2515,0.70021885633469,215103,AP-N201-F101,0.14006166160107,0.14006166160107,167.50132751465,273.75
07-APR-2024,2.3273528675679,4310,J0956+2515,0.70021885633469,215103,AP-N202-F101,0.13949431478977,0.13949431478977,158.91558837891,273.75
07-APR-2024,2.3273528675679,4310,J0956+2515,0.70021885633469,227103,AP-N203-F102,0.14798213541508,0.14798213541508,178.4489440918,273.75
07-APR-2024,2.3273528675679,4310,J0956+2515,0.70021885633469,227103,AP-N204-F102,0.14774076640606,0.14774076640606,168.82019042969,273.75
07-APR-2024,2.3533250890759,4314,J0956+2515,0.69846546649933,215103,AP-N201-F101,0.14006166160107,0.14006166160107,167.50132751465,273.75
07-APR-2024,2.3533250890759,4314,J0956+2515,0.69846546649933,215103,AP-N202-F101,0.13949431478977,0.13949431478977,158.91558837891,273.75
07-APR-2024,2.3533250890759,4314,J0956+2515,0.69846546649933,227103,AP-N203-F102,0.14798213541508,0.14798213541508,178.4489440918,273.75
07-APR-2024,2.3533250890759,4314,J0956+2515,0.69846546649933,227103,AP-N204-F102,0.14774076640606,0.14774076640606,168.82019042969,273.75
07-APR-2024,2.4441584241283,4319,J0909+0121,0.94450044631958,215103,AP-N201-F101,0.14001385867596,0.14001385867596,148.83036804199,273.54998779297
07-APR-2024,2.4441584241283,4319,J0909+0121,0.94450044631958,215103,AP-N202-F101,0.13975827395916,0.13975827395916,140.72314453125,273.54998779297
07-APR-2024,2.4441584241283,4319,J0909+0121,0.94450044631958,227103,AP-N203-F102,0.14741338789463,0.14741338789463,158.03158569336,273.54998779297
07-APR-2024,2.4441584241283,4319,J0909+0121,0.94450044631958,227103,AP-N204-F102,0.1473845243454,0.1473845243454,149.06512451172,273.54998779297
07-APR-2024,2.4788806434982,4323,J0909+0121,0.93793731927872,215103,AP-N201-F101,0.14001385867596,0.14001385867596,148.83036804199,273.54998779297
07-APR-2024,2.4788806434982,4323,J0909+0121,0.93793731927872,215103,AP-N202-F101,0.13975827395916,0.13975827395916,140.72314453125,273.54998779297
07-APR-2024,2.4788806434982,4323,J0909+0121,0.93793731927872,227103,AP-N203-F102,0.14741338789463,0.14741338789463,158.03158569336,273.54998779297
07-APR-2024,2.4788806434982,4323,J0909+0121,0.93793731927872,227103,AP-N204-F102,0.1473845243454,0.1473845243454,149.06512451172,273.54998779297
07-APR-2024,2.6826306422054,4327,J1159+2914,0.63967210054398,215103,AP-N201-F101,0.14303873479366,0.14303873479366,176.97314453125,273.45001220703
07-APR-2024,2.6826306422054,4327,J1159+2914,0.63967210054398,215103,AP-N202-F101,0.14237613976002,0.14237613976002,167.97613525391,273.45001220703
07-APR-2024,2.6826306422054,4327,J1159+2914,0.63967210054398,227103,AP-N203-F102,0.15126971900463,0.15126971900463,188.81828308105,273.45001220703
07-APR-2024,2.6826306422054,4327,J1159+2914,0.63967210054398,227103,AP-N204-F102,0.15075424313545,0.15075424313545,178.97384643555,273.45001220703
07-APR-2024,2.7144361969601,4331,J1159+2914,0.64135295152664,215103,AP-N201-F101,0.14303873479366,0.14303873479366,176.97314453125,273.45001220703
07-APR-2024,2.7144361969601,4331,J1159+2914,0.64135295152664,215103,AP-N202-F101,0.14237613976002,0.14237613976002,167.97613525391,273.45001220703
07-APR-2024,2.7144361969601,4331,J1159+2914,0.64135295152664,227103,AP-N203-F102,0.15126971900463,0.15126971900463,188.81828308105,273.45001220703
07-APR-2024,2.7144361969601,4331,J1159+2914,0.64135295152664,227103,AP-N204-F102,0.15075424313545,0.15075424313545,178.97384643555,273.45001220703
07-APR-2024,2.7779084172873,4334,J1159+2914,0.6445220708847,215103,AP-N201-F101,0.14014145731926,0.14014145731926,174.55590820312,273.95001220703
07-APR-2024,2.7779084172873,4334,J1159+2914,0.6445220708847,215103,AP-N202-F101,0.13944379985332,0.13944379985332,165.79010009766,273.95001220703
07-APR-2024,2.7779084172873,4334,J1159+2914,0.6445220708847,227103,AP-N203-F102,0.14840142428875,0.14840142428875,186.36534118652,273.95001220703
07-APR-2024,2.7779084172873,4334,J1159+2914,0.6445220708847,227103,AP-N204-F102,0.14776311814785,0.14776311814785,176.21321105957,273.95001220703
07-APR-2024,2.8108250856728,4338,3C279,1.0678341388702,215103,AP-N201-F101,0.14014145731926,0.14014145731926,174.55590820312,273.95001220703
07-APR-2024,2.8108250856728,4338,3C279,1.0678341388702,215103,AP-N202-F101,0.13944379985332,0.13944379985332,165.79010009766,273.95001220703
07-APR-2024,2.8108250856728,4338,3C279,1.0678341388702,227103,AP-N203-F102,0.14840142428875,0.14840142428875,186.36534118652,273.95001220703
07-APR-2024,2.8108250856728,4338,3C279,1.0678341388702,227103,AP-N204-F102,0.14776311814785,0.14776311814785,176.21321105957,273.95001220703
07-APR-2024,2.9284639736583,4343,J1504+1029,0.47472214698792,215103,AP-N201-F101,0.13902896642685,0.13902896642685,206.79879760742,273.64999389648
07-APR-2024,2.9284639736583,4343,J1504+1029,0.47472214698792,215103,AP-N202-F101,0.1384978890419,0.1384978890419,197.21020507812,273.64999389648
07-APR-2024,2.9284639736583,4343,J1504+1029,0.47472214698792,227103,AP-N203-F102,0.1471755951643,0.1471755951643,221.56217956543,273.64999389648
07-APR-2024,2.9284639736583,4343,J1504+1029,0.47472214698792,227103,AP-N204-F102,0.14678449928761,0.14678449928761,210.61131286621,273.64999389648
07-APR-2024,2.961658417963,4347,J1504+1029,0.48191979527473,215103,AP-N201-F101,0.13902896642685,0.13902896642685,206.79879760742,273.64999389648
07-APR-2024,2.961658417963,4347,J1504+1029,0.48191979527473,215103,AP-N202-F101,0.1384978890419,0.1384978890419,197.21020507812,273.64999389648
07-APR-2024,2.961658417963,4347,J1504+1029,0.48191979527473,227103,AP-N203-F102,0.1471755951643,0.1471755951643,221.56217956543,273.64999389648
07-APR-2024,2.961658417963,4347,J1504+1029,0.48191979527473,227103,AP-N204-F102,0.14678449928761,0.14678449928761,210.61131286621,273.64999389648
07-APR-2024,3.160765637938,4354,J0909+0121,0.7997904419899,215103,AP-N201-F101,0.12939237058163,0.12939237058163,151.78469848633,273.45001220703
07-APR-2024,3.160765637938,4354,J0909+0121,0.7997904419899,215103,AP-N202-F101,0.12902836501598,0.12902836501598,143.66889953613,273.45001220703
07-APR-2024,3.160765637938,4354,J0909+0121,0.7997904419899,227103,AP-N203-F102,0.13634429872036,0.13634429872036,161.26765441895,273.45001220703
07-APR-2024,3.160765637938,4354,J0909+0121,0.7997904419899,227103,AP-N204-F102,0.1363117992878,0.1363117992878,152.01338195801,273.45001220703
07-APR-2024,3.1942378597337,4358,J0909+0121,0.79264116287231,215103,AP-N201-F101,0.12939237058163,0.12939237058163,151.78469848633,273.45001220703
07-APR-2024,3.1942378597337,4358,J0909+0121,0.79264116287231,215103,AP-N202-F101,0.12902836501598,0.12902836501598,143.66889953613,273.45001220703
07-APR-2024,3.1942378597337,4358,J0909+0121,0.79264116287231,227103,AP-N203-F102,0.13634429872036,0.13634429872036,161.26765441895,273.45001220703
07-APR-2024,3.1942378597337,4358,J0909+0121,0.79264116287231,227103,AP-N204-F102,0.1363117992878,0.1363117992878,152.01338195801,273.45001220703
07-APR-2024,3.3274323048481,4363,J1159+2914,0.6604905128479,215103,AP-N201-F101,0.12238522619009,0.12238522619009,159.67190551758,273.75
07-APR-2024,3.3274323048481,4363,J1159+2914,0.6604905128479,215103,AP-N202-F101,0.12175391614437,0.12175391614437,151.1089630127,273.75
07-APR-2024,3.3274323048481,4363,J1159+2914,0.6604905128479,227103,AP-N203-F102,0.1290577352047,0.1290577352047,170.03651428223,273.75
07-APR-2024,3.3274323048481,4363,J1159+2914,0.6604905128479,227103,AP-N204-F102,0.12866777181625,0.12866777181625,160.49926757812,273.75
07-APR-2024,3.3617378615613,4367,J1159+2914,0.66078841686249,215103,AP-N201-F101,0.12238522619009,0.12238522619009,159.67190551758,273.75
07-APR-2024,3.3617378615613,4367,J1159+2914,0.66078841686249,215103,AP-N202-F101,0.12175391614437,0.12175391614437,151.1089630127,273.75
07-APR-2024,3.3617378615613,4367,J1159+2914,0.66078841686249,227103,AP-N203-F102,0.1290577352047,0.1290577352047,170.03651428223,273.75
07-APR-2024,3.3617378615613,4367,J1159+2914,0.66078841686249,227103,AP-N204-F102,0.12866777181625,0.12866777181625,160.49926757812,273.75
07-APR-2024,3.4940989680911,4372,3C279,1.192822098732,215103,AP-N201-F101,0.11064796894789,0.11064796894789,127.51392364502,273.75
07-APR-2024,3.4940989680911,4372,3C279,1.192822098732,215103,AP-N202-F101,0.11031974107027,0.11031974107027,119.87149047852,273.75
07-APR-2024,3.4940989680911,4372,3C279,1.192822098732,227103,AP-N203-F102,0.11581624299288,0.11581624299288,134.69372558594,273.75
07-APR-2024,3.4940989680911,4372,3C279,1.192822098732,227103,AP-N204-F102,0.11572805047035,0.11572805047035,126.34288787842,273.75
07-APR-2024,3.5236823023944,4376,3C279,1.1973693370819,215103,AP-N201-F101,0.11064796894789,0.11064796894789,127.51392364502,273.75
07-APR-2024,3.5236823023944,4376,3C279,1.1973693370819,215103,AP-N202-F101,0.11031974107027,0.11031974107027,119.87149047852,273.75
07-APR-2024,3.5236823023944,4376,3C279,1.1973693370819,227103,AP-N203-F102,0.11581624299288,0.11581624299288,134.69372558594,273.75
07-APR-2024,3.5236823023944,4376,3C279,1.1973693370819,227103,AP-N204-F102,0.11572805047035,0.11572805047035,126.34288787842,273.75
07-APR-2024,3.6435434111805,4381,J1504+1029,0.62502974271774,215103,AP-N201-F101,0.12276369333267,0.12276369333267,164.43786621094,273.85000610352
07-APR-2024,3.6435434111805,4381,J1504+1029,0.62502974271774,215103,AP-N202-F101,0.122180134058,0.122180134058,155.95899963379,273.85000610352
07-APR-2024,3.6435434111805,4381,J1504+1029,0.62502974271774,227103,AP-N203-F102,0.12962917983532,0.12962917983532,175.22424316406,273.85000610352
07-APR-2024,3.6435434111805,4381,J1504+1029,0.62502974271774,227103,AP-N204-F102,0.12918736040592,0.12918736040592,165.56275939941,273.85000610352
07-APR-2024,3.6781267446861,4385,J1504+1029,0.63200151920319,215103,AP-N201-F101,0.12276369333267,0.12276369333267,164.43786621094,273.85000610352
07-APR-2024,3.6781267446861,4385,J1504+1029,0.63200151920319,215103,AP-N202-F101,0.122180134058,0.122180134058,155.95899963379,273.85000610352
07-APR-2024,3.6781267446861,4385,J1504+1029,0.63200151920319,227103,AP-N203-F102,0.12962917983532,0.12962917983532,175.22424316406,273.85000610352
07-APR-2024,3.6781267446861,4385,J1504+1029,0.63200151920319,227103,AP-N204-F102,0.12918736040592,0.12918736040592,165.56275939941,273.85000610352
07-APR-2024,3.8774322981252,4390,3C279,1.2433636188507,215103,AP-N201-F101,0.10962681472301,0.10962681472301,126.26425170898,273.64999389648
07-APR-2024,3.8774322981252,4390,3C279,1.2433636188507,215103,AP-N202-F101,0.10952635109425,0.10952635109425,118.71653747559,273.64999389648
07-APR-2024,3.8774322981252,4390,3C279,1.2433636188507,227103,AP-N203-F102,0.11479536443949,0.11479536443949,133.28703308105,273.64999389648
07-APR-2024,3.8774322981252,4390,3C279,1.2433636188507,227103,AP-N204-F102,0.11476594209671,0.11476594209671,125.01703643799,273.64999389648
07-APR-2024,3.9071545184673,4394,3C279,1.2463920116425,215103,AP-N201-F101,0.10962681472301,0.10962681472301,126.26425170898,273.64999389648
07-APR-2024,3.9071545184673,4394,3C279,1.2463920116425,215103,AP-N202-F101,0.10952635109425,0.10952635109425,118.71653747559,273.64999389648
07-APR-2024,3.9071545184673,4394,3C279,1.2463920116425,227103,AP-N203-F102,0.11479536443949,0.11479536443949,133.28703308105,273.64999389648
07-APR-2024,3.9071545184673,4394,3C279,1.2463920116425,227103,AP-N204-F102,0.11476594209671,0.11476594209671,125.01703643799,273.64999389648
07-APR-2024,4.0288211855719,4399,J0909+0121,0.60728615522385,215103,AP-N201-F101,0.11396989971399,0.11396989971399,159.33688354492,273.75
07-APR-2024,4.0288211855719,4399,J0909+0121,0.60728615522385,215103,AP-N202-F101,0.11339439451694,0.11339439451694,150.83639526367,273.75
07-APR-2024,4.0288211855719,4399,J0909+0121,0.60728615522385,227103,AP-N203-F102,0.12052208185196,0.12052208185196,169.8420715332,273.75
07-APR-2024,4.0288211855719,4399,J0909+0121,0.60728615522385,227103,AP-N204-F102,0.1198455914855,0.1198455914855,160.05351257324,273.75
07-APR-2024,4.0611823001979,4403,J0909+0121,0.5998814702034,215103,AP-N201-F101,0.11396989971399,0.11396989971399,159.33688354492,273.75
07-APR-2024,4.0611823001979,4403,J0909+0121,0.5998814702034,215103,AP-N202-F101,0.11339439451694,0.11339439451694,150.83639526367,273.75
07-APR-2024,4.0611823001979,4403,J0909+0121,0.5998814702034,227103,AP-N203-F102,0.12052208185196,0.12052208185196,169.8420715332,273.75
07-APR-2024,4.0611823001979,4403,J0909+0121,0.5998814702034,227103,AP-N204-F102,0.1198455914855,0.1198455914855,160.05351257324,273.75
07-APR-2024,4.1943767378035,4408,J1159+2914,0.64299291372299,215103,AP-N201-F101,0.10052292793989,0.10052292793989,146.44129943848,274.25
07-APR-2024,4.1943767378035,4408,J1159+2914,0.64299291372299,215103,AP-N202-F101,0.10013663768768,0.10013663768768,138.32661437988,274.25
07-APR-2024,4.1943767378035,4408,J1159+2914,0.64299291372299,227103,AP-N203-F102,0.10581903904676,0.10581903904676,155.6478729248,274.25
07-APR-2024,4.1943767378035,4408,J1159+2914,0.64299291372299,227103,AP-N204-F102,0.10558246076107,0.10558246076107,146.48516845703,274.25
07-APR-2024,4.2284045191212,4412,J1159+2914,0.64125442504883,215103,AP-N201-F101,0.10052292793989,0.10052292793989,146.44129943848,274.25
07-APR-2024,4.2284045191212,4412,J1159+2914,0.64125442504883,215103,AP-N202-F101,0.10013663768768,0.10013663768768,138.32661437988,274.25
07-APR-2024,4.2284045191212,4412,J1159+2914,0.64125442504883,227103,AP-N203-F102,0.10581903904676,0.10581903904676,155.6478729248,274.25
07-APR-2024,4.2284045191212,4412,J1159+2914,0.64125442504883,227103,AP-N204-F102,0.10558246076107,0.10558246076107,146.48516845703,274.25
07-APR-2024,4.361043404539,4417,J1504+1029,0.76207911968231,215103,AP-N201-F101,0.097768321633339,0.097768321633339,136.26376342773,274.35000610352
07-APR-2024,4.361043404539,4417,J1504+1029,0.76207911968231,215103,AP-N202-F101,0.097433425486088,0.097433425486088,128.54095458984,274.35000610352
07-APR-2024,4.361043404539,4417,J1504+1029,0.76207911968231,227103,AP-N203-F102,0.10289422422647,0.10289422422647,144.54788208008,274.35000610352
07-APR-2024,4.361043404539,4417,J1504+1029,0.76207911968231,227103,AP-N204-F102,0.10252732783556,0.10252732783556,135.85440063477,274.35000610352
07-APR-2024,4.3947934017301,4421,J1504+1029,0.76805943250656,215103,AP-N201-F101,0.097768321633339,0.097768321633339,136.26376342773,274.35000610352
07-APR-2024,4.3947934017301,4421,J1504+1029,0.76805943250656,215103,AP-N202-F101,0.097433425486088,0.097433425486088,128.54095458984,274.35000610352
07-APR-2024,4.3947934017301,4421,J1504+1029,0.76805943250656,227103,AP-N203-F102,0.10289422422647,0.10289422422647,144.54788208008,274.35000610352
07-APR-2024,4.3947934017301,4421,J1504+1029,0.76805943250656,227103,AP-N204-F102,0.10252732783556,0.10252732783556,135.85440063477,274.35000610352
07-APR-2024,4.527710070576,4426,3C279,1.2712112665176,215103,AP-N201-F101,0.082246653735638,0.082246653735638,114.91787719727,274.85000610352
07-APR-2024,4.527710070576,4426,3C279,1.2712112665176,215103,AP-N202-F101,0.082108743488789,0.082108743488789,107.67735290527,274.85000610352
07-APR-2024,4.527710070576,4426,3C279,1.2712112665176,227103,AP-N203-F102,0.085447110235691,0.085447110235691,121.14289855957,274.85000610352
07-APR-2024,4.527710070576,4426,3C279,1.2712112665176,227103,AP-N204-F102,0.085703879594803,0.085703879594803,113.10297393799,274.85000610352
07-APR-2024,4.5578489588134,4430,3C279,1.2703619003296,215103,AP-N201-F101,0.082246653735638,0.082246653735638,114.91787719727,274.85000610352
07-APR-2024,4.5578489588134,4430,3C279,1.2703619003296,215103,AP-N202-F101,0.082108743488789,0.082108743488789,107.67735290527,274.85000610352
07-APR-2024,4.5578489588134,4430,3C279,1.2703619003296,227103,AP-N203-F102,0.085447110235691,0.085447110235691,121.14289855957,274.85000610352
07-APR-2024,4.5578489588134,4430,3C279,1.2703619003296,227103,AP-N204-F102,0.085703879594803,0.085703879594803,113.10297393799,274.85000610352
07-APR-2024,4.6779878445665,4435,J1743-0350,0.38002720475197,215103,AP-N201-F101,0.088303260505199,0.088303260505199,176.37860107422,274.85000610352
07-APR-2024,4.6779878445665,4435,J1743-0350,0.38002720475197,215103,AP-N202-F101,0.087706916034222,0.087706916034222,167.53758239746,274.85000610352
07-APR-2024,4.6779878445665,4435,J1743-0350,0.38002720475197,227103,AP-N203-F102,0.09312416613102,0.09312416613102,188.21363830566,274.85000610352
07-APR-2024,4.6779878445665,4435,J1743-0350,0.38002720475197,227103,AP-N204-F102,0.09298961609602,0.09298961609602,178.32362365723,274.85000610352
07-APR-2024,4.7039600646775,4439,J1743-0350,0.38627597689629,215103,AP-N201-F101,0.088303260505199,0.088303260505199,176.37860107422,274.85000610352
07-APR-2024,4.7039600646775,4439,J1743-0350,0.38627597689629,215103,AP-N202-F101,0.087706916034222,0.087706916034222,167.53758239746,274.85000610352
07-APR-2024,4.7039600646775,4439,J1743-0350,0.38627597689629,227103,AP-N203-F102,0.09312416613102,0.09312416613102,188.21363830566,274.85000610352
07-APR-2024,4.7039600646775,4439,J1743-0350,0.38627597689629,227103,AP-N204-F102,0.09298961609602,0.09298961609602,178.32362365723,274.85000610352
07-APR-2024,4.8941615145348,4446,3C273,1.0747537612915,215103,AP-N201-F101,0.089310631155968,0.089310631155968,120.42357635498,274.75
07-APR-2024,4.8941615145348,4446,3C273,1.0747537612915,215103,AP-N202-F101,0.089053452014923,0.089053452014923,113.26542663574,274.75
07-APR-2024,4.8941615145348,4446,3C273,1.0747537612915,227103,AP-N203-F102,0.092921152710915,0.092921152710915,127.05186462402,274.75
07-APR-2024,4.8941615145348,4446,3C273,1.0747537612915,227103,AP-N204-F102,0.093033336102962,0.093033336102962,119.12566375732,274.75
07-APR-2024,4.9281892923601,4450,3C273,1.0705052614212,215103,AP-N201-F101,0.089310631155968,0.089310631155968,120.42357635498,274.75
07-APR-2024,4.9281892923601,4450,3C273,1.0705052614212,215103,AP-N202-F101,0.089053452014923,0.089053452014923,113.26542663574,274.75
07-APR-2024,4.9281892923601,4450,3C273,1.0705052614212,227103,AP-N203-F102,0.092921152710915,0.092921152710915,127.05186462402,274.75
07-APR-2024,4.9281892923601,4450,3C273,1.0705052614212,227103,AP-N204-F102,0.093033336102962,0.093033336102962,119.12566375732,274.75
07-APR-2024,5.0205503986359,4455,M87,0.90080595016479,215103,AP-N201-F101,0.092000804841518,0.092000804841518,126.29587554932,274.85000610352
07-APR-2024,5.0205503986359,4455,M87,0.90080595016479,215103,AP-N202-F101,0.091537959873676,0.091537959873676,118.9034576416,274.85000610352
07-APR-2024,5.0205503986359,4455,M87,0.90080595016479,227103,AP-N203-F102,0.096077241003513,0.096077241003513,133.74345397949,274.85000610352
07-APR-2024,5.0205503986359,4455,M87,0.90080595016479,227103,AP-N204-F102,0.096077263355255,0.096077263355255,125.46865081787,274.85000610352
07-APR-2024,5.0606892905167,4459,M87,0.89665544033051,215103,AP-N201-F101,0.092000804841518,0.092000804841518,126.29587554932,274.85000610352
07-APR-2024,5.0606892905167,4459,M87,0.89665544033051,215103,AP-N202-F101,0.091537959873676,0.091537959873676,118.9034576416,274.85000610352
07-APR-2024,5.0606892905167,4459,M87,0.89665544033051,227103,AP-N203-F102,0.096077241003513,0.096077241003513,133.74345397949,274.85000610352
07-APR-2024,5.0606892905167,4459,M87,0.89665544033051,227103,AP-N204-F102,0.096077263355255,0.096077263355255,125.46865081787,274.85000610352
07-APR-2024,5.1538837308369,4464,3C279,1.2184981107712,215103,AP-N201-F101,0.089444972574711,0.089444972574711,118.16385650635,274.85000610352
07-APR-2024,5.1538837308369,4464,3C279,1.2184981107712,215103,AP-N202-F101,0.089192010462284,0.089192010462284,110.86755371094,274.85000610352
07-APR-2024,5.1538837308369,4464,3C279,1.2184981107712,227103,AP-N203-F102,0.093445658683777,0.093445658683777,124.59470367432,274.85000610352
07-APR-2024,5.1538837308369,4464,3C279,1.2184981107712,227103,AP-N204-F102,0.092675030231476,0.092675030231476,116.49655914307,274.85000610352
07-APR-2024,5.194300400034,4468,3C279,1.2129381895065,215103,AP-N201-F101,0.089444972574711,0.089444972574711,118.16385650635,274.85000610352
07-APR-2024,5.194300400034,4468,3C279,1.2129381895065,215103,AP-N202-F101,0.089192010462284,0.089192010462284,110.86755371094,274.85000610352
07-APR-2024,5.194300400034,4468,3C279,1.2129381895065,227103,AP-N203-F102,0.093445658683777,0.093445658683777,124.59470367432,274.85000610352
07-APR-2024,5.194300400034,4468,3C279,1.2129381895065,227103,AP-N204-F102,0.092675030231476,0.092675030231476,116.49655914307,274.85000610352
07-APR-2024,5.5287318124033,4479,J0956+2515,0.23233626782894,215103,AP-N201-F101,0.094693571329117,0.094693571329117,253.99900817871,274.54998779297
07-APR-2024,5.5287318124033,4479,J0956+2515,0.23233626782894,215103,AP-N202-F101,0.094202242791653,0.094202242791653,243.21733093262,274.54998779297
07-APR-2024,5.5287318124033,4479,J0956+2515,0.23233626782894,227103,AP-N203-F102,0.10040041059256,0.10040041059256,273.62924194336,274.54998779297
07-APR-2024,5.5287318124033,4479,J0956+2515,0.23233626782894,227103,AP-N204-F102,0.10013929009438,0.10013929009438,261.75424194336,274.54998779297
07-APR-2024,5.5527595902524,4483,J0956+2515,0.22757923603058,215103,AP-N201-F101,0.094693571329117,0.094693571329117,253.99900817871,274.54998779297
07-APR-2024,5.5527595902524,4483,J0956+2515,0.22757923603058,215103,AP-N202-F101,0.094202242791653,0.094202242791653,243.21733093262,274.54998779297
07-APR-2024,5.5527595902524,4483,J0956+2515,0.22757923603058,227103,AP-N203-F102,0.10040041059256,0.10040041059256,273.62924194336,274.54998779297
07-APR-2024,5.5527595902524,4483,J0956+2515,0.22757923603058,227103,AP-N204-F102,0.10013929009438,0.10013929009438,261.75424194336,274.54998779297
07-APR-2024,5.6612318079405,4488,J1159+2914,0.5060219168663,215103,AP-N201-F101,0.090445913374424,0.090445913374424,153.48348999023,275.25
07-APR-2024,5.6612318079405,4488,J1159+2914,0.5060219168663,215103,AP-N202-F101,0.089752987027168,0.089752987027168,145.40071105957,275.25
07-APR-2024,5.6612318079405,4488,J1159+2914,0.5060219168663,227103,AP-N203-F102,0.095403797924519,0.095403797924519,163.44448852539,275.25
07-APR-2024,5.6612318079405,4488,J1159+2914,0.5060219168663,227103,AP-N204-F102,0.09477361291647,0.09477361291647,154.14469909668,275.25
07-APR-2024,5.6949818094972,4492,J1159+2914,0.50156313180923,215103,AP-N201-F101,0.090445913374424,0.090445913374424,153.48348999023,275.25
07-APR-2024,5.6949818094972,4492,J1159+2914,0.50156313180923,215103,AP-N202-F101,0.089752987027168,0.089752987027168,145.40071105957,275.25
07-APR-2024,5.6949818094972,4492,J1159+2914,0.50156313180923,227103,AP-N203-F102,0.095403797924519,0.095403797924519,163.44448852539,275.25
07-APR-2024,5.6949818094972,4492,J1159+2914,0.50156313180923,227103,AP-N204-F102,0.09477361291647,0.09477361291647,154.14469909668,275.25
07-APR-2024,5.8278984748506,4497,M87,0.79501938819885,215103,AP-N201-F101,0.087657645344734,0.087657645344734,128.20922851562,275.14999389648
07-APR-2024,5.8278984748506,4497,M87,0.79501938819885,215103,AP-N202-F101,0.08692317456007,0.08692317456007,120.84071350098,275.14999389648
07-APR-2024,5.8278984748506,4497,M87,0.79501938819885,227103,AP-N203-F102,0.091534569859505,0.091534569859505,135.82302856445,275.14999389648
07-APR-2024,5.8278984748506,4497,M87,0.79501938819885,227103,AP-N204-F102,0.091490499675274,0.091490499675274,127.65944671631,275.14999389648
07-APR-2024,5.8610929177584,4501,M87,0.78979361057281,215103,AP-N201-F101,0.087657645344734,0.087657645344734,128.20922851562,275.14999389648
07-APR-2024,5.8610929177584,4501,M87,0.78979361057281,215103,AP-N202-F101,0.08692317456007,0.08692317456007,120.84071350098,275.14999389648
07-APR-2024,5.8610929177584,4501,M87,0.78979361057281,227103,AP-N203-F102,0.091534569859505,0.091534569859505,135.82302856445,275.14999389648
07-APR-2024,5.8610929177584,4501,M87,0.78979361057281,227103,AP-N204-F102,0.091490499675274,0.091490499675274,127.65944671631,275.14999389648
07-APR-2024,5.9540095847786,4506,3C279,1.0798935890198,215103,AP-N201-F101,0.082430772483349,0.082430772483349,117.30801391602,275.35000610352
07-APR-2024,5.9540095847786,4506,3C279,1.0798935890198,215103,AP-N202-F101,0.081891112029552,0.081891112029552,110.20121765137,275.35000610352
07-APR-2024,5.9540095847786,4506,3C279,1.0798935890198,227103,AP-N203-F102,0.08560149371624,0.08560149371624,123.7121963501,275.35000610352
07-APR-2024,5.9540095847786,4506,3C279,1.0798935890198,227103,AP-N204-F102,0.085548661649227,0.085548661649227,115.87992095947,275.35000610352
07-APR-2024,5.9947040291965,4510,3C279,1.0716816186905,215103,AP-N201-F101,0.082430772483349,0.082430772483349,117.30801391602,275.35000610352
07-APR-2024,5.9947040291965,4510,3C279,1.0716816186905,215103,AP-N202-F101,0.081891112029552,0.081891112029552,110.20121765137,275.35000610352
07-APR-2024,5.9947040291965,4510,3C279,1.0716816186905,227103,AP-N203-F102,0.08560149371624,0.08560149371624,123.7121963501,275.35000610352
07-APR-2024,5.9947040291965,4510,3C279,1.0716816186905,227103,AP-N204-F102,0.085548661649227,0.085548661649227,115.87992095947,275.35000610352
07-APR-2024,6.2108613600417,4518,J1407+2827,0.66089588403702,215103,AP-N201-F101,0.089084506034851,0.089084506034851,136.62670898437,274.95001220703
07-APR-2024,6.2108613600417,4518,J1407+2827,0.66089588403702,215103,AP-N202-F101,0.088332585990429,0.088332585990429,129.15022277832,274.95001220703
07-APR-2024,6.2108613600417,4518,J1407+2827,0.66089588403702,227103,AP-N203-F102,0.093560963869095,0.093560963869095,145.05241394043,274.95001220703
07-APR-2024,6.2108613600417,4518,J1407+2827,0.66089588403702,227103,AP-N204-F102,0.093052975833416,0.093052975833416,136.6088104248,274.95001220703
07-APR-2024,6.2362780258694,4522,J1407+2827,0.65975499153137,215103,AP-N201-F101,0.089084506034851,0.089084506034851,136.62670898437,274.95001220703
07-APR-2024,6.2362780258694,4522,J1407+2827,0.65975499153137,215103,AP-N202-F101,0.088332585990429,0.088332585990429,129.15022277832,274.95001220703
07-APR-2024,6.2362780258694,4522,J1407+2827,0.65975499153137,227103,AP-N203-F102,0.093560963869095,0.093560963869095,145.05241394043,274.95001220703
07-APR-2024,6.2362780258694,4522,J1407+2827,0.65975499153137,227103,AP-N204-F102,0.093052975833416,0.093052975833416,136.6088104248,274.95001220703
07-APR-2024,6.5111391350721,4527,J1159+2914,0.38028585910797,215103,AP-N201-F101,0.086212508380413,0.086212508380413,171.86378479004,275.04998779297
07-APR-2024,6.5111391350721,4527,J1159+2914,0.38028585910797,215103,AP-N202-F101,0.085581459105015,0.085581459105015,163.5451965332,275.04998779297
07-APR-2024,6.5111391350721,4527,J1159+2914,0.38028585910797,227103,AP-N203-F102,0.091094449162483,0.091094449162483,183.74320983887,275.04998779297
07-APR-2024,6.5111391350721,4527,J1159+2914,0.38028585910797,227103,AP-N204-F102,0.090688958764076,0.090688958764076,174.07513427734,275.04998779297
07-APR-2024,6.5446113554708,4531,J1159+2914,0.37481653690338,215103,AP-N201-F101,0.086212508380413,0.086212508380413,171.86378479004,275.04998779297
07-APR-2024,6.5446113554708,4531,J1159+2914,0.37481653690338,215103,AP-N202-F101,0.085581459105015,0.085581459105015,163.5451965332,275.04998779297
07-APR-2024,6.5446113554708,4531,J1159+2914,0.37481653690338,227103,AP-N203-F102,0.091094449162483,0.091094449162483,183.74320983887,275.04998779297
07-APR-2024,6.5446113554708,4531,J1159+2914,0.37481653690338,227103,AP-N204-F102,0.090688958764076,0.090688958764076,174.07513427734,275.04998779297
07-APR-2024,6.710861357105,4536,J1407+2827,0.6306277513504,215103,AP-N201-F101,0.08774621784687,0.08774621784687,138.26406860352,275.25
07-APR-2024,6.710861357105,4536,J1407+2827,0.6306277513504,215103,AP-N202-F101,0.087203271687031,0.087203271687031,130.78663635254,275.25
07-APR-2024,6.710861357105,4536,J1407+2827,0.6306277513504,227103,AP-N203-F102,0.092447124421597,0.092447124421597,146.89549255371,275.25
07-APR-2024,6.710861357105,4536,J1407+2827,0.6306277513504,227103,AP-N204-F102,0.091798357665539,0.091798357665539,138.51712036133,275.25
07-APR-2024,6.7365558005982,4540,J1407+2827,0.62863790988922,215103,AP-N201-F101,0.08774621784687,0.08774621784687,138.26406860352,275.25
07-APR-2024,6.7365558005982,4540,J1407+2827,0.62863790988922,215103,AP-N202-F101,0.087203271687031,0.087203271687031,130.78663635254,275.25
07-APR-2024,6.7365558005982,4540,J1407+2827,0.62863790988922,227103,AP-N203-F102,0.092447124421597,0.092447124421597,146.89549255371,275.25
07-APR-2024,6.7365558005982,4540,J1407+2827,0.62863790988922,227103,AP-N204-F102,0.091798357665539,0.091798357665539,138.51712036133,275.25
07-APR-2024,6.8611391302224,4545,J1504+1029,0.98207718133926,215103,AP-N201-F101,0.082492016255856,0.082492016255856,119.1089630127,275.25
07-APR-2024,6.8611391302224,4545,J1504+1029,0.98207718133926,215103,AP-N202-F101,0.081873916089535,0.081873916089535,112.13832855225,275.25
07-APR-2024,6.8611391302224,4545,J1504+1029,0.98207718133926,227103,AP-N203-F102,0.086160995066166,0.086160995066166,125.97917938232,275.25
07-APR-2024,6.8611391302224,4545,J1504+1029,0.98207718133926,227103,AP-N204-F102,0.085634052753448,0.085634052753448,118.03972625732,275.25
07-APR-2024,6.8907224669705,4549,J1504+1029,0.98096489906311,215103,AP-N201-F101,0.082492016255856,0.082492016255856,119.1089630127,275.25
07-APR-2024,6.8907224669705,4549,J1504+1029,0.98096489906311,215103,AP-N202-F101,0.081873916089535,0.081873916089535,112.13832855225,275.25
07-APR-2024,6.8907224669705,4549,J1504+1029,0.98096489906311,227103,AP-N203-F102,0.086160995066166,0.086160995066166,125.97917938232,275.25
07-APR-2024,6.8907224669705,4549,J1504+1029,0.98096489906311,227103,AP-N204-F102,0.085634052753448,0.085634052753448,118.03972625732,275.25
07-APR-2024,7.0441946858611,4554,J1755+1820,0.63115537166595,215103,AP-N201-F101,0.084823586046696,0.084823586046696,136.34745788574,275.25
07-APR-2024,7.0441946858611,4554,J1755+1820,0.63115537166595,215103,AP-N202-F101,0.083895035088062,0.083895035088062,128.95794677734,275.25
07-APR-2024,7.0441946858611,4554,J1755+1820,0.63115537166595,227103,AP-N203-F102,0.088944837450981,0.088944837450981,144.70576477051,275.25
07-APR-2024,7.0441946858611,4554,J1755+1820,0.63115537166595,227103,AP-N204-F102,0.088726729154587,0.088726729154587,136.28317260742,275.25
07-APR-2024,7.0701669057975,4558,J1755+1820,0.63540583848953,215103,AP-N201-F101,0.084823586046696,0.084823586046696,136.34745788574,275.25
07-APR-2024,7.0701669057975,4558,J1755+1820,0.63540583848953,215103,AP-N202-F101,0.083895035088062,0.083895035088062,128.95794677734,275.25
07-APR-2024,7.0701669057975,4558,J1755+1820,0.63540583848953,227103,AP-N203-F102,0.088944837450981,0.088944837450981,144.70576477051,275.25
07-APR-2024,7.0701669057975,4558,J1755+1820,0.63540583848953,227103,AP-N204-F102,0.088726729154587,0.088726729154587,136.28317260742,275.25
07-APR-2024,7.1941946842816,4563,J1743-0350,0.96265906095505,215103,AP-N201-F101,0.079173691570759,0.079173691570759,118.17087554932,275.14999389648
07-APR-2024,7.1941946842816,4563,J1743-0350,0.96265906095505,215103,AP-N202-F101,0.078748174011707,0.078748174011707,111.34864807129,275.14999389648
07-APR-2024,7.1941946842816,4563,J1743-0350,0.96265906095505,227103,AP-N203-F102,0.082597248256207,0.082597248256207,124.87674713135,275.14999389648
07-APR-2024,7.1941946842816,4563,J1743-0350,0.96265906095505,227103,AP-N204-F102,0.082277990877628,0.082277990877628,117.18635559082,275.14999389648
07-APR-2024,7.2232224608092,4567,J1743-0350,0.96878856420517,215103,AP-N201-F101,0.079173691570759,0.079173691570759,118.17087554932,275.14999389648
07-APR-2024,7.2232224608092,4567,J1743-0350,0.96878856420517,215103,AP-N202-F101,0.078748174011707,0.078748174011707,111.34864807129,275.14999389648
07-APR-2024,7.2232224608092,4567,J1743-0350,0.96878856420517,227103,AP-N203-F102,0.082597248256207,0.082597248256207,124.87674713135,275.14999389648
07-APR-2024,7.2232224608092,4567,J1743-0350,0.96878856420517,227103,AP-N204-F102,0.082277990877628,0.082277990877628,117.18635559082,275.14999389648
07-APR-2024,7.3953057955154,4572,M87,0.5011910200119,215103,AP-N201-F101,0.084238551557064,0.084238551557064,148.16255187988,274.85000610352
07-APR-2024,7.3953057955154,4572,M87,0.5011910200119,215103,AP-N202-F101,0.083321563899517,0.083321563899517,140.47552490234,274.85000610352
07-APR-2024,7.3953057955154,4572,M87,0.5011910200119,227103,AP-N203-F102,0.088703997433186,0.088703997433186,157.86860656738,274.85000610352
07-APR-2024,7.3953057955154,4572,M87,0.5011910200119,227103,AP-N204-F102,0.088124133646488,0.088124133646488,148.97605895996,274.85000610352
07-APR-2024,7.427944683092,4576,M87,0.4943288564682,215103,AP-N201-F101,0.084238551557064,0.084238551557064,148.16255187988,274.85000610352
07-APR-2024,7.427944683092,4576,M87,0.4943288564682,215103,AP-N202-F101,0.083321563899517,0.083321563899517,140.47552490234,274.85000610352
07-APR-2024,7.427944683092,4576,M87,0.4943288564682,227103,AP-N203-F102,0.088703997433186,0.088703997433186,157.86860656738,274.85000610352
07-APR-2024,7.427944683092,4576,M87,0.4943288564682,227103,AP-N204-F102,0.088124133646488,0.088124133646488,148.97605895996,274.85000610352
07-APR-2024,7.5216946824104,4581,3C279,0.73073977231979,215103,AP-N201-F101,0.082967102527618,0.082967102527618,128.33935546875,274.64999389648
07-APR-2024,7.5216946824104,4581,3C279,0.73073977231979,215103,AP-N202-F101,0.082418374717236,0.082418374717236,121.22013092041,274.64999389648
07-APR-2024,7.5216946824104,4581,3C279,0.73073977231979,227103,AP-N203-F102,0.087175384163857,0.087175384163857,136.13552856445,274.64999389648
07-APR-2024,7.5216946824104,4581,3C279,0.73073977231979,227103,AP-N204-F102,0.08671335875988,0.08671335875988,127.97124481201,274.64999389648
07-APR-2024,7.5615557924347,4585,3C279,0.72135883569717,215103,AP-N201-F101,0.082967102527618,0.082967102527618,128.33935546875,274.64999389648
07-APR-2024,7.5615557924347,4585,3C279,0.72135883569717,215103,AP-N202-F101,0.082418374717236,0.082418374717236,121.22013092041,274.64999389648
07-APR-2024,7.5615557924347,4585,3C279,0.72135883569717,227103,AP-N203-F102,0.087175384163857,0.087175384163857,136.13552856445,274.64999389648
07-APR-2024,7.5615557924347,4585,3C279,0.72135883569717,227103,AP-N204-F102,0.08671335875988,0.08671335875988,127.97124481201,274.64999389648
07-APR-2024,7.8951737669529,4593,J1407+2827,0.50111681222916,215103,AP-N201-F101,0.083181783556938,0.083181783556938,148.13064575195,274.14999389648
07-APR-2024,7.8951737669529,4593,J1407+2827,0.50111681222916,215103,AP-N202-F101,0.082798942923546,0.082798942923546,139.95140075684,274.14999389648
07-APR-2024,7.8951737669529,4593,J1407+2827,0.50111681222916,227103,AP-N203-F102,0.087507300078869,0.087507300078869,157.74160766602,274.14999389648
07-APR-2024,7.8951737669529,4593,J1407+2827,0.50111681222916,227103,AP-N204-F102,0.087333619594574,0.087333619594574,148.29011535645,274.14999389648
07-APR-2024,7.9197570957675,4597,J1407+2827,0.49770757555962,215103,AP-N201-F101,0.083181783556938,0.083181783556938,148.13064575195,274.14999389648
07-APR-2024,7.9197570957675,4597,J1407+2827,0.49770757555962,215103,AP-N202-F101,0.082798942923546,0.082798942923546,139.95140075684,274.14999389648
07-APR-2024,7.9197570957675,4597,J1407+2827,0.49770757555962,227103,AP-N203-F102,0.087507300078869,0.087507300078869,157.74160766602,274.14999389648
07-APR-2024,7.9197570957675,4597,J1407+2827,0.49770757555962,227103,AP-N204-F102,0.087333619594574,0.087333619594574,148.29011535645,274.14999389648
07-APR-2024,8.0443404266141,4602,J1504+1029,0.8715648651123,215103,AP-N201-F101,0.080583356320858,0.080583356320858,121.9513168335,274.04998779297
07-APR-2024,8.0443404266141,4602,J1504+1029,0.8715648651123,215103,AP-N202-F101,0.080158114433289,0.080158114433289,114.18463897705,274.04998779297
07-APR-2024,8.0443404266141,4602,J1504+1029,0.8715648651123,227103,AP-N203-F102,0.083965234458447,0.083965234458447,129.0203704834,274.04998779297
07-APR-2024,8.0443404266141,4602,J1504+1029,0.8715648651123,227103,AP-N204-F102,0.083861887454987,0.083861887454987,120.34332275391,274.04998779297
07-APR-2024,8.0736459846489,4606,J1504+1029,0.86737614870071,215103,AP-N201-F101,0.080583356320858,0.080583356320858,121.9513168335,274.04998779297
07-APR-2024,8.0736459846489,4606,J1504+1029,0.86737614870071,215103,AP-N202-F101,0.080158114433289,0.080158114433289,114.18463897705,274.04998779297
07-APR-2024,8.0736459846489,4606,J1504+1029,0.86737614870071,227103,AP-N203-F102,0.083965234458447,0.083965234458447,129.0203704834,274.04998779297
07-APR-2024,8.0736459846489,4606,J1504+1029,0.86737614870071,227103,AP-N204-F102,0.083861887454987,0.083861887454987,120.34332275391,274.04998779297
07-APR-2024,8.2279515410764,4611,J1755+1820,0.79002583026886,215103,AP-N201-F101,0.080306753516197,0.080306753516197,125.02234649658,273.75
07-APR-2024,8.2279515410764,4611,J1755+1820,0.79002583026886,215103,AP-N202-F101,0.079615160822868,0.079615160822868,117.08678436279,273.75
07-APR-2024,8.2279515410764,4611,J1755+1820,0.79002583026886,227103,AP-N203-F102,0.084124945104122,0.084124945104122,132.35913085938,273.75
07-APR-2024,8.2279515410764,4611,J1755+1820,0.79002583026886,227103,AP-N204-F102,0.083888486027718,0.083888486027718,123.58139801025,273.75
07-APR-2024,8.2533682062055,4615,J1755+1820,0.79249280691147,215103,AP-N201-F101,0.080306753516197,0.080306753516197,125.02234649658,273.75
07-APR-2024,8.2533682062055,4615,J1755+1820,0.79249280691147,215103,AP-N202-F101,0.079615160822868,0.079615160822868,117.08678436279,273.75
07-APR-2024,8.2533682062055,4615,J1755+1820,0.79249280691147,227103,AP-N203-F102,0.084124945104122,0.084124945104122,132.35913085938,273.75
07-APR-2024,8.2533682062055,4615,J1755+1820,0.79249280691147,227103,AP-N204-F102,0.083888486027718,0.083888486027718,123.58139801025,273.75
07-APR-2024,8.3773959827688,4620,J1743-0350,1.1771074533463,215103,AP-N201-F101,0.07414199411869,0.07414199411869,112.7544708252,273.54998779297
07-APR-2024,8.3773959827688,4620,J1743-0350,1.1771074533463,215103,AP-N202-F101,0.073715016245842,0.073715016245842,105.19969177246,273.54998779297
07-APR-2024,8.3773959827688,4620,J1743-0350,1.1771074533463,227103,AP-N203-F102,0.076549082994461,0.076549082994461,118.81691741943,273.54998779297
07-APR-2024,8.3773959827688,4620,J1743-0350,1.1771074533463,227103,AP-N204-F102,0.076462872326374,0.076462872326374,110.44313812256,273.54998779297
07-APR-2024,8.4067015402797,4624,J1743-0350,1.1809779405594,215103,AP-N201-F101,0.07414199411869,0.07414199411869,112.7544708252,273.54998779297
07-APR-2024,8.4067015402797,4624,J1743-0350,1.1809779405594,215103,AP-N202-F101,0.073715016245842,0.073715016245842,105.19969177246,273.54998779297
07-APR-2024,8.4067015402797,4624,J1743-0350,1.1809779405594,227103,AP-N203-F102,0.076549082994461,0.076549082994461,118.81691741943,273.54998779297
07-APR-2024,8.4067015402797,4624,J1743-0350,1.1809779405594,227103,AP-N204-F102,0.076462872326374,0.076462872326374,110.44313812256,273.54998779297
07-APR-2024,8.5976445318652,4632,M87,0.23720155656338,215103,AP-N201-F101,0.078888311982155,0.078888311982155,217.21990966797,273.25
07-APR-2024,8.5976445318652,4632,M87,0.23720155656338,215103,AP-N202-F101,0.078627549111843,0.078627549111843,207.08494567871,273.25
07-APR-2024,8.5976445318652,4632,M87,0.23720155656338,227103,AP-N203-F102,0.083467096090317,0.083467096090317,233.30380249023,273.25
07-APR-2024,8.5976445318652,4632,M87,0.23720155656338,227103,AP-N204-F102,0.08338189125061,0.08338189125061,221.7875213623,273.25
07-APR-2024,8.6288945321618,4636,M87,0.23009440302849,215103,AP-N201-F101,0.078888311982155,0.078888311982155,217.21990966797,273.25
07-APR-2024,8.6288945321618,4636,M87,0.23009440302849,215103,AP-N202-F101,0.078627549111843,0.078627549111843,207.08494567871,273.25
07-APR-2024,8.6288945321618,4636,M87,0.23009440302849,227103,AP-N203-F102,0.083467096090317,0.083467096090317,233.30380249023,273.25
07-APR-2024,8.6288945321618,4636,M87,0.23009440302849,227103,AP-N204-F102,0.08338189125061,0.08338189125061,221.7875213623,273.25
07-APR-2024,8.7043111975212,4641,3C279,0.44854494929314,215103,AP-N201-F101,0.077552460134029,0.077552460134029,150.06665039062,273.25
07-APR-2024,8.7043111975212,4641,3C279,0.44854494929314,215103,AP-N202-F101,0.076927378773689,0.076927378773689,141.44847106934,273.25
07-APR-2024,8.7043111975212,4641,3C279,0.44854494929314,227103,AP-N203-F102,0.081599734723568,0.081599734723568,159.58067321777,273.25
07-APR-2024,8.7043111975212,4641,3C279,0.44854494929314,227103,AP-N204-F102,0.081326603889465,0.081326603889465,149.94357299805,273.25
07-APR-2024,8.7441723075454,4645,3C279,0.43894201517105,215103,AP-N201-F101,0.077552460134029,0.077552460134029,150.06665039062,273.25
07-APR-2024,8.7441723075454,4645,3C279,0.43894201517105,215103,AP-N202-F101,0.076927378773689,0.076927378773689,141.44847106934,273.25
07-APR-2024,8.7441723075454,4645,3C279,0.43894201517105,227103,AP-N203-F102,0.081599734723568,0.081599734723568,159.58067321777,273.25
07-APR-2024,8.7441723075454,4645,3C279,0.43894201517105,227103,AP-N204-F102,0.081326603889465,0.081326603889465,149.94357299805,273.25
07-APR-2024,8.9115334205402,4650,J2025-0735,0.77506011724472,215103,AP-N201-F101,0.07583274692297,0.07583274692297,123.13671112061,273.14999389648
07-APR-2024,8.9115334205402,4650,J2025-0735,0.77506011724472,215103,AP-N202-F101,0.075412429869175,0.075412429869175,115.31642150879,273.14999389648
07-APR-2024,8.9115334205402,4650,J2025-0735,0.77506011724472,227103,AP-N203-F102,0.07946752756834,0.07946752756834,130.17095947266,273.14999389648
07-APR-2024,8.9115334205402,4650,J2025-0735,0.77506011724472,227103,AP-N204-F102,0.078919053077698,0.078919053077698,121.51986694336,273.14999389648
07-APR-2024,8.9359778640146,4654,J2025-0735,0.78082364797592,215103,AP-N201-F101,0.07583274692297,0.07583274692297,123.13671112061,273.14999389648
07-APR-2024,8.9359778640146,4654,J2025-0735,0.78082364797592,215103,AP-N202-F101,0.075412429869175,0.075412429869175,115.31642150879,273.14999389648
07-APR-2024,8.9359778640146,4654,J2025-0735,0.78082364797592,227103,AP-N203-F102,0.07946752756834,0.07946752756834,130.17095947266,273.14999389648
07-APR-2024,8.9359778640146,4654,J2025-0735,0.78082364797592,227103,AP-N204-F102,0.078919053077698,0.078919053077698,121.51986694336,273.14999389648
07-APR-2024,9.0445889729802,4659,M87,0.1347064524889,215103,AP-N201-F101,0.076166339218616,0.076166339218616,330.57110595703,273.54998779297
07-APR-2024,9.0445889729802,4659,M87,0.1347064524889,215103,AP-N202-F101,0.075913690030575,0.075913690030575,317.11325073242,273.54998779297
07-APR-2024,9.0445889729802,4659,M87,0.1347064524889,227103,AP-N203-F102,0.08079519867897,0.08079519867897,358.5237121582,273.54998779297
07-APR-2024,9.0445889729802,4659,M87,0.1347064524889,227103,AP-N204-F102,0.080651268362999,0.080651268362999,343.51223754883,273.54998779297
07-APR-2024,9.0777834174596,4663,M87,0.12702594697475,215103,AP-N201-F101,0.076166339218616,0.076166339218616,330.57110595703,273.54998779297
07-APR-2024,9.0777834174596,4663,M87,0.12702594697475,215103,AP-N202-F101,0.075913690030575,0.075913690030575,317.11325073242,273.54998779297
07-APR-2024,9.0777834174596,4663,M87,0.12702594697475,227103,AP-N203-F102,0.08079519867897,0.08079519867897,358.5237121582,273.54998779297
07-APR-2024,9.0777834174596,4663,M87,0.12702594697475,227103,AP-N204-F102,0.080651268362999,0.080651268362999,343.51223754883,273.54998779297
07-APR-2024,9.2943859136229,4670,J1924-2914,1.1833184957504,215103,AP-N201-F101,0.070653915405273,0.070653915405273,111.29123687744,273.25
07-APR-2024,9.2943859136229,4670,J1924-2914,1.1833184957504,215103,AP-N202-F101,0.070872195065022,0.070872195065022,103.70462799072,273.25
07-APR-2024,9.2943859136229,4670,J1924-2914,1.1833184957504,227103,AP-N203-F102,0.073002725839615,0.073002725839615,117.14585876465,273.25
07-APR-2024,9.2943859136229,4670,J1924-2914,1.1833184957504,227103,AP-N204-F102,0.073359318077564,0.073359318077564,108.95811462402,273.25
07-APR-2024,9.3239692484501,4674,J1924-2914,1.1899770498276,215103,AP-N201-F101,0.070653915405273,0.070653915405273,111.29123687744,273.25
07-APR-2024,9.3239692484501,4674,J1924-2914,1.1899770498276,215103,AP-N202-F101,0.070872195065022,0.070872195065022,103.70462799072,273.25
07-APR-2024,9.3239692484501,4674,J1924-2914,1.1899770498276,227103,AP-N203-F102,0.073002725839615,0.073002725839615,117.14585876465,273.25
07-APR-2024,9.3239692484501,4674,J1924-2914,1.1899770498276,227103,AP-N204-F102,0.073359318077564,0.073359318077564,108.95811462402,273.25
07-APR-2024,9.4613303566269,4679,J2129-1538,0.70330935716629,215103,AP-N201-F101,0.0758006721735,0.0758006721735,126.68379211426,273.75
07-APR-2024,9.4613303566269,4679,J2129-1538,0.70330935716629,215103,AP-N202-F101,0.075139082968235,0.075139082968235,118.74575042725,273.75
07-APR-2024,9.4613303566269,4679,J2129-1538,0.70330935716629,227103,AP-N203-F102,0.079179294407368,0.079179294407368,134.0506439209,273.75
07-APR-2024,9.4613303566269,4679,J2129-1538,0.70330935716629,227103,AP-N204-F102,0.07885005325079,0.07885005325079,125.21769714355,273.75
07-APR-2024,9.4866081371142,4683,J2129-1538,0.7094162106514,215103,AP-N201-F101,0.0758006721735,0.0758006721735,126.68379211426,273.75
07-APR-2024,9.4866081371142,4683,J2129-1538,0.7094162106514,215103,AP-N202-F101,0.075139082968235,0.075139082968235,118.74575042725,273.75
07-APR-2024,9.4866081371142,4683,J2129-1538,0.7094162106514,227103,AP-N203-F102,0.079179294407368,0.079179294407368,134.0506439209,273.75
07-APR-2024,9.4866081371142,4683,J2129-1538,0.7094162106514,227103,AP-N204-F102,0.07885005325079,0.07885005325079,125.21769714355,273.75
07-APR-2024,9.7771440227461,4693,J2131-1207,0.75030952692032,215103,AP-N201-F101,0.073835998773575,0.073835998773575,123.14643096924,273.75
07-APR-2024,9.7771440227461,4693,J2131-1207,0.75030952692032,215103,AP-N202-F101,0.072938956320286,0.072938956320286,115.34214019775,273.75
07-APR-2024,9.7771440227461,4693,J2131-1207,0.75030952692032,227103,AP-N203-F102,0.077198252081871,0.077198252081871,130.09114074707,273.75
07-APR-2024,9.7771440227461,4693,J2131-1207,0.75030952692032,227103,AP-N204-F102,0.076752468943596,0.076752468943596,121.52582550049,273.75
07-APR-2024,9.8117273545055,4697,J2131-1207,0.75863283872604,215103,AP-N201-F101,0.073835998773575,0.073835998773575,123.14643096924,273.75
07-APR-2024,9.8117273545055,4697,J2131-1207,0.75863283872604,215103,AP-N202-F101,0.072938956320286,0.072938956320286,115.34214019775,273.75
07-APR-2024,9.8117273545055,4697,J2131-1207,0.75863283872604,227103,AP-N203-F102,0.077198252081871,0.077198252081871,130.09114074707,273.75
07-APR-2024,9.8117273545055,4697,J2131-1207,0.75863283872604,227103,AP-N204-F102,0.076752468943596,0.076752468943596,121.52582550049,273.75
07-APR-2024,9.9439495758697,4702,J1939-1525,1.2514090538025,215103,AP-N201-F101,0.069022007286549,0.069022007286549,110.03026580811,273.95001220703
07-APR-2024,9.9439495758697,4702,J1939-1525,1.2514090538025,215103,AP-N202-F101,0.06887137144804,0.06887137144804,102.55647277832,273.95001220703
07-APR-2024,9.9439495758697,4702,J1939-1525,1.2514090538025,227103,AP-N203-F102,0.071242108941078,0.071242108941078,115.73156738281,273.95001220703
07-APR-2024,9.9439495758697,4702,J1939-1525,1.2514090538025,227103,AP-N204-F102,0.071297012269497,0.071297012269497,107.60928344727,273.95001220703
07-APR-2024,9.9697829088941,4706,J1939-1525,1.2572050094604,215103,AP-N201-F101,0.069022007286549,0.069022007286549,110.03026580811,273.95001220703
07-APR-2024,9.9697829088941,4706,J1939-1525,1.2572050094604,215103,AP-N202-F101,0.06887137144804,0.06887137144804,102.55647277832,273.95001220703
07-APR-2024,9.9697829088941,4706,J1939-1525,1.2572050094604,227103,AP-N203-F102,0.071242108941078,0.071242108941078,115.73156738281,273.95001220703
07-APR-2024,9.9697829088941,4706,J1939-1525,1.2572050094604,227103,AP-N204-F102,0.071297012269497,0.071297012269497,107.60928344727,273.95001220703
